ASSET_ID,RELATIVE_PATH,PRIMARY_CATEGORY,PRODUCT_SURFACES,CONTENT_OBJECT_CANDIDATES,SOURCE_STATUS
HFM-A000001,.DS_Store,20 其他待判定资料,"SEARCH,RESEARCH",DOCUMENT|SOURCE_RECORD,NEEDS_REVIEW
HFM-A000002,皇甫谧/.DS_Store,01 皇甫谧人物资料,"PERSON,SEARCH",PERSON|TIMELINE_ENTRY|SOURCE_RECORD,NEEDS_REVIEW
HFM-A000003,皇甫谧/其传/其传.docx,01 皇甫谧人物资料,"PERSON,SEARCH",PERSON|TIMELINE_ENTRY|SOURCE_RECORD,NEEDS_REVIEW
HFM-A000004,皇甫谧/其言/其言.docx,01 皇甫谧人物资料,"PERSON,SEARCH",PERSON|TIMELINE_ENTRY|SOURCE_RECORD,NEEDS_REVIEW
HFM-A000005,皇甫谧/后论/后论.docx,01 皇甫谧人物资料,"PERSON,SEARCH",PERSON|TIMELINE_ENTRY|SOURCE_RECORD,NEEDS_REVIEW
HFM-A000006,皇甫谧/皇甫谧电影/.videothumbnail.db,01 皇甫谧人物资料,"PERSON,SEARCH",PERSON|TIMELINE_ENTRY|SOURCE_RECORD,NEEDS_REVIEW
HFM-A000007,皇甫谧/皇甫谧电影/《针灸鼻祖皇甫谧》第1集 大器晚成.mpg,01 皇甫谧人物资料,"PERSON,SEARCH",PERSON|TIMELINE_ENTRY|SOURCE_RECORD,NEEDS_REVIEW
HFM-A000008,皇甫谧/皇甫谧电影/皇甫谧一.mpg,01 皇甫谧人物资料,"PERSON,SEARCH",PERSON|TIMELINE_ENTRY|SOURCE_RECORD,NEEDS_REVIEW
HFM-A000009,皇甫谧画像.jpeg,01 皇甫谧人物资料,"PERSON,SEARCH",PERSON|TIMELINE_ENTRY|SOURCE_RECORD,NEEDS_REVIEW
HFM-A000010,针灸甲乙经/.DS_Store,04 针灸甲乙经,"JIAYI,SEARCH,RESEARCH",WORK|BOOK|BOOK_EDITION|BOOK_PAGE|PAPER|SOURCE_RECORD|ACUPUNCTURE_CONCEPT|ACUPOINT|MERIDIAN|DISEASE|TREATMENT,NEEDS_REVIEW
HFM-A000011,针灸甲乙经/版本及各版本之间脉络联系/.DS_Store,04 针灸甲乙经,"JIAYI,SEARCH,RESEARCH",WORK|BOOK|BOOK_EDITION|BOOK_PAGE|PAPER|SOURCE_RECORD|ACUPUNCTURE_CONCEPT|ACUPOINT|MERIDIAN|DISEASE|TREATMENT,NEEDS_REVIEW
HFM-A000012,针灸甲乙经/版本及各版本之间脉络联系/传世版本源流脉络图.png,04 针灸甲乙经,"JIAYI,SEARCH,RESEARCH",WORK|BOOK|BOOK_EDITION|BOOK_PAGE|PAPER|SOURCE_RECORD|ACUPUNCTURE_CONCEPT|ACUPOINT|MERIDIAN|DISEASE|TREATMENT,NEEDS_REVIEW
HFM-A000013,针灸甲乙经/论文/针灸甲乙经/1-《针灸甲乙经》的读法.pdf,04 针灸甲乙经,"JIAYI,SEARCH,RESEARCH",WORK|BOOK|BOOK_EDITION|BOOK_PAGE|PAPER|SOURCE_RECORD|ACUPUNCTURE_CONCEPT|ACUPOINT|MERIDIAN|DISEASE|TREATMENT,NEEDS_REVIEW
HFM-A000014,针灸甲乙经/论文/针灸甲乙经/10-《针灸甲乙经》论治不孕症探析.pdf,04 针灸甲乙经,"JIAYI,SEARCH,RESEARCH",WORK|BOOK|BOOK_EDITION|BOOK_PAGE|PAPER|SOURCE_RECORD|ACUPUNCTURE_CONCEPT|ACUPOINT|MERIDIAN|DISEASE|TREATMENT,NEEDS_REVIEW
HFM-A000015,针灸甲乙经/论文/针灸甲乙经/100-《针灸甲乙经》中胸胁满痛的治疗特色探赜.pdf,04 针灸甲乙经,"JIAYI,SEARCH,RESEARCH",WORK|BOOK|BOOK_EDITION|BOOK_PAGE|PAPER|SOURCE_RECORD|ACUPUNCTURE_CONCEPT|ACUPOINT|MERIDIAN|DISEASE|TREATMENT,NEEDS_REVIEW
HFM-A000016,针灸甲乙经/论文/针灸甲乙经/101-《针灸甲乙经》诊治目病的学术特色探析.pdf,04 针灸甲乙经,"JIAYI,SEARCH,RESEARCH",WORK|BOOK|BOOK_EDITION|BOOK_PAGE|PAPER|SOURCE_RECORD|ACUPUNCTURE_CONCEPT|ACUPOINT|MERIDIAN|DISEASE|TREATMENT,NEEDS_REVIEW
HFM-A000017,针灸甲乙经/论文/针灸甲乙经/102-《针灸甲乙经》治疗耳鸣耳聋的特点分析.pdf,04 针灸甲乙经,"JIAYI,SEARCH,RESEARCH",WORK|BOOK|BOOK_EDITION|BOOK_PAGE|PAPER|SOURCE_RECORD|ACUPUNCTURE_CONCEPT|ACUPOINT|MERIDIAN|DISEASE|TREATMENT,NEEDS_REVIEW
HFM-A000018,针灸甲乙经/论文/针灸甲乙经/104-《针灸甲乙经》学术思想及针灸治疗癫痫的探究.pdf,04 针灸甲乙经,"JIAYI,SEARCH,RESEARCH",WORK|BOOK|BOOK_EDITION|BOOK_PAGE|PAPER|SOURCE_RECORD|ACUPUNCTURE_CONCEPT|ACUPOINT|MERIDIAN|DISEASE|TREATMENT,NEEDS_REVIEW
HFM-A000019,针灸甲乙经/论文/针灸甲乙经/106-浅析《针灸甲乙经》对背俞穴的认识与应用.pdf,04 针灸甲乙经,"JIAYI,SEARCH,RESEARCH",WORK|BOOK|BOOK_EDITION|BOOK_PAGE|PAPER|SOURCE_RECORD|ACUPUNCTURE_CONCEPT|ACUPOINT|MERIDIAN|DISEASE|TREATMENT,NEEDS_REVIEW
HFM-A000020,针灸甲乙经/论文/针灸甲乙经/107-《针灸甲乙经》刺络疗法操作方法特点初探.pdf,04 针灸甲乙经,"JIAYI,SEARCH,RESEARCH",WORK|BOOK|BOOK_EDITION|BOOK_PAGE|PAPER|SOURCE_RECORD|ACUPUNCTURE_CONCEPT|ACUPOINT|MERIDIAN|DISEASE|TREATMENT,NEEDS_REVIEW
HFM-A000021,针灸甲乙经/论文/针灸甲乙经/108-探索《针灸甲乙经》中针灸治疗狂证的经络运用规律.pdf,04 针灸甲乙经,"JIAYI,SEARCH,RESEARCH",WORK|BOOK|BOOK_EDITION|BOOK_PAGE|PAPER|SOURCE_RECORD|ACUPUNCTURE_CONCEPT|ACUPOINT|MERIDIAN|DISEASE|TREATMENT,NEEDS_REVIEW
HFM-A000022,针灸甲乙经/论文/针灸甲乙经/109-《针灸大成》对《针灸甲乙经》针刺理论的继承与发展.pdf,04 针灸甲乙经,"JIAYI,SEARCH,RESEARCH",WORK|BOOK|BOOK_EDITION|BOOK_PAGE|PAPER|SOURCE_RECORD|ACUPUNCTURE_CONCEPT|ACUPOINT|MERIDIAN|DISEASE|TREATMENT,NEEDS_REVIEW
HFM-A000023,针灸甲乙经/论文/针灸甲乙经/11-《针灸甲乙经》处方配穴特点分析.pdf,04 针灸甲乙经,"JIAYI,SEARCH,RESEARCH",WORK|BOOK|BOOK_EDITION|BOOK_PAGE|PAPER|SOURCE_RECORD|ACUPUNCTURE_CONCEPT|ACUPOINT|MERIDIAN|DISEASE|TREATMENT,NEEDS_REVIEW
HFM-A000024,针灸甲乙经/论文/针灸甲乙经/111-探讨《针灸甲乙经》对针刺治疗精神疾病的认识及论治.pdf,04 针灸甲乙经,"JIAYI,SEARCH,RESEARCH",WORK|BOOK|BOOK_EDITION|BOOK_PAGE|PAPER|SOURCE_RECORD|ACUPUNCTURE_CONCEPT|ACUPOINT|MERIDIAN|DISEASE|TREATMENT,NEEDS_REVIEW
HFM-A000025,针灸甲乙经/论文/针灸甲乙经/113-浅述《针灸甲乙经》腧穴刺灸学成就.pdf,04 针灸甲乙经,"JIAYI,SEARCH,RESEARCH",WORK|BOOK|BOOK_EDITION|BOOK_PAGE|PAPER|SOURCE_RECORD|ACUPUNCTURE_CONCEPT|ACUPOINT|MERIDIAN|DISEASE|TREATMENT,NEEDS_REVIEW
HFM-A000026,针灸甲乙经/论文/针灸甲乙经/116-探索《针灸甲乙经》中针灸治疗癫证的特定穴运用规律.pdf,04 针灸甲乙经,"JIAYI,SEARCH,RESEARCH",WORK|BOOK|BOOK_EDITION|BOOK_PAGE|PAPER|SOURCE_RECORD|ACUPUNCTURE_CONCEPT|ACUPOINT|MERIDIAN|DISEASE|TREATMENT,NEEDS_REVIEW
HFM-A000027,针灸甲乙经/论文/针灸甲乙经/12-基于《针灸甲乙经》探讨上巨虚的临床作用.pdf,04 针灸甲乙经,"JIAYI,SEARCH,RESEARCH",WORK|BOOK|BOOK_EDITION|BOOK_PAGE|PAPER|SOURCE_RECORD|ACUPUNCTURE_CONCEPT|ACUPOINT|MERIDIAN|DISEASE|TREATMENT,NEEDS_REVIEW
HFM-A000028,针灸甲乙经/论文/针灸甲乙经/120-基于数据挖掘《针灸甲乙经》针刺处方及其腧穴配伍规律的研究.pdf,04 针灸甲乙经,"JIAYI,SEARCH,RESEARCH",WORK|BOOK|BOOK_EDITION|BOOK_PAGE|PAPER|SOURCE_RECORD|ACUPUNCTURE_CONCEPT|ACUPOINT|MERIDIAN|DISEASE|TREATMENT,NEEDS_REVIEW
HFM-A000029,针灸甲乙经/论文/针灸甲乙经/121-探索《针灸甲乙经》中针灸治疗小儿痫证的经络运用规律.pdf,04 针灸甲乙经,"JIAYI,SEARCH,RESEARCH",WORK|BOOK|BOOK_EDITION|BOOK_PAGE|PAPER|SOURCE_RECORD|ACUPUNCTURE_CONCEPT|ACUPOINT|MERIDIAN|DISEASE|TREATMENT,NEEDS_REVIEW
HFM-A000030,针灸甲乙经/论文/针灸甲乙经/125-吴春平教授运用《针灸甲乙经》中针刺处方治疗心系疾病经验.pdf,04 针灸甲乙经,"JIAYI,SEARCH,RESEARCH",WORK|BOOK|BOOK_EDITION|BOOK_PAGE|PAPER|SOURCE_RECORD|ACUPUNCTURE_CONCEPT|ACUPOINT|MERIDIAN|DISEASE|TREATMENT,NEEDS_REVIEW
HFM-A000031,针灸甲乙经/论文/针灸甲乙经/129-探索《针灸甲乙经》中针灸治疗小儿痫证的特定穴运用规律.pdf,04 针灸甲乙经,"JIAYI,SEARCH,RESEARCH",WORK|BOOK|BOOK_EDITION|BOOK_PAGE|PAPER|SOURCE_RECORD|ACUPUNCTURE_CONCEPT|ACUPOINT|MERIDIAN|DISEASE|TREATMENT,NEEDS_REVIEW
HFM-A000032,针灸甲乙经/论文/针灸甲乙经/13-《针灸甲乙经》治疗失音的理论分析.pdf,04 针灸甲乙经,"JIAYI,SEARCH,RESEARCH",WORK|BOOK|BOOK_EDITION|BOOK_PAGE|PAPER|SOURCE_RECORD|ACUPUNCTURE_CONCEPT|ACUPOINT|MERIDIAN|DISEASE|TREATMENT,NEEDS_REVIEW
HFM-A000033,针灸甲乙经/论文/针灸甲乙经/130-《黄帝内经》和《针灸甲乙经》中安全针刺操作要素的初步研究.pdf,04 针灸甲乙经,"JIAYI,SEARCH,RESEARCH",WORK|BOOK|BOOK_EDITION|BOOK_PAGE|PAPER|SOURCE_RECORD|ACUPUNCTURE_CONCEPT|ACUPOINT|MERIDIAN|DISEASE|TREATMENT,NEEDS_REVIEW
HFM-A000034,针灸甲乙经/论文/针灸甲乙经/135-皇甫宏著承先启后——晋朝高秀皇甫谧及其《针灸甲乙经》.pdf,04 针灸甲乙经,"JIAYI,SEARCH,RESEARCH",WORK|BOOK|BOOK_EDITION|BOOK_PAGE|PAPER|SOURCE_RECORD|ACUPUNCTURE_CONCEPT|ACUPOINT|MERIDIAN|DISEASE|TREATMENT,NEEDS_REVIEW
HFM-A000035,针灸甲乙经/论文/针灸甲乙经/14-《针灸甲乙经》语词杂释.pdf,04 针灸甲乙经,"JIAYI,SEARCH,RESEARCH",WORK|BOOK|BOOK_EDITION|BOOK_PAGE|PAPER|SOURCE_RECORD|ACUPUNCTURE_CONCEPT|ACUPOINT|MERIDIAN|DISEASE|TREATMENT,NEEDS_REVIEW
HFM-A000036,针灸甲乙经/论文/针灸甲乙经/148-白浊的出处是《针灸甲乙经》.pdf,04 针灸甲乙经,"JIAYI,SEARCH,RESEARCH",WORK|BOOK|BOOK_EDITION|BOOK_PAGE|PAPER|SOURCE_RECORD|ACUPUNCTURE_CONCEPT|ACUPOINT|MERIDIAN|DISEASE|TREATMENT,NEEDS_REVIEW
HFM-A000037,针灸甲乙经/论文/针灸甲乙经/15-《针灸甲乙经》便秘治疗的源流探析.pdf,04 针灸甲乙经,"JIAYI,SEARCH,RESEARCH",WORK|BOOK|BOOK_EDITION|BOOK_PAGE|PAPER|SOURCE_RECORD|ACUPUNCTURE_CONCEPT|ACUPOINT|MERIDIAN|DISEASE|TREATMENT,NEEDS_REVIEW
HFM-A000038,针灸甲乙经/论文/针灸甲乙经/150《针灸甲乙经》_脉动(病)发_理论在眼科疾病治疗中的应用探析.pdf,04 针灸甲乙经,"JIAYI,SEARCH,RESEARCH",WORK|BOOK|BOOK_EDITION|BOOK_PAGE|PAPER|SOURCE_RECORD|ACUPUNCTURE_CONCEPT|ACUPOINT|MERIDIAN|DISEASE|TREATMENT,NEEDS_REVIEW
HFM-A000039,针灸甲乙经/论文/针灸甲乙经/155-《针灸甲乙经》对《内经》针刺_治神_思想的阐发及后世医家传承浅析.pdf,04 针灸甲乙经,"JIAYI,SEARCH,RESEARCH",WORK|BOOK|BOOK_EDITION|BOOK_PAGE|PAPER|SOURCE_RECORD|ACUPUNCTURE_CONCEPT|ACUPOINT|MERIDIAN|DISEASE|TREATMENT,NEEDS_REVIEW
HFM-A000040,针灸甲乙经/论文/针灸甲乙经/156-《针灸甲乙经》配穴特点分析.pdf,04 针灸甲乙经,"JIAYI,SEARCH,RESEARCH",WORK|BOOK|BOOK_EDITION|BOOK_PAGE|PAPER|SOURCE_RECORD|ACUPUNCTURE_CONCEPT|ACUPOINT|MERIDIAN|DISEASE|TREATMENT,NEEDS_REVIEW
HFM-A000041,针灸甲乙经/论文/针灸甲乙经/159-《针灸甲乙经》数字化整理研究初探.pdf,04 针灸甲乙经,"JIAYI,SEARCH,RESEARCH",WORK|BOOK|BOOK_EDITION|BOOK_PAGE|PAPER|SOURCE_RECORD|ACUPUNCTURE_CONCEPT|ACUPOINT|MERIDIAN|DISEASE|TREATMENT,NEEDS_REVIEW
HFM-A000042,针灸甲乙经/论文/针灸甲乙经/16-《针灸甲乙经》经典理论的现代价值探析.pdf,04 针灸甲乙经,"JIAYI,SEARCH,RESEARCH",WORK|BOOK|BOOK_EDITION|BOOK_PAGE|PAPER|SOURCE_RECORD|ACUPUNCTURE_CONCEPT|ACUPOINT|MERIDIAN|DISEASE|TREATMENT,NEEDS_REVIEW
HFM-A000043,针灸甲乙经/论文/针灸甲乙经/164-《针灸甲乙经》中针灸处方的概念.pdf,04 针灸甲乙经,"JIAYI,SEARCH,RESEARCH",WORK|BOOK|BOOK_EDITION|BOOK_PAGE|PAPER|SOURCE_RECORD|ACUPUNCTURE_CONCEPT|ACUPOINT|MERIDIAN|DISEASE|TREATMENT,NEEDS_REVIEW
HFM-A000044,针灸甲乙经/论文/针灸甲乙经/165-皇甫谧与《针灸甲乙经》.pdf,04 针灸甲乙经,"JIAYI,SEARCH,RESEARCH",WORK|BOOK|BOOK_EDITION|BOOK_PAGE|PAPER|SOURCE_RECORD|ACUPUNCTURE_CONCEPT|ACUPOINT|MERIDIAN|DISEASE|TREATMENT,NEEDS_REVIEW
HFM-A000045,针灸甲乙经/论文/针灸甲乙经/167-世界最早的针灸专著《针灸甲乙经》.pdf,04 针灸甲乙经,"JIAYI,SEARCH,RESEARCH",WORK|BOOK|BOOK_EDITION|BOOK_PAGE|PAPER|SOURCE_RECORD|ACUPUNCTURE_CONCEPT|ACUPOINT|MERIDIAN|DISEASE|TREATMENT,NEEDS_REVIEW
HFM-A000046,针灸甲乙经/论文/针灸甲乙经/17-论《针灸甲乙经》对脉诊的贡献.pdf,04 针灸甲乙经,"JIAYI,SEARCH,RESEARCH",WORK|BOOK|BOOK_EDITION|BOOK_PAGE|PAPER|SOURCE_RECORD|ACUPUNCTURE_CONCEPT|ACUPOINT|MERIDIAN|DISEASE|TREATMENT,NEEDS_REVIEW
HFM-A000047,针灸甲乙经/论文/针灸甲乙经/173-《针灸甲乙经》数字化整理研究初探.pdf,04 针灸甲乙经,"JIAYI,SEARCH,RESEARCH",WORK|BOOK|BOOK_EDITION|BOOK_PAGE|PAPER|SOURCE_RECORD|ACUPUNCTURE_CONCEPT|ACUPOINT|MERIDIAN|DISEASE|TREATMENT,NEEDS_REVIEW
HFM-A000048,针灸甲乙经/论文/针灸甲乙经/176-《针灸甲乙经》中针灸处方的概念.pdf,04 针灸甲乙经,"JIAYI,SEARCH,RESEARCH",WORK|BOOK|BOOK_EDITION|BOOK_PAGE|PAPER|SOURCE_RECORD|ACUPUNCTURE_CONCEPT|ACUPOINT|MERIDIAN|DISEASE|TREATMENT,NEEDS_REVIEW
HFM-A000049,针灸甲乙经/论文/针灸甲乙经/178-世界最早的针灸专著《针灸甲乙经》.pdf,04 针灸甲乙经,"JIAYI,SEARCH,RESEARCH",WORK|BOOK|BOOK_EDITION|BOOK_PAGE|PAPER|SOURCE_RECORD|ACUPUNCTURE_CONCEPT|ACUPOINT|MERIDIAN|DISEASE|TREATMENT,NEEDS_REVIEW
HFM-A000050,针灸甲乙经/论文/针灸甲乙经/179-皇甫谧与《针灸甲乙经》.pdf,04 针灸甲乙经,"JIAYI,SEARCH,RESEARCH",WORK|BOOK|BOOK_EDITION|BOOK_PAGE|PAPER|SOURCE_RECORD|ACUPUNCTURE_CONCEPT|ACUPOINT|MERIDIAN|DISEASE|TREATMENT,NEEDS_REVIEW
HFM-A000051,针灸甲乙经/论文/针灸甲乙经/182-探索《针灸甲乙经》中针灸治疗癫证的经络运用规律.pdf,04 针灸甲乙经,"JIAYI,SEARCH,RESEARCH",WORK|BOOK|BOOK_EDITION|BOOK_PAGE|PAPER|SOURCE_RECORD|ACUPUNCTURE_CONCEPT|ACUPOINT|MERIDIAN|DISEASE|TREATMENT,NEEDS_REVIEW
HFM-A000052,针灸甲乙经/论文/针灸甲乙经/184-浅谈《针灸甲乙经》对于失眠的治疗特点.pdf,04 针灸甲乙经,"JIAYI,SEARCH,RESEARCH",WORK|BOOK|BOOK_EDITION|BOOK_PAGE|PAPER|SOURCE_RECORD|ACUPUNCTURE_CONCEPT|ACUPOINT|MERIDIAN|DISEASE|TREATMENT,NEEDS_REVIEW
HFM-A000053,针灸甲乙经/论文/针灸甲乙经/186-论《针灸甲乙经》以部列穴的临床价值.pdf,04 针灸甲乙经,"JIAYI,SEARCH,RESEARCH",WORK|BOOK|BOOK_EDITION|BOOK_PAGE|PAPER|SOURCE_RECORD|ACUPUNCTURE_CONCEPT|ACUPOINT|MERIDIAN|DISEASE|TREATMENT,NEEDS_REVIEW
HFM-A000054,针灸甲乙经/论文/针灸甲乙经/187-《针灸甲乙经校释》对皇甫谧自序中_其他_校改的商榷.pdf,04 针灸甲乙经,"JIAYI,SEARCH,RESEARCH",WORK|BOOK|BOOK_EDITION|BOOK_PAGE|PAPER|SOURCE_RECORD|ACUPUNCTURE_CONCEPT|ACUPOINT|MERIDIAN|DISEASE|TREATMENT,NEEDS_REVIEW
HFM-A000055,针灸甲乙经/论文/针灸甲乙经/19-《针灸甲乙经》神志病治疗思路浅析.pdf,04 针灸甲乙经,"JIAYI,SEARCH,RESEARCH",WORK|BOOK|BOOK_EDITION|BOOK_PAGE|PAPER|SOURCE_RECORD|ACUPUNCTURE_CONCEPT|ACUPOINT|MERIDIAN|DISEASE|TREATMENT,NEEDS_REVIEW
HFM-A000056,针灸甲乙经/论文/针灸甲乙经/190-《甲乙经》的组织结构与针灸学术意义.pdf,04 针灸甲乙经,"JIAYI,SEARCH,RESEARCH",WORK|BOOK|BOOK_EDITION|BOOK_PAGE|PAPER|SOURCE_RECORD|ACUPUNCTURE_CONCEPT|ACUPOINT|MERIDIAN|DISEASE|TREATMENT,NEEDS_REVIEW
HFM-A000057,针灸甲乙经/论文/针灸甲乙经/191-《针灸甲乙经》_上星穴方_学术思想探析.pdf,04 针灸甲乙经,"JIAYI,SEARCH,RESEARCH",WORK|BOOK|BOOK_EDITION|BOOK_PAGE|PAPER|SOURCE_RECORD|ACUPUNCTURE_CONCEPT|ACUPOINT|MERIDIAN|DISEASE|TREATMENT,NEEDS_REVIEW
HFM-A000058,针灸甲乙经/论文/针灸甲乙经/192-简析_针灸甲乙经_中的禁(慎)针禁(慎)灸腧穴.pdf,04 针灸甲乙经,"JIAYI,SEARCH,RESEARCH",WORK|BOOK|BOOK_EDITION|BOOK_PAGE|PAPER|SOURCE_RECORD|ACUPUNCTURE_CONCEPT|ACUPOINT|MERIDIAN|DISEASE|TREATMENT,NEEDS_REVIEW
HFM-A000059,针灸甲乙经/论文/针灸甲乙经/193-《针灸甲乙经》妇人杂病辨证论治规律的探析.pdf,04 针灸甲乙经,"JIAYI,SEARCH,RESEARCH",WORK|BOOK|BOOK_EDITION|BOOK_PAGE|PAPER|SOURCE_RECORD|ACUPUNCTURE_CONCEPT|ACUPOINT|MERIDIAN|DISEASE|TREATMENT,NEEDS_REVIEW
HFM-A000060,针灸甲乙经/论文/针灸甲乙经/194-《针灸甲乙经》中_上星穴方_浅析.pdf,04 针灸甲乙经,"JIAYI,SEARCH,RESEARCH",WORK|BOOK|BOOK_EDITION|BOOK_PAGE|PAPER|SOURCE_RECORD|ACUPUNCTURE_CONCEPT|ACUPOINT|MERIDIAN|DISEASE|TREATMENT,NEEDS_REVIEW
HFM-A000061,针灸甲乙经/论文/针灸甲乙经/195-《针灸甲乙经》中不孕治疗经验探析.pdf,04 针灸甲乙经,"JIAYI,SEARCH,RESEARCH",WORK|BOOK|BOOK_EDITION|BOOK_PAGE|PAPER|SOURCE_RECORD|ACUPUNCTURE_CONCEPT|ACUPOINT|MERIDIAN|DISEASE|TREATMENT,NEEDS_REVIEW
HFM-A000062,针灸甲乙经/论文/针灸甲乙经/196-《针灸甲乙经》中妇科疾病的取穴规律探析.pdf,04 针灸甲乙经,"JIAYI,SEARCH,RESEARCH",WORK|BOOK|BOOK_EDITION|BOOK_PAGE|PAPER|SOURCE_RECORD|ACUPUNCTURE_CONCEPT|ACUPOINT|MERIDIAN|DISEASE|TREATMENT,NEEDS_REVIEW
HFM-A000063,针灸甲乙经/论文/针灸甲乙经/197-《针灸甲乙经》痹证治疗浅析.pdf,04 针灸甲乙经,"JIAYI,SEARCH,RESEARCH",WORK|BOOK|BOOK_EDITION|BOOK_PAGE|PAPER|SOURCE_RECORD|ACUPUNCTURE_CONCEPT|ACUPOINT|MERIDIAN|DISEASE|TREATMENT,NEEDS_REVIEW
HFM-A000064,针灸甲乙经/论文/针灸甲乙经/2-《针灸甲乙经》的章法.pdf,04 针灸甲乙经,"JIAYI,SEARCH,RESEARCH",WORK|BOOK|BOOK_EDITION|BOOK_PAGE|PAPER|SOURCE_RECORD|ACUPUNCTURE_CONCEPT|ACUPOINT|MERIDIAN|DISEASE|TREATMENT,NEEDS_REVIEW
HFM-A000065,针灸甲乙经/论文/针灸甲乙经/20-论《针灸甲乙经》特定穴的学术价值.pdf,04 针灸甲乙经,"JIAYI,SEARCH,RESEARCH",WORK|BOOK|BOOK_EDITION|BOOK_PAGE|PAPER|SOURCE_RECORD|ACUPUNCTURE_CONCEPT|ACUPOINT|MERIDIAN|DISEASE|TREATMENT,NEEDS_REVIEW
HFM-A000066,针灸甲乙经/论文/针灸甲乙经/201-《甲乙经》析疑五则.pdf,04 针灸甲乙经,"JIAYI,SEARCH,RESEARCH",WORK|BOOK|BOOK_EDITION|BOOK_PAGE|PAPER|SOURCE_RECORD|ACUPUNCTURE_CONCEPT|ACUPOINT|MERIDIAN|DISEASE|TREATMENT,NEEDS_REVIEW
HFM-A000067,针灸甲乙经/论文/针灸甲乙经/205-推测《针灸甲乙经》的编撰思路和方法.pdf,04 针灸甲乙经,"JIAYI,SEARCH,RESEARCH",WORK|BOOK|BOOK_EDITION|BOOK_PAGE|PAPER|SOURCE_RECORD|ACUPUNCTURE_CONCEPT|ACUPOINT|MERIDIAN|DISEASE|TREATMENT,NEEDS_REVIEW
HFM-A000068,针灸甲乙经/论文/针灸甲乙经/206-《明堂孔穴针灸治要》书名质疑.pdf,04 针灸甲乙经,"JIAYI,SEARCH,RESEARCH",WORK|BOOK|BOOK_EDITION|BOOK_PAGE|PAPER|SOURCE_RECORD|ACUPUNCTURE_CONCEPT|ACUPOINT|MERIDIAN|DISEASE|TREATMENT,NEEDS_REVIEW
HFM-A000069,针灸甲乙经/论文/针灸甲乙经/207-基于脉动(病)发理论探讨小儿视神经萎缩的针灸治疗.pdf,04 针灸甲乙经,"JIAYI,SEARCH,RESEARCH",WORK|BOOK|BOOK_EDITION|BOOK_PAGE|PAPER|SOURCE_RECORD|ACUPUNCTURE_CONCEPT|ACUPOINT|MERIDIAN|DISEASE|TREATMENT,NEEDS_REVIEW
HFM-A000070,针灸甲乙经/论文/针灸甲乙经/208-针灸治疗头痛的辨证思路演变.pdf,04 针灸甲乙经,"JIAYI,SEARCH,RESEARCH",WORK|BOOK|BOOK_EDITION|BOOK_PAGE|PAPER|SOURCE_RECORD|ACUPUNCTURE_CONCEPT|ACUPOINT|MERIDIAN|DISEASE|TREATMENT,NEEDS_REVIEW
HFM-A000071,针灸甲乙经/论文/针灸甲乙经/209-正确和完整解读《甲乙经》的学术思想——《甲乙经》析疑五则.pdf,04 针灸甲乙经,"JIAYI,SEARCH,RESEARCH",WORK|BOOK|BOOK_EDITION|BOOK_PAGE|PAPER|SOURCE_RECORD|ACUPUNCTURE_CONCEPT|ACUPOINT|MERIDIAN|DISEASE|TREATMENT,NEEDS_REVIEW
HFM-A000072,针灸甲乙经/论文/针灸甲乙经/21-《针灸甲乙经》重言考释.pdf,04 针灸甲乙经,"JIAYI,SEARCH,RESEARCH",WORK|BOOK|BOOK_EDITION|BOOK_PAGE|PAPER|SOURCE_RECORD|ACUPUNCTURE_CONCEPT|ACUPOINT|MERIDIAN|DISEASE|TREATMENT,NEEDS_REVIEW
HFM-A000073,针灸甲乙经/论文/针灸甲乙经/211-基于针灸教材的针灸理论体系比较.pdf,04 针灸甲乙经,"JIAYI,SEARCH,RESEARCH",WORK|BOOK|BOOK_EDITION|BOOK_PAGE|PAPER|SOURCE_RECORD|ACUPUNCTURE_CONCEPT|ACUPOINT|MERIDIAN|DISEASE|TREATMENT,NEEDS_REVIEW
HFM-A000074,针灸甲乙经/论文/针灸甲乙经/212-针灸治疗腰痛的溯源寻微.pdf,04 针灸甲乙经,"JIAYI,SEARCH,RESEARCH",WORK|BOOK|BOOK_EDITION|BOOK_PAGE|PAPER|SOURCE_RECORD|ACUPUNCTURE_CONCEPT|ACUPOINT|MERIDIAN|DISEASE|TREATMENT,NEEDS_REVIEW
HFM-A000075,针灸甲乙经/论文/针灸甲乙经/214-甘肃——针灸医学的发祥地之一.pdf,04 针灸甲乙经,"JIAYI,SEARCH,RESEARCH",WORK|BOOK|BOOK_EDITION|BOOK_PAGE|PAPER|SOURCE_RECORD|ACUPUNCTURE_CONCEPT|ACUPOINT|MERIDIAN|DISEASE|TREATMENT,NEEDS_REVIEW
HFM-A000076,针灸甲乙经/论文/针灸甲乙经/215-浅谈针灸标准制定问题.pdf,04 针灸甲乙经,"JIAYI,SEARCH,RESEARCH",WORK|BOOK|BOOK_EDITION|BOOK_PAGE|PAPER|SOURCE_RECORD|ACUPUNCTURE_CONCEPT|ACUPOINT|MERIDIAN|DISEASE|TREATMENT,NEEDS_REVIEW
HFM-A000077,针灸甲乙经/论文/针灸甲乙经/216-中医研究生《针灸流派概论》教材的编写意义.pdf,04 针灸甲乙经,"JIAYI,SEARCH,RESEARCH",WORK|BOOK|BOOK_EDITION|BOOK_PAGE|PAPER|SOURCE_RECORD|ACUPUNCTURE_CONCEPT|ACUPOINT|MERIDIAN|DISEASE|TREATMENT,NEEDS_REVIEW
HFM-A000078,针灸甲乙经/论文/针灸甲乙经/217-《甲乙经》腹部腧穴针刺深浅及其在腹针疗法中的意义.pdf,04 针灸甲乙经,"JIAYI,SEARCH,RESEARCH",WORK|BOOK|BOOK_EDITION|BOOK_PAGE|PAPER|SOURCE_RECORD|ACUPUNCTURE_CONCEPT|ACUPOINT|MERIDIAN|DISEASE|TREATMENT,NEEDS_REVIEW
HFM-A000079,针灸甲乙经/论文/针灸甲乙经/218-影响针灸疗效的因素古今说.pdf,04 针灸甲乙经,"JIAYI,SEARCH,RESEARCH",WORK|BOOK|BOOK_EDITION|BOOK_PAGE|PAPER|SOURCE_RECORD|ACUPUNCTURE_CONCEPT|ACUPOINT|MERIDIAN|DISEASE|TREATMENT,NEEDS_REVIEW
HFM-A000080,针灸甲乙经/论文/针灸甲乙经/219-《甲乙经》明代传本勘误(续完).pdf,04 针灸甲乙经,"JIAYI,SEARCH,RESEARCH",WORK|BOOK|BOOK_EDITION|BOOK_PAGE|PAPER|SOURCE_RECORD|ACUPUNCTURE_CONCEPT|ACUPOINT|MERIDIAN|DISEASE|TREATMENT,NEEDS_REVIEW
HFM-A000081,针灸甲乙经/论文/针灸甲乙经/22-《针灸甲乙经》从脾论治抑郁症学术思想探析.pdf,04 针灸甲乙经,"JIAYI,SEARCH,RESEARCH",WORK|BOOK|BOOK_EDITION|BOOK_PAGE|PAPER|SOURCE_RECORD|ACUPUNCTURE_CONCEPT|ACUPOINT|MERIDIAN|DISEASE|TREATMENT,NEEDS_REVIEW
HFM-A000082,针灸甲乙经/论文/针灸甲乙经/220-《甲乙经》天突、璇玑、华盖位置考证.pdf,04 针灸甲乙经,"JIAYI,SEARCH,RESEARCH",WORK|BOOK|BOOK_EDITION|BOOK_PAGE|PAPER|SOURCE_RECORD|ACUPUNCTURE_CONCEPT|ACUPOINT|MERIDIAN|DISEASE|TREATMENT,NEEDS_REVIEW
HFM-A000083,针灸甲乙经/论文/针灸甲乙经/221-浅析《千金方》的针灸学术思想.pdf,04 针灸甲乙经,"JIAYI,SEARCH,RESEARCH",WORK|BOOK|BOOK_EDITION|BOOK_PAGE|PAPER|SOURCE_RECORD|ACUPUNCTURE_CONCEPT|ACUPOINT|MERIDIAN|DISEASE|TREATMENT,NEEDS_REVIEW
HFM-A000084,针灸甲乙经/论文/针灸甲乙经/222-浅论中原针灸的学术特色.pdf,04 针灸甲乙经,"JIAYI,SEARCH,RESEARCH",WORK|BOOK|BOOK_EDITION|BOOK_PAGE|PAPER|SOURCE_RECORD|ACUPUNCTURE_CONCEPT|ACUPOINT|MERIDIAN|DISEASE|TREATMENT,NEEDS_REVIEW
HFM-A000085,针灸甲乙经/论文/针灸甲乙经/224-针灸治疗2型糖尿病研究进展.pdf,04 针灸甲乙经,"JIAYI,SEARCH,RESEARCH",WORK|BOOK|BOOK_EDITION|BOOK_PAGE|PAPER|SOURCE_RECORD|ACUPUNCTURE_CONCEPT|ACUPOINT|MERIDIAN|DISEASE|TREATMENT,NEEDS_REVIEW
HFM-A000086,针灸甲乙经/论文/针灸甲乙经/225-三才理论在针灸治疗热病中的应用探讨.pdf,04 针灸甲乙经,"JIAYI,SEARCH,RESEARCH",WORK|BOOK|BOOK_EDITION|BOOK_PAGE|PAPER|SOURCE_RECORD|ACUPUNCTURE_CONCEPT|ACUPOINT|MERIDIAN|DISEASE|TREATMENT,NEEDS_REVIEW
HFM-A000087,针灸甲乙经/论文/针灸甲乙经/226-《针灸资生经》发灸疮要旨浅析.pdf,04 针灸甲乙经,"JIAYI,SEARCH,RESEARCH",WORK|BOOK|BOOK_EDITION|BOOK_PAGE|PAPER|SOURCE_RECORD|ACUPUNCTURE_CONCEPT|ACUPOINT|MERIDIAN|DISEASE|TREATMENT,NEEDS_REVIEW
HFM-A000088,针灸甲乙经/论文/针灸甲乙经/228-从南京医学院针灸铜人到《经络腧穴学》的经穴定位演变举隅.pdf,04 针灸甲乙经,"JIAYI,SEARCH,RESEARCH",WORK|BOOK|BOOK_EDITION|BOOK_PAGE|PAPER|SOURCE_RECORD|ACUPUNCTURE_CONCEPT|ACUPOINT|MERIDIAN|DISEASE|TREATMENT,NEEDS_REVIEW
HFM-A000089,针灸甲乙经/论文/针灸甲乙经/229-《针灸逢源》灸法探析.pdf,04 针灸甲乙经,"JIAYI,SEARCH,RESEARCH",WORK|BOOK|BOOK_EDITION|BOOK_PAGE|PAPER|SOURCE_RECORD|ACUPUNCTURE_CONCEPT|ACUPOINT|MERIDIAN|DISEASE|TREATMENT,NEEDS_REVIEW
HFM-A000090,针灸甲乙经/论文/针灸甲乙经/23-《针灸甲乙经》论治头痛探析.pdf,04 针灸甲乙经,"JIAYI,SEARCH,RESEARCH",WORK|BOOK|BOOK_EDITION|BOOK_PAGE|PAPER|SOURCE_RECORD|ACUPUNCTURE_CONCEPT|ACUPOINT|MERIDIAN|DISEASE|TREATMENT,NEEDS_REVIEW
HFM-A000091,针灸甲乙经/论文/针灸甲乙经/230-近5年脑梗死的针灸治疗研究现状.pdf,04 针灸甲乙经,"JIAYI,SEARCH,RESEARCH",WORK|BOOK|BOOK_EDITION|BOOK_PAGE|PAPER|SOURCE_RECORD|ACUPUNCTURE_CONCEPT|ACUPOINT|MERIDIAN|DISEASE|TREATMENT,NEEDS_REVIEW
HFM-A000092,针灸甲乙经/论文/针灸甲乙经/231-针灸治疗急重症举隅.pdf,04 针灸甲乙经,"JIAYI,SEARCH,RESEARCH",WORK|BOOK|BOOK_EDITION|BOOK_PAGE|PAPER|SOURCE_RECORD|ACUPUNCTURE_CONCEPT|ACUPOINT|MERIDIAN|DISEASE|TREATMENT,NEEDS_REVIEW
HFM-A000093,针灸甲乙经/论文/针灸甲乙经/232-针灸治疗2型糖尿病35例.pdf,04 针灸甲乙经,"JIAYI,SEARCH,RESEARCH",WORK|BOOK|BOOK_EDITION|BOOK_PAGE|PAPER|SOURCE_RECORD|ACUPUNCTURE_CONCEPT|ACUPOINT|MERIDIAN|DISEASE|TREATMENT,NEEDS_REVIEW
HFM-A000094,针灸甲乙经/论文/针灸甲乙经/233-《针灸大成》肾俞穴临床应用浅析.pdf,04 针灸甲乙经,"JIAYI,SEARCH,RESEARCH",WORK|BOOK|BOOK_EDITION|BOOK_PAGE|PAPER|SOURCE_RECORD|ACUPUNCTURE_CONCEPT|ACUPOINT|MERIDIAN|DISEASE|TREATMENT,NEEDS_REVIEW
HFM-A000095,针灸甲乙经/论文/针灸甲乙经/234-针灸治疗肩周炎临床进展.pdf,04 针灸甲乙经,"JIAYI,SEARCH,RESEARCH",WORK|BOOK|BOOK_EDITION|BOOK_PAGE|PAPER|SOURCE_RECORD|ACUPUNCTURE_CONCEPT|ACUPOINT|MERIDIAN|DISEASE|TREATMENT,NEEDS_REVIEW
HFM-A000096,针灸甲乙经/论文/针灸甲乙经/235-辞书学与针灸推拿辞书的编纂.pdf,04 针灸甲乙经,"JIAYI,SEARCH,RESEARCH",WORK|BOOK|BOOK_EDITION|BOOK_PAGE|PAPER|SOURCE_RECORD|ACUPUNCTURE_CONCEPT|ACUPOINT|MERIDIAN|DISEASE|TREATMENT,NEEDS_REVIEW
HFM-A000097,针灸甲乙经/论文/针灸甲乙经/236-针灸治疗失眠症的古籍配穴处方探究.pdf,04 针灸甲乙经,"JIAYI,SEARCH,RESEARCH",WORK|BOOK|BOOK_EDITION|BOOK_PAGE|PAPER|SOURCE_RECORD|ACUPUNCTURE_CONCEPT|ACUPOINT|MERIDIAN|DISEASE|TREATMENT,NEEDS_REVIEW
HFM-A000098,针灸甲乙经/论文/针灸甲乙经/237-以中兽医理论为基础发扬光大动物针灸技术.pdf,04 针灸甲乙经,"JIAYI,SEARCH,RESEARCH",WORK|BOOK|BOOK_EDITION|BOOK_PAGE|PAPER|SOURCE_RECORD|ACUPUNCTURE_CONCEPT|ACUPOINT|MERIDIAN|DISEASE|TREATMENT,NEEDS_REVIEW
HFM-A000099,针灸甲乙经/论文/针灸甲乙经/238-《甲乙经》对《难经》的引用.pdf,04 针灸甲乙经,"JIAYI,SEARCH,RESEARCH",WORK|BOOK|BOOK_EDITION|BOOK_PAGE|PAPER|SOURCE_RECORD|ACUPUNCTURE_CONCEPT|ACUPOINT|MERIDIAN|DISEASE|TREATMENT,NEEDS_REVIEW
HFM-A000100,针灸甲乙经/论文/针灸甲乙经/239-耳鼻咽喉科针灸疗法历史源流探讨.pdf,04 针灸甲乙经,"JIAYI,SEARCH,RESEARCH",WORK|BOOK|BOOK_EDITION|BOOK_PAGE|PAPER|SOURCE_RECORD|ACUPUNCTURE_CONCEPT|ACUPOINT|MERIDIAN|DISEASE|TREATMENT,NEEDS_REVIEW
HFM-A000101,针灸甲乙经/论文/针灸甲乙经/24-《针灸甲乙经》委中穴考证.pdf,04 针灸甲乙经,"JIAYI,SEARCH,RESEARCH",WORK|BOOK|BOOK_EDITION|BOOK_PAGE|PAPER|SOURCE_RECORD|ACUPUNCTURE_CONCEPT|ACUPOINT|MERIDIAN|DISEASE|TREATMENT,NEEDS_REVIEW
HFM-A000102,针灸甲乙经/论文/针灸甲乙经/240-针灸治疗糖尿病周围神经病变机制研究进展.pdf,04 针灸甲乙经,"JIAYI,SEARCH,RESEARCH",WORK|BOOK|BOOK_EDITION|BOOK_PAGE|PAPER|SOURCE_RECORD|ACUPUNCTURE_CONCEPT|ACUPOINT|MERIDIAN|DISEASE|TREATMENT,NEEDS_REVIEW
HFM-A000103,针灸甲乙经/论文/针灸甲乙经/241-《针灸大成》主要学术思想及其影响探索.pdf,04 针灸甲乙经,"JIAYI,SEARCH,RESEARCH",WORK|BOOK|BOOK_EDITION|BOOK_PAGE|PAPER|SOURCE_RECORD|ACUPUNCTURE_CONCEPT|ACUPOINT|MERIDIAN|DISEASE|TREATMENT,NEEDS_REVIEW
HFM-A000104,针灸甲乙经/论文/针灸甲乙经/242-杨继洲及其《针灸大成》的学术思想浅析.pdf,04 针灸甲乙经,"JIAYI,SEARCH,RESEARCH",WORK|BOOK|BOOK_EDITION|BOOK_PAGE|PAPER|SOURCE_RECORD|ACUPUNCTURE_CONCEPT|ACUPOINT|MERIDIAN|DISEASE|TREATMENT,NEEDS_REVIEW
HFM-A000105,针灸甲乙经/论文/针灸甲乙经/243-_百会_穴针灸治疗临床体会.pdf,04 针灸甲乙经,"JIAYI,SEARCH,RESEARCH",WORK|BOOK|BOOK_EDITION|BOOK_PAGE|PAPER|SOURCE_RECORD|ACUPUNCTURE_CONCEPT|ACUPOINT|MERIDIAN|DISEASE|TREATMENT,NEEDS_REVIEW
HFM-A000106,针灸甲乙经/论文/针灸甲乙经/244-《国际针灸学教程》序.pdf,04 针灸甲乙经,"JIAYI,SEARCH,RESEARCH",WORK|BOOK|BOOK_EDITION|BOOK_PAGE|PAPER|SOURCE_RECORD|ACUPUNCTURE_CONCEPT|ACUPOINT|MERIDIAN|DISEASE|TREATMENT,NEEDS_REVIEW
HFM-A000107,针灸甲乙经/论文/针灸甲乙经/245-长安医学针灸学说的创建与传承发展.pdf,04 针灸甲乙经,"JIAYI,SEARCH,RESEARCH",WORK|BOOK|BOOK_EDITION|BOOK_PAGE|PAPER|SOURCE_RECORD|ACUPUNCTURE_CONCEPT|ACUPOINT|MERIDIAN|DISEASE|TREATMENT,NEEDS_REVIEW
HFM-A000108,针灸甲乙经/论文/针灸甲乙经/25-《针灸甲乙经》论治遗溺经验.pdf,04 针灸甲乙经,"JIAYI,SEARCH,RESEARCH",WORK|BOOK|BOOK_EDITION|BOOK_PAGE|PAPER|SOURCE_RECORD|ACUPUNCTURE_CONCEPT|ACUPOINT|MERIDIAN|DISEASE|TREATMENT,NEEDS_REVIEW
HFM-A000109,针灸甲乙经/论文/针灸甲乙经/251-《铜人腧穴针灸图经》腧穴归经探析.pdf,04 针灸甲乙经,"JIAYI,SEARCH,RESEARCH",WORK|BOOK|BOOK_EDITION|BOOK_PAGE|PAPER|SOURCE_RECORD|ACUPUNCTURE_CONCEPT|ACUPOINT|MERIDIAN|DISEASE|TREATMENT,NEEDS_REVIEW
HFM-A000110,针灸甲乙经/论文/针灸甲乙经/252-初谈针灸处方的原则与取穴规律.pdf,04 针灸甲乙经,"JIAYI,SEARCH,RESEARCH",WORK|BOOK|BOOK_EDITION|BOOK_PAGE|PAPER|SOURCE_RECORD|ACUPUNCTURE_CONCEPT|ACUPOINT|MERIDIAN|DISEASE|TREATMENT,NEEDS_REVIEW
HFM-A000111,针灸甲乙经/论文/针灸甲乙经/253-针灸补泻手法初探.pdf,04 针灸甲乙经,"JIAYI,SEARCH,RESEARCH",WORK|BOOK|BOOK_EDITION|BOOK_PAGE|PAPER|SOURCE_RECORD|ACUPUNCTURE_CONCEPT|ACUPOINT|MERIDIAN|DISEASE|TREATMENT,NEEDS_REVIEW
HFM-A000112,针灸甲乙经/论文/针灸甲乙经/255-浅谈《甲乙经》论治痿证.pdf,04 针灸甲乙经,"JIAYI,SEARCH,RESEARCH",WORK|BOOK|BOOK_EDITION|BOOK_PAGE|PAPER|SOURCE_RECORD|ACUPUNCTURE_CONCEPT|ACUPOINT|MERIDIAN|DISEASE|TREATMENT,NEEDS_REVIEW
HFM-A000113,针灸甲乙经/论文/针灸甲乙经/26-《针灸甲乙经》治疗腰痛特点分析.pdf,04 针灸甲乙经,"JIAYI,SEARCH,RESEARCH",WORK|BOOK|BOOK_EDITION|BOOK_PAGE|PAPER|SOURCE_RECORD|ACUPUNCTURE_CONCEPT|ACUPOINT|MERIDIAN|DISEASE|TREATMENT,NEEDS_REVIEW
HFM-A000114,针灸甲乙经/论文/针灸甲乙经/263-从现代针灸临床应用探析古代禁针禁灸经穴.pdf,04 针灸甲乙经,"JIAYI,SEARCH,RESEARCH",WORK|BOOK|BOOK_EDITION|BOOK_PAGE|PAPER|SOURCE_RECORD|ACUPUNCTURE_CONCEPT|ACUPOINT|MERIDIAN|DISEASE|TREATMENT,NEEDS_REVIEW
HFM-A000115,针灸甲乙经/论文/针灸甲乙经/265-王执中《针灸资生经》学术思想浅析.pdf,04 针灸甲乙经,"JIAYI,SEARCH,RESEARCH",WORK|BOOK|BOOK_EDITION|BOOK_PAGE|PAPER|SOURCE_RECORD|ACUPUNCTURE_CONCEPT|ACUPOINT|MERIDIAN|DISEASE|TREATMENT,NEEDS_REVIEW
HFM-A000116,针灸甲乙经/论文/针灸甲乙经/27-浅谈《针灸甲乙经》的学术价值.pdf,04 针灸甲乙经,"JIAYI,SEARCH,RESEARCH",WORK|BOOK|BOOK_EDITION|BOOK_PAGE|PAPER|SOURCE_RECORD|ACUPUNCTURE_CONCEPT|ACUPOINT|MERIDIAN|DISEASE|TREATMENT,NEEDS_REVIEW
HFM-A000117,针灸甲乙经/论文/针灸甲乙经/289-《素问》《灵枢》《太素》《甲乙经》异文例释.pdf,04 针灸甲乙经,"JIAYI,SEARCH,RESEARCH",WORK|BOOK|BOOK_EDITION|BOOK_PAGE|PAPER|SOURCE_RECORD|ACUPUNCTURE_CONCEPT|ACUPOINT|MERIDIAN|DISEASE|TREATMENT,NEEDS_REVIEW
HFM-A000118,针灸甲乙经/论文/针灸甲乙经/29-浅析《针灸甲乙经》之痉证.pdf,04 针灸甲乙经,"JIAYI,SEARCH,RESEARCH",WORK|BOOK|BOOK_EDITION|BOOK_PAGE|PAPER|SOURCE_RECORD|ACUPUNCTURE_CONCEPT|ACUPOINT|MERIDIAN|DISEASE|TREATMENT,NEEDS_REVIEW
HFM-A000119,针灸甲乙经/论文/针灸甲乙经/295-针灸“人神禁忌”学说中的“尻神”辨误.pdf,04 针灸甲乙经,"JIAYI,SEARCH,RESEARCH",WORK|BOOK|BOOK_EDITION|BOOK_PAGE|PAPER|SOURCE_RECORD|ACUPUNCTURE_CONCEPT|ACUPOINT|MERIDIAN|DISEASE|TREATMENT,NEEDS_REVIEW
HFM-A000120,针灸甲乙经/论文/针灸甲乙经/296-王执中针灸学术思想探微.pdf,04 针灸甲乙经,"JIAYI,SEARCH,RESEARCH",WORK|BOOK|BOOK_EDITION|BOOK_PAGE|PAPER|SOURCE_RECORD|ACUPUNCTURE_CONCEPT|ACUPOINT|MERIDIAN|DISEASE|TREATMENT,NEEDS_REVIEW
HFM-A000121,针灸甲乙经/论文/针灸甲乙经/297-针灸疗法治疗缺乳症52例疗效观察.pdf,04 针灸甲乙经,"JIAYI,SEARCH,RESEARCH",WORK|BOOK|BOOK_EDITION|BOOK_PAGE|PAPER|SOURCE_RECORD|ACUPUNCTURE_CONCEPT|ACUPOINT|MERIDIAN|DISEASE|TREATMENT,NEEDS_REVIEW
HFM-A000122,针灸甲乙经/论文/针灸甲乙经/3-《针灸甲乙经》月经病治疗.pdf,04 针灸甲乙经,"JIAYI,SEARCH,RESEARCH",WORK|BOOK|BOOK_EDITION|BOOK_PAGE|PAPER|SOURCE_RECORD|ACUPUNCTURE_CONCEPT|ACUPOINT|MERIDIAN|DISEASE|TREATMENT,NEEDS_REVIEW
HFM-A000123,针灸甲乙经/论文/针灸甲乙经/30-《针灸甲乙经》研究现状的分析.pdf,04 针灸甲乙经,"JIAYI,SEARCH,RESEARCH",WORK|BOOK|BOOK_EDITION|BOOK_PAGE|PAPER|SOURCE_RECORD|ACUPUNCTURE_CONCEPT|ACUPOINT|MERIDIAN|DISEASE|TREATMENT,NEEDS_REVIEW
HFM-A000124,针灸甲乙经/论文/针灸甲乙经/305-针灸治疗视神经萎缩1例报道.pdf,04 针灸甲乙经,"JIAYI,SEARCH,RESEARCH",WORK|BOOK|BOOK_EDITION|BOOK_PAGE|PAPER|SOURCE_RECORD|ACUPUNCTURE_CONCEPT|ACUPOINT|MERIDIAN|DISEASE|TREATMENT,NEEDS_REVIEW
HFM-A000125,针灸甲乙经/论文/针灸甲乙经/31-《针灸甲乙经》中痿证的论述.pdf,04 针灸甲乙经,"JIAYI,SEARCH,RESEARCH",WORK|BOOK|BOOK_EDITION|BOOK_PAGE|PAPER|SOURCE_RECORD|ACUPUNCTURE_CONCEPT|ACUPOINT|MERIDIAN|DISEASE|TREATMENT,NEEDS_REVIEW
HFM-A000126,针灸甲乙经/论文/针灸甲乙经/32-《黄帝三部针灸甲乙经》题名解.pdf,04 针灸甲乙经,"JIAYI,SEARCH,RESEARCH",WORK|BOOK|BOOK_EDITION|BOOK_PAGE|PAPER|SOURCE_RECORD|ACUPUNCTURE_CONCEPT|ACUPOINT|MERIDIAN|DISEASE|TREATMENT,NEEDS_REVIEW
HFM-A000127,针灸甲乙经/论文/针灸甲乙经/33-浅析《针灸甲乙经》对募穴的贡献.pdf,04 针灸甲乙经,"JIAYI,SEARCH,RESEARCH",WORK|BOOK|BOOK_EDITION|BOOK_PAGE|PAPER|SOURCE_RECORD|ACUPUNCTURE_CONCEPT|ACUPOINT|MERIDIAN|DISEASE|TREATMENT,NEEDS_REVIEW
HFM-A000128,针灸甲乙经/论文/针灸甲乙经/330-近十年国内郄穴的临床研究进展.pdf,04 针灸甲乙经,"JIAYI,SEARCH,RESEARCH",WORK|BOOK|BOOK_EDITION|BOOK_PAGE|PAPER|SOURCE_RECORD|ACUPUNCTURE_CONCEPT|ACUPOINT|MERIDIAN|DISEASE|TREATMENT,NEEDS_REVIEW
HFM-A000129,针灸甲乙经/论文/针灸甲乙经/331-十二经水刍议.pdf,04 针灸甲乙经,"JIAYI,SEARCH,RESEARCH",WORK|BOOK|BOOK_EDITION|BOOK_PAGE|PAPER|SOURCE_RECORD|ACUPUNCTURE_CONCEPT|ACUPOINT|MERIDIAN|DISEASE|TREATMENT,NEEDS_REVIEW
HFM-A000130,针灸甲乙经/论文/针灸甲乙经/334-任、督、冲脉_一源三歧__异名同体_探析.pdf,04 针灸甲乙经,"JIAYI,SEARCH,RESEARCH",WORK|BOOK|BOOK_EDITION|BOOK_PAGE|PAPER|SOURCE_RECORD|ACUPUNCTURE_CONCEPT|ACUPOINT|MERIDIAN|DISEASE|TREATMENT,NEEDS_REVIEW
HFM-A000131,针灸甲乙经/论文/针灸甲乙经/338-肩井穴治疗乳痈病机初探.pdf,04 针灸甲乙经,"JIAYI,SEARCH,RESEARCH",WORK|BOOK|BOOK_EDITION|BOOK_PAGE|PAPER|SOURCE_RECORD|ACUPUNCTURE_CONCEPT|ACUPOINT|MERIDIAN|DISEASE|TREATMENT,NEEDS_REVIEW
HFM-A000132,针灸甲乙经/论文/针灸甲乙经/34-浅论《针灸甲乙经》对腧穴学的贡献.pdf,04 针灸甲乙经,"JIAYI,SEARCH,RESEARCH",WORK|BOOK|BOOK_EDITION|BOOK_PAGE|PAPER|SOURCE_RECORD|ACUPUNCTURE_CONCEPT|ACUPOINT|MERIDIAN|DISEASE|TREATMENT,NEEDS_REVIEW
HFM-A000133,针灸甲乙经/论文/针灸甲乙经/35-《针灸甲乙经》胁痛的诊治特点.pdf,04 针灸甲乙经,"JIAYI,SEARCH,RESEARCH",WORK|BOOK|BOOK_EDITION|BOOK_PAGE|PAPER|SOURCE_RECORD|ACUPUNCTURE_CONCEPT|ACUPOINT|MERIDIAN|DISEASE|TREATMENT,NEEDS_REVIEW
HFM-A000134,针灸甲乙经/论文/针灸甲乙经/351-攒竹穴探析.pdf,04 针灸甲乙经,"JIAYI,SEARCH,RESEARCH",WORK|BOOK|BOOK_EDITION|BOOK_PAGE|PAPER|SOURCE_RECORD|ACUPUNCTURE_CONCEPT|ACUPOINT|MERIDIAN|DISEASE|TREATMENT,NEEDS_REVIEW
HFM-A000135,针灸甲乙经/论文/针灸甲乙经/352-经筋刺法的理论渊源及发展.pdf,04 针灸甲乙经,"JIAYI,SEARCH,RESEARCH",WORK|BOOK|BOOK_EDITION|BOOK_PAGE|PAPER|SOURCE_RECORD|ACUPUNCTURE_CONCEPT|ACUPOINT|MERIDIAN|DISEASE|TREATMENT,NEEDS_REVIEW
HFM-A000136,针灸甲乙经/论文/针灸甲乙经/353-论皇甫谧的医学思想.pdf,04 针灸甲乙经,"JIAYI,SEARCH,RESEARCH",WORK|BOOK|BOOK_EDITION|BOOK_PAGE|PAPER|SOURCE_RECORD|ACUPUNCTURE_CONCEPT|ACUPOINT|MERIDIAN|DISEASE|TREATMENT,NEEDS_REVIEW
HFM-A000137,针灸甲乙经/论文/针灸甲乙经/354-浅析皇甫谧对郄穴的贡献.pdf,04 针灸甲乙经,"JIAYI,SEARCH,RESEARCH",WORK|BOOK|BOOK_EDITION|BOOK_PAGE|PAPER|SOURCE_RECORD|ACUPUNCTURE_CONCEPT|ACUPOINT|MERIDIAN|DISEASE|TREATMENT,NEEDS_REVIEW
HFM-A000138,针灸甲乙经/论文/针灸甲乙经/355-委中穴考证及临床应用.pdf,04 针灸甲乙经,"JIAYI,SEARCH,RESEARCH",WORK|BOOK|BOOK_EDITION|BOOK_PAGE|PAPER|SOURCE_RECORD|ACUPUNCTURE_CONCEPT|ACUPOINT|MERIDIAN|DISEASE|TREATMENT,NEEDS_REVIEW
HFM-A000139,针灸甲乙经/论文/针灸甲乙经/356-中脘穴的临床应用.pdf,04 针灸甲乙经,"JIAYI,SEARCH,RESEARCH",WORK|BOOK|BOOK_EDITION|BOOK_PAGE|PAPER|SOURCE_RECORD|ACUPUNCTURE_CONCEPT|ACUPOINT|MERIDIAN|DISEASE|TREATMENT,NEEDS_REVIEW
HFM-A000140,针灸甲乙经/论文/针灸甲乙经/359-孔最治疗厥头痛的理论探讨.pdf,04 针灸甲乙经,"JIAYI,SEARCH,RESEARCH",WORK|BOOK|BOOK_EDITION|BOOK_PAGE|PAPER|SOURCE_RECORD|ACUPUNCTURE_CONCEPT|ACUPOINT|MERIDIAN|DISEASE|TREATMENT,NEEDS_REVIEW
HFM-A000141,针灸甲乙经/论文/针灸甲乙经/36-《针灸甲乙经》中治疗鼻部病症的穴位分析.pdf,04 针灸甲乙经,"JIAYI,SEARCH,RESEARCH",WORK|BOOK|BOOK_EDITION|BOOK_PAGE|PAPER|SOURCE_RECORD|ACUPUNCTURE_CONCEPT|ACUPOINT|MERIDIAN|DISEASE|TREATMENT,NEEDS_REVIEW
HFM-A000142,针灸甲乙经/论文/针灸甲乙经/360-基于数据挖掘技术分析古代文献中水沟穴的临床应用规律.pdf,04 针灸甲乙经,"JIAYI,SEARCH,RESEARCH",WORK|BOOK|BOOK_EDITION|BOOK_PAGE|PAPER|SOURCE_RECORD|ACUPUNCTURE_CONCEPT|ACUPOINT|MERIDIAN|DISEASE|TREATMENT,NEEDS_REVIEW
HFM-A000143,针灸甲乙经/论文/针灸甲乙经/363-皇甫谧对张仲景经方运用浅析.pdf,04 针灸甲乙经,"JIAYI,SEARCH,RESEARCH",WORK|BOOK|BOOK_EDITION|BOOK_PAGE|PAPER|SOURCE_RECORD|ACUPUNCTURE_CONCEPT|ACUPOINT|MERIDIAN|DISEASE|TREATMENT,NEEDS_REVIEW
HFM-A000144,针灸甲乙经/论文/针灸甲乙经/364-阳经郄穴治疗痛症的古今研究.pdf,04 针灸甲乙经,"JIAYI,SEARCH,RESEARCH",WORK|BOOK|BOOK_EDITION|BOOK_PAGE|PAPER|SOURCE_RECORD|ACUPUNCTURE_CONCEPT|ACUPOINT|MERIDIAN|DISEASE|TREATMENT,NEEDS_REVIEW
HFM-A000145,针灸甲乙经/论文/针灸甲乙经/365-阳经五官病候及治疗用穴分析——兼论经脉病候与腧穴主治关系.pdf,04 针灸甲乙经,"JIAYI,SEARCH,RESEARCH",WORK|BOOK|BOOK_EDITION|BOOK_PAGE|PAPER|SOURCE_RECORD|ACUPUNCTURE_CONCEPT|ACUPOINT|MERIDIAN|DISEASE|TREATMENT,NEEDS_REVIEW
HFM-A000146,针灸甲乙经/论文/针灸甲乙经/366-从《咳论经旨》谈中医临床专病文献的编撰.pdf,04 针灸甲乙经,"JIAYI,SEARCH,RESEARCH",WORK|BOOK|BOOK_EDITION|BOOK_PAGE|PAPER|SOURCE_RECORD|ACUPUNCTURE_CONCEPT|ACUPOINT|MERIDIAN|DISEASE|TREATMENT,NEEDS_REVIEW
HFM-A000147,针灸甲乙经/论文/针灸甲乙经/368-皇甫谧手工艾条制备工艺优化与质量标准化研究.pdf,04 针灸甲乙经,"JIAYI,SEARCH,RESEARCH",WORK|BOOK|BOOK_EDITION|BOOK_PAGE|PAPER|SOURCE_RECORD|ACUPUNCTURE_CONCEPT|ACUPOINT|MERIDIAN|DISEASE|TREATMENT,NEEDS_REVIEW
HFM-A000148,针灸甲乙经/论文/针灸甲乙经/369-探析八脉交会穴源流发展和临床应用.pdf,04 针灸甲乙经,"JIAYI,SEARCH,RESEARCH",WORK|BOOK|BOOK_EDITION|BOOK_PAGE|PAPER|SOURCE_RECORD|ACUPUNCTURE_CONCEPT|ACUPOINT|MERIDIAN|DISEASE|TREATMENT,NEEDS_REVIEW
HFM-A000149,针灸甲乙经/论文/针灸甲乙经/37-《针灸甲乙经》治疗胃肠病取穴特色探析.pdf,04 针灸甲乙经,"JIAYI,SEARCH,RESEARCH",WORK|BOOK|BOOK_EDITION|BOOK_PAGE|PAPER|SOURCE_RECORD|ACUPUNCTURE_CONCEPT|ACUPOINT|MERIDIAN|DISEASE|TREATMENT,NEEDS_REVIEW
HFM-A000150,针灸甲乙经/论文/针灸甲乙经/371-古代不同时期头痛的用穴特点及思路浅析.pdf,04 针灸甲乙经,"JIAYI,SEARCH,RESEARCH",WORK|BOOK|BOOK_EDITION|BOOK_PAGE|PAPER|SOURCE_RECORD|ACUPUNCTURE_CONCEPT|ACUPOINT|MERIDIAN|DISEASE|TREATMENT,NEEDS_REVIEW
HFM-A000151,针灸甲乙经/论文/针灸甲乙经/372-张吉教授学术经验述要.pdf,04 针灸甲乙经,"JIAYI,SEARCH,RESEARCH",WORK|BOOK|BOOK_EDITION|BOOK_PAGE|PAPER|SOURCE_RECORD|ACUPUNCTURE_CONCEPT|ACUPOINT|MERIDIAN|DISEASE|TREATMENT,NEEDS_REVIEW
HFM-A000152,针灸甲乙经/论文/针灸甲乙经/373-赖新生教授膻中穴配穴经验介绍.pdf,04 针灸甲乙经,"JIAYI,SEARCH,RESEARCH",WORK|BOOK|BOOK_EDITION|BOOK_PAGE|PAPER|SOURCE_RECORD|ACUPUNCTURE_CONCEPT|ACUPOINT|MERIDIAN|DISEASE|TREATMENT,NEEDS_REVIEW
HFM-A000153,针灸甲乙经/论文/针灸甲乙经/374-妇女盆底功能障碍类疾病中医古籍文献考.pdf,04 针灸甲乙经,"JIAYI,SEARCH,RESEARCH",WORK|BOOK|BOOK_EDITION|BOOK_PAGE|PAPER|SOURCE_RECORD|ACUPUNCTURE_CONCEPT|ACUPOINT|MERIDIAN|DISEASE|TREATMENT,NEEDS_REVIEW
HFM-A000154,针灸甲乙经/论文/针灸甲乙经/375-《灵枢·刺节真邪》中五邪刺校注.pdf,04 针灸甲乙经,"JIAYI,SEARCH,RESEARCH",WORK|BOOK|BOOK_EDITION|BOOK_PAGE|PAPER|SOURCE_RECORD|ACUPUNCTURE_CONCEPT|ACUPOINT|MERIDIAN|DISEASE|TREATMENT,NEEDS_REVIEW
HFM-A000155,针灸甲乙经/论文/针灸甲乙经/376-针刺治疗卒中后抑郁的腧穴配伍规律文献研究.pdf,04 针灸甲乙经,"JIAYI,SEARCH,RESEARCH",WORK|BOOK|BOOK_EDITION|BOOK_PAGE|PAPER|SOURCE_RECORD|ACUPUNCTURE_CONCEPT|ACUPOINT|MERIDIAN|DISEASE|TREATMENT,NEEDS_REVIEW
HFM-A000156,针灸甲乙经/论文/针灸甲乙经/377-《黄帝内经》及别传本古今字例释.pdf,04 针灸甲乙经,"JIAYI,SEARCH,RESEARCH",WORK|BOOK|BOOK_EDITION|BOOK_PAGE|PAPER|SOURCE_RECORD|ACUPUNCTURE_CONCEPT|ACUPOINT|MERIDIAN|DISEASE|TREATMENT,NEEDS_REVIEW
HFM-A000157,针灸甲乙经/论文/针灸甲乙经/378-简析古代医籍中禁针慎针腧穴的形态学依据.pdf,04 针灸甲乙经,"JIAYI,SEARCH,RESEARCH",WORK|BOOK|BOOK_EDITION|BOOK_PAGE|PAPER|SOURCE_RECORD|ACUPUNCTURE_CONCEPT|ACUPOINT|MERIDIAN|DISEASE|TREATMENT,NEEDS_REVIEW
HFM-A000158,针灸甲乙经/论文/针灸甲乙经/379-基于图论的十二原穴拓扑参数变化差异分析.pdf,04 针灸甲乙经,"JIAYI,SEARCH,RESEARCH",WORK|BOOK|BOOK_EDITION|BOOK_PAGE|PAPER|SOURCE_RECORD|ACUPUNCTURE_CONCEPT|ACUPOINT|MERIDIAN|DISEASE|TREATMENT,NEEDS_REVIEW
HFM-A000159,针灸甲乙经/论文/针灸甲乙经/38-《针灸甲乙经》中处方用穴特点.pdf,04 针灸甲乙经,"JIAYI,SEARCH,RESEARCH",WORK|BOOK|BOOK_EDITION|BOOK_PAGE|PAPER|SOURCE_RECORD|ACUPUNCTURE_CONCEPT|ACUPOINT|MERIDIAN|DISEASE|TREATMENT,NEEDS_REVIEW
HFM-A000160,针灸甲乙经/论文/针灸甲乙经/380-关于概括腧穴主治方法的几点思考.pdf,04 针灸甲乙经,"JIAYI,SEARCH,RESEARCH",WORK|BOOK|BOOK_EDITION|BOOK_PAGE|PAPER|SOURCE_RECORD|ACUPUNCTURE_CONCEPT|ACUPOINT|MERIDIAN|DISEASE|TREATMENT,NEEDS_REVIEW
HFM-A000161,针灸甲乙经/论文/针灸甲乙经/381-明堂孔穴_的沿革.pdf,04 针灸甲乙经,"JIAYI,SEARCH,RESEARCH",WORK|BOOK|BOOK_EDITION|BOOK_PAGE|PAPER|SOURCE_RECORD|ACUPUNCTURE_CONCEPT|ACUPOINT|MERIDIAN|DISEASE|TREATMENT,NEEDS_REVIEW
HFM-A000162,针灸甲乙经/论文/针灸甲乙经/382-留针的意义与依据探析.pdf,04 针灸甲乙经,"JIAYI,SEARCH,RESEARCH",WORK|BOOK|BOOK_EDITION|BOOK_PAGE|PAPER|SOURCE_RECORD|ACUPUNCTURE_CONCEPT|ACUPOINT|MERIDIAN|DISEASE|TREATMENT,NEEDS_REVIEW
HFM-A000163,针灸甲乙经/论文/针灸甲乙经/383-太溪穴的临床应用浅谈.pdf,04 针灸甲乙经,"JIAYI,SEARCH,RESEARCH",WORK|BOOK|BOOK_EDITION|BOOK_PAGE|PAPER|SOURCE_RECORD|ACUPUNCTURE_CONCEPT|ACUPOINT|MERIDIAN|DISEASE|TREATMENT,NEEDS_REVIEW
HFM-A000164,针灸甲乙经/论文/针灸甲乙经/384-《史记·扁鹊仓公列传》_外三阳五会_新考.pdf,04 针灸甲乙经,"JIAYI,SEARCH,RESEARCH",WORK|BOOK|BOOK_EDITION|BOOK_PAGE|PAPER|SOURCE_RECORD|ACUPUNCTURE_CONCEPT|ACUPOINT|MERIDIAN|DISEASE|TREATMENT,NEEDS_REVIEW
HFM-A000165,针灸甲乙经/论文/针灸甲乙经/386-深刺中脘穴临床验案4则.pdf,04 针灸甲乙经,"JIAYI,SEARCH,RESEARCH",WORK|BOOK|BOOK_EDITION|BOOK_PAGE|PAPER|SOURCE_RECORD|ACUPUNCTURE_CONCEPT|ACUPOINT|MERIDIAN|DISEASE|TREATMENT,NEEDS_REVIEW
HFM-A000166,针灸甲乙经/论文/针灸甲乙经/387-略谈照海穴之主治.pdf,04 针灸甲乙经,"JIAYI,SEARCH,RESEARCH",WORK|BOOK|BOOK_EDITION|BOOK_PAGE|PAPER|SOURCE_RECORD|ACUPUNCTURE_CONCEPT|ACUPOINT|MERIDIAN|DISEASE|TREATMENT,NEEDS_REVIEW
HFM-A000167,针灸甲乙经/论文/针灸甲乙经/388-寸口疗法初探.pdf,04 针灸甲乙经,"JIAYI,SEARCH,RESEARCH",WORK|BOOK|BOOK_EDITION|BOOK_PAGE|PAPER|SOURCE_RECORD|ACUPUNCTURE_CONCEPT|ACUPOINT|MERIDIAN|DISEASE|TREATMENT,NEEDS_REVIEW
HFM-A000168,针灸甲乙经/论文/针灸甲乙经/389-俞昌德教授治疗坐骨神经痛临床经验介绍.pdf,04 针灸甲乙经,"JIAYI,SEARCH,RESEARCH",WORK|BOOK|BOOK_EDITION|BOOK_PAGE|PAPER|SOURCE_RECORD|ACUPUNCTURE_CONCEPT|ACUPOINT|MERIDIAN|DISEASE|TREATMENT,NEEDS_REVIEW
HFM-A000169,针灸甲乙经/论文/针灸甲乙经/39-《针灸甲乙经》推拿疗法探析.pdf,04 针灸甲乙经,"JIAYI,SEARCH,RESEARCH",WORK|BOOK|BOOK_EDITION|BOOK_PAGE|PAPER|SOURCE_RECORD|ACUPUNCTURE_CONCEPT|ACUPOINT|MERIDIAN|DISEASE|TREATMENT,NEEDS_REVIEW
HFM-A000170,针灸甲乙经/论文/针灸甲乙经/390-交会穴临床应用举隅.pdf,04 针灸甲乙经,"JIAYI,SEARCH,RESEARCH",WORK|BOOK|BOOK_EDITION|BOOK_PAGE|PAPER|SOURCE_RECORD|ACUPUNCTURE_CONCEPT|ACUPOINT|MERIDIAN|DISEASE|TREATMENT,NEEDS_REVIEW
HFM-A000171,针灸甲乙经/论文/针灸甲乙经/392-手厥阴心包经理论发展探析.pdf,04 针灸甲乙经,"JIAYI,SEARCH,RESEARCH",WORK|BOOK|BOOK_EDITION|BOOK_PAGE|PAPER|SOURCE_RECORD|ACUPUNCTURE_CONCEPT|ACUPOINT|MERIDIAN|DISEASE|TREATMENT,NEEDS_REVIEW
HFM-A000172,针灸甲乙经/论文/针灸甲乙经/393-经脉循行的《灵枢》原文英译探析.pdf,04 针灸甲乙经,"JIAYI,SEARCH,RESEARCH",WORK|BOOK|BOOK_EDITION|BOOK_PAGE|PAPER|SOURCE_RECORD|ACUPUNCTURE_CONCEPT|ACUPOINT|MERIDIAN|DISEASE|TREATMENT,NEEDS_REVIEW
HFM-A000173,针灸甲乙经/论文/针灸甲乙经/394-刺法寸历史演变与探究.pdf,04 针灸甲乙经,"JIAYI,SEARCH,RESEARCH",WORK|BOOK|BOOK_EDITION|BOOK_PAGE|PAPER|SOURCE_RECORD|ACUPUNCTURE_CONCEPT|ACUPOINT|MERIDIAN|DISEASE|TREATMENT,NEEDS_REVIEW
HFM-A000174,针灸甲乙经/论文/针灸甲乙经/395-腧穴别名与校勘.pdf,04 针灸甲乙经,"JIAYI,SEARCH,RESEARCH",WORK|BOOK|BOOK_EDITION|BOOK_PAGE|PAPER|SOURCE_RECORD|ACUPUNCTURE_CONCEPT|ACUPOINT|MERIDIAN|DISEASE|TREATMENT,NEEDS_REVIEW
HFM-A000175,针灸甲乙经/论文/针灸甲乙经/396-《素问》王冰注所见十二经脉循行文本整合复原.pdf,04 针灸甲乙经,"JIAYI,SEARCH,RESEARCH",WORK|BOOK|BOOK_EDITION|BOOK_PAGE|PAPER|SOURCE_RECORD|ACUPUNCTURE_CONCEPT|ACUPOINT|MERIDIAN|DISEASE|TREATMENT,NEEDS_REVIEW
HFM-A000176,针灸甲乙经/论文/针灸甲乙经/398-《太平圣惠方》小儿灸法文献研究.pdf,04 针灸甲乙经,"JIAYI,SEARCH,RESEARCH",WORK|BOOK|BOOK_EDITION|BOOK_PAGE|PAPER|SOURCE_RECORD|ACUPUNCTURE_CONCEPT|ACUPOINT|MERIDIAN|DISEASE|TREATMENT,NEEDS_REVIEW
HFM-A000177,针灸甲乙经/论文/针灸甲乙经/399-扶突穴的临床应用.pdf,04 针灸甲乙经,"JIAYI,SEARCH,RESEARCH",WORK|BOOK|BOOK_EDITION|BOOK_PAGE|PAPER|SOURCE_RECORD|ACUPUNCTURE_CONCEPT|ACUPOINT|MERIDIAN|DISEASE|TREATMENT,NEEDS_REVIEW
HFM-A000178,针灸甲乙经/论文/针灸甲乙经/4-浅析《针灸甲乙经》的刺法特点.pdf,04 针灸甲乙经,"JIAYI,SEARCH,RESEARCH",WORK|BOOK|BOOK_EDITION|BOOK_PAGE|PAPER|SOURCE_RECORD|ACUPUNCTURE_CONCEPT|ACUPOINT|MERIDIAN|DISEASE|TREATMENT,NEEDS_REVIEW
HFM-A000179,针灸甲乙经/论文/针灸甲乙经/40-《针灸甲乙经》浅刺针法理论研究探析.pdf,04 针灸甲乙经,"JIAYI,SEARCH,RESEARCH",WORK|BOOK|BOOK_EDITION|BOOK_PAGE|PAPER|SOURCE_RECORD|ACUPUNCTURE_CONCEPT|ACUPOINT|MERIDIAN|DISEASE|TREATMENT,NEEDS_REVIEW
HFM-A000180,针灸甲乙经/论文/针灸甲乙经/400-柳氏广意派小儿推拿辨治小儿咳嗽.pdf,04 针灸甲乙经,"JIAYI,SEARCH,RESEARCH",WORK|BOOK|BOOK_EDITION|BOOK_PAGE|PAPER|SOURCE_RECORD|ACUPUNCTURE_CONCEPT|ACUPOINT|MERIDIAN|DISEASE|TREATMENT,NEEDS_REVIEW
HFM-A000181,针灸甲乙经/论文/针灸甲乙经/401-试论出针补泻的临床意义.pdf,04 针灸甲乙经,"JIAYI,SEARCH,RESEARCH",WORK|BOOK|BOOK_EDITION|BOOK_PAGE|PAPER|SOURCE_RECORD|ACUPUNCTURE_CONCEPT|ACUPOINT|MERIDIAN|DISEASE|TREATMENT,NEEDS_REVIEW
HFM-A000182,针灸甲乙经/论文/针灸甲乙经/402-条口穴用于肩关节周围炎治疗的起源初探.pdf,04 针灸甲乙经,"JIAYI,SEARCH,RESEARCH",WORK|BOOK|BOOK_EDITION|BOOK_PAGE|PAPER|SOURCE_RECORD|ACUPUNCTURE_CONCEPT|ACUPOINT|MERIDIAN|DISEASE|TREATMENT,NEEDS_REVIEW
HFM-A000183,针灸甲乙经/论文/针灸甲乙经/403-太白穴在灼口综合征治疗中的应用举隅.pdf,04 针灸甲乙经,"JIAYI,SEARCH,RESEARCH",WORK|BOOK|BOOK_EDITION|BOOK_PAGE|PAPER|SOURCE_RECORD|ACUPUNCTURE_CONCEPT|ACUPOINT|MERIDIAN|DISEASE|TREATMENT,NEEDS_REVIEW
HFM-A000184,针灸甲乙经/论文/针灸甲乙经/404-神庭穴临证探讨.pdf,04 针灸甲乙经,"JIAYI,SEARCH,RESEARCH",WORK|BOOK|BOOK_EDITION|BOOK_PAGE|PAPER|SOURCE_RECORD|ACUPUNCTURE_CONCEPT|ACUPOINT|MERIDIAN|DISEASE|TREATMENT,NEEDS_REVIEW
HFM-A000185,针灸甲乙经/论文/针灸甲乙经/405-基于《内经》《难经》的五输穴原理探微.pdf,04 针灸甲乙经,"JIAYI,SEARCH,RESEARCH",WORK|BOOK|BOOK_EDITION|BOOK_PAGE|PAPER|SOURCE_RECORD|ACUPUNCTURE_CONCEPT|ACUPOINT|MERIDIAN|DISEASE|TREATMENT,NEEDS_REVIEW
HFM-A000186,针灸甲乙经/论文/针灸甲乙经/406-洞鉴古今探源_肠神同调_腧穴内涵及规律.pdf,04 针灸甲乙经,"JIAYI,SEARCH,RESEARCH",WORK|BOOK|BOOK_EDITION|BOOK_PAGE|PAPER|SOURCE_RECORD|ACUPUNCTURE_CONCEPT|ACUPOINT|MERIDIAN|DISEASE|TREATMENT,NEEDS_REVIEW
HFM-A000187,针灸甲乙经/论文/针灸甲乙经/409-合谷_穴区传入神经元的节段性分布——HRP法的实验研究.pdf,04 针灸甲乙经,"JIAYI,SEARCH,RESEARCH",WORK|BOOK|BOOK_EDITION|BOOK_PAGE|PAPER|SOURCE_RECORD|ACUPUNCTURE_CONCEPT|ACUPOINT|MERIDIAN|DISEASE|TREATMENT,NEEDS_REVIEW
HFM-A000188,针灸甲乙经/论文/针灸甲乙经/41-《针灸甲乙经》之刺血疗法研究.pdf,04 针灸甲乙经,"JIAYI,SEARCH,RESEARCH",WORK|BOOK|BOOK_EDITION|BOOK_PAGE|PAPER|SOURCE_RECORD|ACUPUNCTURE_CONCEPT|ACUPOINT|MERIDIAN|DISEASE|TREATMENT,NEEDS_REVIEW
HFM-A000189,针灸甲乙经/论文/针灸甲乙经/410-睛明穴的应用体会.pdf,04 针灸甲乙经,"JIAYI,SEARCH,RESEARCH",WORK|BOOK|BOOK_EDITION|BOOK_PAGE|PAPER|SOURCE_RECORD|ACUPUNCTURE_CONCEPT|ACUPOINT|MERIDIAN|DISEASE|TREATMENT,NEEDS_REVIEW
HFM-A000190,针灸甲乙经/论文/针灸甲乙经/411-睛明穴临床研究汇总.pdf,04 针灸甲乙经,"JIAYI,SEARCH,RESEARCH",WORK|BOOK|BOOK_EDITION|BOOK_PAGE|PAPER|SOURCE_RECORD|ACUPUNCTURE_CONCEPT|ACUPOINT|MERIDIAN|DISEASE|TREATMENT,NEEDS_REVIEW
HFM-A000191,针灸甲乙经/论文/针灸甲乙经/412-短刺手三里穴治疗腰腿痛临床体会.pdf,04 针灸甲乙经,"JIAYI,SEARCH,RESEARCH",WORK|BOOK|BOOK_EDITION|BOOK_PAGE|PAPER|SOURCE_RECORD|ACUPUNCTURE_CONCEPT|ACUPOINT|MERIDIAN|DISEASE|TREATMENT,NEEDS_REVIEW
HFM-A000192,针灸甲乙经/论文/针灸甲乙经/413-天突穴的临床应用.pdf,04 针灸甲乙经,"JIAYI,SEARCH,RESEARCH",WORK|BOOK|BOOK_EDITION|BOOK_PAGE|PAPER|SOURCE_RECORD|ACUPUNCTURE_CONCEPT|ACUPOINT|MERIDIAN|DISEASE|TREATMENT,NEEDS_REVIEW
HFM-A000193,针灸甲乙经/论文/针灸甲乙经/414-条口穴用于肩关节周围炎治疗的起源初探 (1).pdf,04 针灸甲乙经,"JIAYI,SEARCH,RESEARCH",WORK|BOOK|BOOK_EDITION|BOOK_PAGE|PAPER|SOURCE_RECORD|ACUPUNCTURE_CONCEPT|ACUPOINT|MERIDIAN|DISEASE|TREATMENT,NEEDS_REVIEW
HFM-A000194,针灸甲乙经/论文/针灸甲乙经/415-郄穴治疗经脉和脏腑顽固性疾病的临床应用.pdf,04 针灸甲乙经,"JIAYI,SEARCH,RESEARCH",WORK|BOOK|BOOK_EDITION|BOOK_PAGE|PAPER|SOURCE_RECORD|ACUPUNCTURE_CONCEPT|ACUPOINT|MERIDIAN|DISEASE|TREATMENT,NEEDS_REVIEW
HFM-A000195,针灸甲乙经/论文/针灸甲乙经/416-近年大椎穴临床研究概况.pdf,04 针灸甲乙经,"JIAYI,SEARCH,RESEARCH",WORK|BOOK|BOOK_EDITION|BOOK_PAGE|PAPER|SOURCE_RECORD|ACUPUNCTURE_CONCEPT|ACUPOINT|MERIDIAN|DISEASE|TREATMENT,NEEDS_REVIEW
HFM-A000196,针灸甲乙经/论文/针灸甲乙经/417-膝关节相关腧穴定位考析.pdf,04 针灸甲乙经,"JIAYI,SEARCH,RESEARCH",WORK|BOOK|BOOK_EDITION|BOOK_PAGE|PAPER|SOURCE_RECORD|ACUPUNCTURE_CONCEPT|ACUPOINT|MERIDIAN|DISEASE|TREATMENT,NEEDS_REVIEW
HFM-A000197,针灸甲乙经/论文/针灸甲乙经/419-“缪剌”与“巨刺”之浅析.pdf,04 针灸甲乙经,"JIAYI,SEARCH,RESEARCH",WORK|BOOK|BOOK_EDITION|BOOK_PAGE|PAPER|SOURCE_RECORD|ACUPUNCTURE_CONCEPT|ACUPOINT|MERIDIAN|DISEASE|TREATMENT,NEEDS_REVIEW
HFM-A000198,针灸甲乙经/论文/针灸甲乙经/42-《针灸甲乙经》治疗头痛的特点分析.pdf,04 针灸甲乙经,"JIAYI,SEARCH,RESEARCH",WORK|BOOK|BOOK_EDITION|BOOK_PAGE|PAPER|SOURCE_RECORD|ACUPUNCTURE_CONCEPT|ACUPOINT|MERIDIAN|DISEASE|TREATMENT,NEEDS_REVIEW
HFM-A000199,针灸甲乙经/论文/针灸甲乙经/420-疏肝调神针刺法治疗奔豚气案.pdf,04 针灸甲乙经,"JIAYI,SEARCH,RESEARCH",WORK|BOOK|BOOK_EDITION|BOOK_PAGE|PAPER|SOURCE_RECORD|ACUPUNCTURE_CONCEPT|ACUPOINT|MERIDIAN|DISEASE|TREATMENT,NEEDS_REVIEW
HFM-A000200,针灸甲乙经/论文/针灸甲乙经/421-百会穴临床应用概述.pdf,04 针灸甲乙经,"JIAYI,SEARCH,RESEARCH",WORK|BOOK|BOOK_EDITION|BOOK_PAGE|PAPER|SOURCE_RECORD|ACUPUNCTURE_CONCEPT|ACUPOINT|MERIDIAN|DISEASE|TREATMENT,NEEDS_REVIEW
HFM-A000201,针灸甲乙经/论文/针灸甲乙经/422-中医古籍校勘的新思考与新探索.pdf,04 针灸甲乙经,"JIAYI,SEARCH,RESEARCH",WORK|BOOK|BOOK_EDITION|BOOK_PAGE|PAPER|SOURCE_RECORD|ACUPUNCTURE_CONCEPT|ACUPOINT|MERIDIAN|DISEASE|TREATMENT,NEEDS_REVIEW
HFM-A000202,针灸甲乙经/论文/针灸甲乙经/423-中医古籍校勘的新思考与新探索(续).pdf,04 针灸甲乙经,"JIAYI,SEARCH,RESEARCH",WORK|BOOK|BOOK_EDITION|BOOK_PAGE|PAPER|SOURCE_RECORD|ACUPUNCTURE_CONCEPT|ACUPOINT|MERIDIAN|DISEASE|TREATMENT,NEEDS_REVIEW
HFM-A000203,针灸甲乙经/论文/针灸甲乙经/424-浅析手三里穴.pdf,04 针灸甲乙经,"JIAYI,SEARCH,RESEARCH",WORK|BOOK|BOOK_EDITION|BOOK_PAGE|PAPER|SOURCE_RECORD|ACUPUNCTURE_CONCEPT|ACUPOINT|MERIDIAN|DISEASE|TREATMENT,NEEDS_REVIEW
HFM-A000204,针灸甲乙经/论文/针灸甲乙经/425-天枢穴古今临床应用探析.pdf,04 针灸甲乙经,"JIAYI,SEARCH,RESEARCH",WORK|BOOK|BOOK_EDITION|BOOK_PAGE|PAPER|SOURCE_RECORD|ACUPUNCTURE_CONCEPT|ACUPOINT|MERIDIAN|DISEASE|TREATMENT,NEEDS_REVIEW
HFM-A000205,针灸甲乙经/论文/针灸甲乙经/426-化脓灸法临床应用与研究进展.pdf,04 针灸甲乙经,"JIAYI,SEARCH,RESEARCH",WORK|BOOK|BOOK_EDITION|BOOK_PAGE|PAPER|SOURCE_RECORD|ACUPUNCTURE_CONCEPT|ACUPOINT|MERIDIAN|DISEASE|TREATMENT,NEEDS_REVIEW
HFM-A000206,针灸甲乙经/论文/针灸甲乙经/427-论针刺深浅.pdf,04 针灸甲乙经,"JIAYI,SEARCH,RESEARCH",WORK|BOOK|BOOK_EDITION|BOOK_PAGE|PAPER|SOURCE_RECORD|ACUPUNCTURE_CONCEPT|ACUPOINT|MERIDIAN|DISEASE|TREATMENT,NEEDS_REVIEW
HFM-A000207,针灸甲乙经/论文/针灸甲乙经/428-气海穴基础研究进展.pdf,04 针灸甲乙经,"JIAYI,SEARCH,RESEARCH",WORK|BOOK|BOOK_EDITION|BOOK_PAGE|PAPER|SOURCE_RECORD|ACUPUNCTURE_CONCEPT|ACUPOINT|MERIDIAN|DISEASE|TREATMENT,NEEDS_REVIEW
HFM-A000208,针灸甲乙经/论文/针灸甲乙经/429-金门穴的特点与应用.pdf,04 针灸甲乙经,"JIAYI,SEARCH,RESEARCH",WORK|BOOK|BOOK_EDITION|BOOK_PAGE|PAPER|SOURCE_RECORD|ACUPUNCTURE_CONCEPT|ACUPOINT|MERIDIAN|DISEASE|TREATMENT,NEEDS_REVIEW
HFM-A000209,针灸甲乙经/论文/针灸甲乙经/430-背俞穴概述.pdf,04 针灸甲乙经,"JIAYI,SEARCH,RESEARCH",WORK|BOOK|BOOK_EDITION|BOOK_PAGE|PAPER|SOURCE_RECORD|ACUPUNCTURE_CONCEPT|ACUPOINT|MERIDIAN|DISEASE|TREATMENT,NEEDS_REVIEW
HFM-A000210,针灸甲乙经/论文/针灸甲乙经/431-百会穴临床应用概况.pdf,04 针灸甲乙经,"JIAYI,SEARCH,RESEARCH",WORK|BOOK|BOOK_EDITION|BOOK_PAGE|PAPER|SOURCE_RECORD|ACUPUNCTURE_CONCEPT|ACUPOINT|MERIDIAN|DISEASE|TREATMENT,NEEDS_REVIEW
HFM-A000211,针灸甲乙经/论文/针灸甲乙经/432-应用上巨虚穴调节胃肠功能的理论探讨.pdf,04 针灸甲乙经,"JIAYI,SEARCH,RESEARCH",WORK|BOOK|BOOK_EDITION|BOOK_PAGE|PAPER|SOURCE_RECORD|ACUPUNCTURE_CONCEPT|ACUPOINT|MERIDIAN|DISEASE|TREATMENT,NEEDS_REVIEW
HFM-A000212,针灸甲乙经/论文/针灸甲乙经/433-浅析针刺神阙穴的可行性.pdf,04 针灸甲乙经,"JIAYI,SEARCH,RESEARCH",WORK|BOOK|BOOK_EDITION|BOOK_PAGE|PAPER|SOURCE_RECORD|ACUPUNCTURE_CONCEPT|ACUPOINT|MERIDIAN|DISEASE|TREATMENT,NEEDS_REVIEW
HFM-A000213,针灸甲乙经/论文/针灸甲乙经/434-下关穴的临床应用.pdf,04 针灸甲乙经,"JIAYI,SEARCH,RESEARCH",WORK|BOOK|BOOK_EDITION|BOOK_PAGE|PAPER|SOURCE_RECORD|ACUPUNCTURE_CONCEPT|ACUPOINT|MERIDIAN|DISEASE|TREATMENT,NEEDS_REVIEW
HFM-A000214,针灸甲乙经/论文/针灸甲乙经/435-手三里穴的临床应用.pdf,04 针灸甲乙经,"JIAYI,SEARCH,RESEARCH",WORK|BOOK|BOOK_EDITION|BOOK_PAGE|PAPER|SOURCE_RECORD|ACUPUNCTURE_CONCEPT|ACUPOINT|MERIDIAN|DISEASE|TREATMENT,NEEDS_REVIEW
HFM-A000215,针灸甲乙经/论文/针灸甲乙经/437-针刺关元、曲骨、行间等穴对慢性非菌性前列腺炎大鼠TNF-α、IL-2的影响.pdf,04 针灸甲乙经,"JIAYI,SEARCH,RESEARCH",WORK|BOOK|BOOK_EDITION|BOOK_PAGE|PAPER|SOURCE_RECORD|ACUPUNCTURE_CONCEPT|ACUPOINT|MERIDIAN|DISEASE|TREATMENT,NEEDS_REVIEW
HFM-A000216,针灸甲乙经/论文/针灸甲乙经/438-肺俞穴的功效.pdf,04 针灸甲乙经,"JIAYI,SEARCH,RESEARCH",WORK|BOOK|BOOK_EDITION|BOOK_PAGE|PAPER|SOURCE_RECORD|ACUPUNCTURE_CONCEPT|ACUPOINT|MERIDIAN|DISEASE|TREATMENT,NEEDS_REVIEW
HFM-A000217,针灸甲乙经/论文/针灸甲乙经/44-《针灸甲乙经》的理论框架探析.pdf,04 针灸甲乙经,"JIAYI,SEARCH,RESEARCH",WORK|BOOK|BOOK_EDITION|BOOK_PAGE|PAPER|SOURCE_RECORD|ACUPUNCTURE_CONCEPT|ACUPOINT|MERIDIAN|DISEASE|TREATMENT,NEEDS_REVIEW
HFM-A000218,针灸甲乙经/论文/针灸甲乙经/440-脱疽源流考略.pdf,04 针灸甲乙经,"JIAYI,SEARCH,RESEARCH",WORK|BOOK|BOOK_EDITION|BOOK_PAGE|PAPER|SOURCE_RECORD|ACUPUNCTURE_CONCEPT|ACUPOINT|MERIDIAN|DISEASE|TREATMENT,NEEDS_REVIEW
HFM-A000219,针灸甲乙经/论文/针灸甲乙经/441-基于古代文献浅析手少阴心经与手厥阴心包经的联系.pdf,04 针灸甲乙经,"JIAYI,SEARCH,RESEARCH",WORK|BOOK|BOOK_EDITION|BOOK_PAGE|PAPER|SOURCE_RECORD|ACUPUNCTURE_CONCEPT|ACUPOINT|MERIDIAN|DISEASE|TREATMENT,NEEDS_REVIEW
HFM-A000220,针灸甲乙经/论文/针灸甲乙经/442-《医心方》引《诸病源候论》同义替换现象举隅.pdf,04 针灸甲乙经,"JIAYI,SEARCH,RESEARCH",WORK|BOOK|BOOK_EDITION|BOOK_PAGE|PAPER|SOURCE_RECORD|ACUPUNCTURE_CONCEPT|ACUPOINT|MERIDIAN|DISEASE|TREATMENT,NEEDS_REVIEW
HFM-A000221,针灸甲乙经/论文/针灸甲乙经/443-浅谈涌泉穴的主治病证.pdf,04 针灸甲乙经,"JIAYI,SEARCH,RESEARCH",WORK|BOOK|BOOK_EDITION|BOOK_PAGE|PAPER|SOURCE_RECORD|ACUPUNCTURE_CONCEPT|ACUPOINT|MERIDIAN|DISEASE|TREATMENT,NEEDS_REVIEW
HFM-A000222,针灸甲乙经/论文/针灸甲乙经/444-对少数经穴定位不一之商榷.pdf,04 针灸甲乙经,"JIAYI,SEARCH,RESEARCH",WORK|BOOK|BOOK_EDITION|BOOK_PAGE|PAPER|SOURCE_RECORD|ACUPUNCTURE_CONCEPT|ACUPOINT|MERIDIAN|DISEASE|TREATMENT,NEEDS_REVIEW
HFM-A000223,针灸甲乙经/论文/针灸甲乙经/445-_心胀_探析.pdf,04 针灸甲乙经,"JIAYI,SEARCH,RESEARCH",WORK|BOOK|BOOK_EDITION|BOOK_PAGE|PAPER|SOURCE_RECORD|ACUPUNCTURE_CONCEPT|ACUPOINT|MERIDIAN|DISEASE|TREATMENT,NEEDS_REVIEW
HFM-A000224,针灸甲乙经/论文/针灸甲乙经/446-针刺神门穴对心脏功能影响研究进展.pdf,04 针灸甲乙经,"JIAYI,SEARCH,RESEARCH",WORK|BOOK|BOOK_EDITION|BOOK_PAGE|PAPER|SOURCE_RECORD|ACUPUNCTURE_CONCEPT|ACUPOINT|MERIDIAN|DISEASE|TREATMENT,NEEDS_REVIEW
HFM-A000225,针灸甲乙经/论文/针灸甲乙经/447-基于经典文献整理的针刺治疗腰痛选穴研究.pdf,04 针灸甲乙经,"JIAYI,SEARCH,RESEARCH",WORK|BOOK|BOOK_EDITION|BOOK_PAGE|PAPER|SOURCE_RECORD|ACUPUNCTURE_CONCEPT|ACUPOINT|MERIDIAN|DISEASE|TREATMENT,NEEDS_REVIEW
HFM-A000226,针灸甲乙经/论文/针灸甲乙经/448-关于_穴位_一词英文翻译的看法.pdf,04 针灸甲乙经,"JIAYI,SEARCH,RESEARCH",WORK|BOOK|BOOK_EDITION|BOOK_PAGE|PAPER|SOURCE_RECORD|ACUPUNCTURE_CONCEPT|ACUPOINT|MERIDIAN|DISEASE|TREATMENT,NEEDS_REVIEW
HFM-A000227,针灸甲乙经/论文/针灸甲乙经/449-基于文献研究的肾性水肿思路探析.pdf,04 针灸甲乙经,"JIAYI,SEARCH,RESEARCH",WORK|BOOK|BOOK_EDITION|BOOK_PAGE|PAPER|SOURCE_RECORD|ACUPUNCTURE_CONCEPT|ACUPOINT|MERIDIAN|DISEASE|TREATMENT,NEEDS_REVIEW
HFM-A000228,针灸甲乙经/论文/针灸甲乙经/45-浅论《针灸甲乙经》对特定穴的贡献.pdf,04 针灸甲乙经,"JIAYI,SEARCH,RESEARCH",WORK|BOOK|BOOK_EDITION|BOOK_PAGE|PAPER|SOURCE_RECORD|ACUPUNCTURE_CONCEPT|ACUPOINT|MERIDIAN|DISEASE|TREATMENT,NEEDS_REVIEW
HFM-A000229,针灸甲乙经/论文/针灸甲乙经/450-试论腧穴体内属性.pdf,04 针灸甲乙经,"JIAYI,SEARCH,RESEARCH",WORK|BOOK|BOOK_EDITION|BOOK_PAGE|PAPER|SOURCE_RECORD|ACUPUNCTURE_CONCEPT|ACUPOINT|MERIDIAN|DISEASE|TREATMENT,NEEDS_REVIEW
HFM-A000230,针灸甲乙经/论文/针灸甲乙经/451-手三里.pdf,04 针灸甲乙经,"JIAYI,SEARCH,RESEARCH",WORK|BOOK|BOOK_EDITION|BOOK_PAGE|PAPER|SOURCE_RECORD|ACUPUNCTURE_CONCEPT|ACUPOINT|MERIDIAN|DISEASE|TREATMENT,NEEDS_REVIEW
HFM-A000231,针灸甲乙经/论文/针灸甲乙经/452-少海穴.pdf,04 针灸甲乙经,"JIAYI,SEARCH,RESEARCH",WORK|BOOK|BOOK_EDITION|BOOK_PAGE|PAPER|SOURCE_RECORD|ACUPUNCTURE_CONCEPT|ACUPOINT|MERIDIAN|DISEASE|TREATMENT,NEEDS_REVIEW
HFM-A000232,针灸甲乙经/论文/针灸甲乙经/457-柳氏广意派小儿推拿辨证施治小儿脑瘫.pdf,04 针灸甲乙经,"JIAYI,SEARCH,RESEARCH",WORK|BOOK|BOOK_EDITION|BOOK_PAGE|PAPER|SOURCE_RECORD|ACUPUNCTURE_CONCEPT|ACUPOINT|MERIDIAN|DISEASE|TREATMENT,NEEDS_REVIEW
HFM-A000233,针灸甲乙经/论文/针灸甲乙经/458-(譩)(譆)穴古代文献研究.pdf,04 针灸甲乙经,"JIAYI,SEARCH,RESEARCH",WORK|BOOK|BOOK_EDITION|BOOK_PAGE|PAPER|SOURCE_RECORD|ACUPUNCTURE_CONCEPT|ACUPOINT|MERIDIAN|DISEASE|TREATMENT,NEEDS_REVIEW
HFM-A000234,针灸甲乙经/论文/针灸甲乙经/459-八髎穴的临床运用.pdf,04 针灸甲乙经,"JIAYI,SEARCH,RESEARCH",WORK|BOOK|BOOK_EDITION|BOOK_PAGE|PAPER|SOURCE_RECORD|ACUPUNCTURE_CONCEPT|ACUPOINT|MERIDIAN|DISEASE|TREATMENT,NEEDS_REVIEW
HFM-A000235,针灸甲乙经/论文/针灸甲乙经/46-《针灸甲乙经》的针灸理论框架分析.pdf,04 针灸甲乙经,"JIAYI,SEARCH,RESEARCH",WORK|BOOK|BOOK_EDITION|BOOK_PAGE|PAPER|SOURCE_RECORD|ACUPUNCTURE_CONCEPT|ACUPOINT|MERIDIAN|DISEASE|TREATMENT,NEEDS_REVIEW
HFM-A000236,针灸甲乙经/论文/针灸甲乙经/460-灸疮_考辩.pdf,04 针灸甲乙经,"JIAYI,SEARCH,RESEARCH",WORK|BOOK|BOOK_EDITION|BOOK_PAGE|PAPER|SOURCE_RECORD|ACUPUNCTURE_CONCEPT|ACUPOINT|MERIDIAN|DISEASE|TREATMENT,NEEDS_REVIEW
HFM-A000237,针灸甲乙经/论文/针灸甲乙经/461-沈彤《释骨》考略.pdf,04 针灸甲乙经,"JIAYI,SEARCH,RESEARCH",WORK|BOOK|BOOK_EDITION|BOOK_PAGE|PAPER|SOURCE_RECORD|ACUPUNCTURE_CONCEPT|ACUPOINT|MERIDIAN|DISEASE|TREATMENT,NEEDS_REVIEW
HFM-A000238,针灸甲乙经/论文/针灸甲乙经/465-志室穴在蜂针中的应用.pdf,04 针灸甲乙经,"JIAYI,SEARCH,RESEARCH",WORK|BOOK|BOOK_EDITION|BOOK_PAGE|PAPER|SOURCE_RECORD|ACUPUNCTURE_CONCEPT|ACUPOINT|MERIDIAN|DISEASE|TREATMENT,NEEDS_REVIEW
HFM-A000239,针灸甲乙经/论文/针灸甲乙经/466-《黄帝内经》三阴三阳关阖枢说新论.pdf,04 针灸甲乙经,"JIAYI,SEARCH,RESEARCH",WORK|BOOK|BOOK_EDITION|BOOK_PAGE|PAPER|SOURCE_RECORD|ACUPUNCTURE_CONCEPT|ACUPOINT|MERIDIAN|DISEASE|TREATMENT,NEEDS_REVIEW
HFM-A000240,针灸甲乙经/论文/针灸甲乙经/467-上星穴穴性及临床应用.pdf,04 针灸甲乙经,"JIAYI,SEARCH,RESEARCH",WORK|BOOK|BOOK_EDITION|BOOK_PAGE|PAPER|SOURCE_RECORD|ACUPUNCTURE_CONCEPT|ACUPOINT|MERIDIAN|DISEASE|TREATMENT,NEEDS_REVIEW
HFM-A000241,针灸甲乙经/论文/针灸甲乙经/468-素髎穴的现代临床应用及研究.pdf,04 针灸甲乙经,"JIAYI,SEARCH,RESEARCH",WORK|BOOK|BOOK_EDITION|BOOK_PAGE|PAPER|SOURCE_RECORD|ACUPUNCTURE_CONCEPT|ACUPOINT|MERIDIAN|DISEASE|TREATMENT,NEEDS_REVIEW
HFM-A000242,针灸甲乙经/论文/针灸甲乙经/469-腕踝上三寸内外侧各有一个三经交会穴.pdf,04 针灸甲乙经,"JIAYI,SEARCH,RESEARCH",WORK|BOOK|BOOK_EDITION|BOOK_PAGE|PAPER|SOURCE_RECORD|ACUPUNCTURE_CONCEPT|ACUPOINT|MERIDIAN|DISEASE|TREATMENT,NEEDS_REVIEW
HFM-A000243,针灸甲乙经/论文/针灸甲乙经/47-论《针灸甲乙经》配穴方法对后世的影响.pdf,04 针灸甲乙经,"JIAYI,SEARCH,RESEARCH",WORK|BOOK|BOOK_EDITION|BOOK_PAGE|PAPER|SOURCE_RECORD|ACUPUNCTURE_CONCEPT|ACUPOINT|MERIDIAN|DISEASE|TREATMENT,NEEDS_REVIEW
HFM-A000244,针灸甲乙经/论文/针灸甲乙经/470-百会穴_顶中央旋毛中_考释.pdf,04 针灸甲乙经,"JIAYI,SEARCH,RESEARCH",WORK|BOOK|BOOK_EDITION|BOOK_PAGE|PAPER|SOURCE_RECORD|ACUPUNCTURE_CONCEPT|ACUPOINT|MERIDIAN|DISEASE|TREATMENT,NEEDS_REVIEW
HFM-A000245,针灸甲乙经/论文/针灸甲乙经/471-试论胸部经穴命名与古代建筑的关系.pdf,04 针灸甲乙经,"JIAYI,SEARCH,RESEARCH",WORK|BOOK|BOOK_EDITION|BOOK_PAGE|PAPER|SOURCE_RECORD|ACUPUNCTURE_CONCEPT|ACUPOINT|MERIDIAN|DISEASE|TREATMENT,NEEDS_REVIEW
HFM-A000246,针灸甲乙经/论文/针灸甲乙经/472-瓜蒌不同入药部位的药用价值及临床应用.pdf,04 针灸甲乙经,"JIAYI,SEARCH,RESEARCH",WORK|BOOK|BOOK_EDITION|BOOK_PAGE|PAPER|SOURCE_RECORD|ACUPUNCTURE_CONCEPT|ACUPOINT|MERIDIAN|DISEASE|TREATMENT,NEEDS_REVIEW
HFM-A000247,针灸甲乙经/论文/针灸甲乙经/473-Combined+Use+of+the+Points+Shenmai+and+Zhaohai+for.pdf,04 针灸甲乙经,"JIAYI,SEARCH,RESEARCH",WORK|BOOK|BOOK_EDITION|BOOK_PAGE|PAPER|SOURCE_RECORD|ACUPUNCTURE_CONCEPT|ACUPOINT|MERIDIAN|DISEASE|TREATMENT,NEEDS_REVIEW
HFM-A000248,针灸甲乙经/论文/针灸甲乙经/475-中脘穴的古今应用与研究.pdf,04 针灸甲乙经,"JIAYI,SEARCH,RESEARCH",WORK|BOOK|BOOK_EDITION|BOOK_PAGE|PAPER|SOURCE_RECORD|ACUPUNCTURE_CONCEPT|ACUPOINT|MERIDIAN|DISEASE|TREATMENT,NEEDS_REVIEW
HFM-A000249,针灸甲乙经/论文/针灸甲乙经/476-经穴详解系列篇(2).pdf,04 针灸甲乙经,"JIAYI,SEARCH,RESEARCH",WORK|BOOK|BOOK_EDITION|BOOK_PAGE|PAPER|SOURCE_RECORD|ACUPUNCTURE_CONCEPT|ACUPOINT|MERIDIAN|DISEASE|TREATMENT,NEEDS_REVIEW
HFM-A000250,针灸甲乙经/论文/针灸甲乙经/477-对分类研究《内经》文献的评析.pdf,04 针灸甲乙经,"JIAYI,SEARCH,RESEARCH",WORK|BOOK|BOOK_EDITION|BOOK_PAGE|PAPER|SOURCE_RECORD|ACUPUNCTURE_CONCEPT|ACUPOINT|MERIDIAN|DISEASE|TREATMENT,NEEDS_REVIEW
HFM-A000251,针灸甲乙经/论文/针灸甲乙经/478-悬钟穴的应用及定位考证.pdf,04 针灸甲乙经,"JIAYI,SEARCH,RESEARCH",WORK|BOOK|BOOK_EDITION|BOOK_PAGE|PAPER|SOURCE_RECORD|ACUPUNCTURE_CONCEPT|ACUPOINT|MERIDIAN|DISEASE|TREATMENT,NEEDS_REVIEW
HFM-A000252,针灸甲乙经/论文/针灸甲乙经/479-百会穴的临证应用与研究述要.pdf,04 针灸甲乙经,"JIAYI,SEARCH,RESEARCH",WORK|BOOK|BOOK_EDITION|BOOK_PAGE|PAPER|SOURCE_RECORD|ACUPUNCTURE_CONCEPT|ACUPOINT|MERIDIAN|DISEASE|TREATMENT,NEEDS_REVIEW
HFM-A000253,针灸甲乙经/论文/针灸甲乙经/480-神阙穴拔罐调气作用的理论认识与临床应用.pdf,04 针灸甲乙经,"JIAYI,SEARCH,RESEARCH",WORK|BOOK|BOOK_EDITION|BOOK_PAGE|PAPER|SOURCE_RECORD|ACUPUNCTURE_CONCEPT|ACUPOINT|MERIDIAN|DISEASE|TREATMENT,NEEDS_REVIEW
HFM-A000254,针灸甲乙经/论文/针灸甲乙经/481-天突穴刺法述要.pdf,04 针灸甲乙经,"JIAYI,SEARCH,RESEARCH",WORK|BOOK|BOOK_EDITION|BOOK_PAGE|PAPER|SOURCE_RECORD|ACUPUNCTURE_CONCEPT|ACUPOINT|MERIDIAN|DISEASE|TREATMENT,NEEDS_REVIEW
HFM-A000255,针灸甲乙经/论文/针灸甲乙经/482-鸠尾穴的古代文献研究.pdf,04 针灸甲乙经,"JIAYI,SEARCH,RESEARCH",WORK|BOOK|BOOK_EDITION|BOOK_PAGE|PAPER|SOURCE_RECORD|ACUPUNCTURE_CONCEPT|ACUPOINT|MERIDIAN|DISEASE|TREATMENT,NEEDS_REVIEW
HFM-A000256,针灸甲乙经/论文/针灸甲乙经/483-关于慢性前列腺炎中医病名的两点商榷.pdf,04 针灸甲乙经,"JIAYI,SEARCH,RESEARCH",WORK|BOOK|BOOK_EDITION|BOOK_PAGE|PAPER|SOURCE_RECORD|ACUPUNCTURE_CONCEPT|ACUPOINT|MERIDIAN|DISEASE|TREATMENT,NEEDS_REVIEW
HFM-A000257,针灸甲乙经/论文/针灸甲乙经/484-四渎穴穴性辑考及临床发挥.pdf,04 针灸甲乙经,"JIAYI,SEARCH,RESEARCH",WORK|BOOK|BOOK_EDITION|BOOK_PAGE|PAPER|SOURCE_RECORD|ACUPUNCTURE_CONCEPT|ACUPOINT|MERIDIAN|DISEASE|TREATMENT,NEEDS_REVIEW
HFM-A000258,针灸甲乙经/论文/针灸甲乙经/485-《医学六经》考.pdf,04 针灸甲乙经,"JIAYI,SEARCH,RESEARCH",WORK|BOOK|BOOK_EDITION|BOOK_PAGE|PAPER|SOURCE_RECORD|ACUPUNCTURE_CONCEPT|ACUPOINT|MERIDIAN|DISEASE|TREATMENT,NEEDS_REVIEW
HFM-A000259,针灸甲乙经/论文/针灸甲乙经/486-中医非药物疗法急诊应用专家共识.pdf,04 针灸甲乙经,"JIAYI,SEARCH,RESEARCH",WORK|BOOK|BOOK_EDITION|BOOK_PAGE|PAPER|SOURCE_RECORD|ACUPUNCTURE_CONCEPT|ACUPOINT|MERIDIAN|DISEASE|TREATMENT,NEEDS_REVIEW
HFM-A000260,针灸甲乙经/论文/针灸甲乙经/487-简帛踝部诊脉法发微.pdf,04 针灸甲乙经,"JIAYI,SEARCH,RESEARCH",WORK|BOOK|BOOK_EDITION|BOOK_PAGE|PAPER|SOURCE_RECORD|ACUPUNCTURE_CONCEPT|ACUPOINT|MERIDIAN|DISEASE|TREATMENT,NEEDS_REVIEW
HFM-A000261,针灸甲乙经/论文/针灸甲乙经/489-  基于古今文献和解剖数据考证箕门穴定位及其变革.pdf,04 针灸甲乙经,"JIAYI,SEARCH,RESEARCH",WORK|BOOK|BOOK_EDITION|BOOK_PAGE|PAPER|SOURCE_RECORD|ACUPUNCTURE_CONCEPT|ACUPOINT|MERIDIAN|DISEASE|TREATMENT,NEEDS_REVIEW
HFM-A000262,针灸甲乙经/论文/针灸甲乙经/49-《针灸甲乙经》腧穴主治条文勘误.pdf,04 针灸甲乙经,"JIAYI,SEARCH,RESEARCH",WORK|BOOK|BOOK_EDITION|BOOK_PAGE|PAPER|SOURCE_RECORD|ACUPUNCTURE_CONCEPT|ACUPOINT|MERIDIAN|DISEASE|TREATMENT,NEEDS_REVIEW
HFM-A000263,针灸甲乙经/论文/针灸甲乙经/490-肉瘤源流考.pdf,04 针灸甲乙经,"JIAYI,SEARCH,RESEARCH",WORK|BOOK|BOOK_EDITION|BOOK_PAGE|PAPER|SOURCE_RECORD|ACUPUNCTURE_CONCEPT|ACUPOINT|MERIDIAN|DISEASE|TREATMENT,NEEDS_REVIEW
HFM-A000264,针灸甲乙经/论文/针灸甲乙经/491-浅谈中医针刺麻醉方法与应用.pdf,04 针灸甲乙经,"JIAYI,SEARCH,RESEARCH",WORK|BOOK|BOOK_EDITION|BOOK_PAGE|PAPER|SOURCE_RECORD|ACUPUNCTURE_CONCEPT|ACUPOINT|MERIDIAN|DISEASE|TREATMENT,NEEDS_REVIEW
HFM-A000265,针灸甲乙经/论文/针灸甲乙经/492-纵论_卫出下焦_乃《黄帝内经》本义.pdf,04 针灸甲乙经,"JIAYI,SEARCH,RESEARCH",WORK|BOOK|BOOK_EDITION|BOOK_PAGE|PAPER|SOURCE_RECORD|ACUPUNCTURE_CONCEPT|ACUPOINT|MERIDIAN|DISEASE|TREATMENT,NEEDS_REVIEW
HFM-A000266,针灸甲乙经/论文/针灸甲乙经/493-取穴方法的文献研究.pdf,04 针灸甲乙经,"JIAYI,SEARCH,RESEARCH",WORK|BOOK|BOOK_EDITION|BOOK_PAGE|PAPER|SOURCE_RECORD|ACUPUNCTURE_CONCEPT|ACUPOINT|MERIDIAN|DISEASE|TREATMENT,NEEDS_REVIEW
HFM-A000267,针灸甲乙经/论文/针灸甲乙经/494-高职高专《经络腧穴学》课程教学改革实践研究.pdf,04 针灸甲乙经,"JIAYI,SEARCH,RESEARCH",WORK|BOOK|BOOK_EDITION|BOOK_PAGE|PAPER|SOURCE_RECORD|ACUPUNCTURE_CONCEPT|ACUPOINT|MERIDIAN|DISEASE|TREATMENT,NEEDS_REVIEW
HFM-A000268,针灸甲乙经/论文/针灸甲乙经/495-探析百会穴在中风病后遗症中的临床作用.pdf,04 针灸甲乙经,"JIAYI,SEARCH,RESEARCH",WORK|BOOK|BOOK_EDITION|BOOK_PAGE|PAPER|SOURCE_RECORD|ACUPUNCTURE_CONCEPT|ACUPOINT|MERIDIAN|DISEASE|TREATMENT,NEEDS_REVIEW
HFM-A000269,针灸甲乙经/论文/针灸甲乙经/496-中医中药对糖尿病足溃疡治疗进展.pdf,04 针灸甲乙经,"JIAYI,SEARCH,RESEARCH",WORK|BOOK|BOOK_EDITION|BOOK_PAGE|PAPER|SOURCE_RECORD|ACUPUNCTURE_CONCEPT|ACUPOINT|MERIDIAN|DISEASE|TREATMENT,NEEDS_REVIEW
HFM-A000270,"针灸甲乙经/论文/针灸甲乙经/497-基于内关治疗肩周炎解读_淫气忧思,痹聚在心_.pdf",04 针灸甲乙经,"JIAYI,SEARCH,RESEARCH",WORK|BOOK|BOOK_EDITION|BOOK_PAGE|PAPER|SOURCE_RECORD|ACUPUNCTURE_CONCEPT|ACUPOINT|MERIDIAN|DISEASE|TREATMENT,NEEDS_REVIEW
HFM-A000271,针灸甲乙经/论文/针灸甲乙经/498-陶道穴的临床应用.pdf,04 针灸甲乙经,"JIAYI,SEARCH,RESEARCH",WORK|BOOK|BOOK_EDITION|BOOK_PAGE|PAPER|SOURCE_RECORD|ACUPUNCTURE_CONCEPT|ACUPOINT|MERIDIAN|DISEASE|TREATMENT,NEEDS_REVIEW
HFM-A000272,针灸甲乙经/论文/针灸甲乙经/499-妙在__脐_中.pdf,04 针灸甲乙经,"JIAYI,SEARCH,RESEARCH",WORK|BOOK|BOOK_EDITION|BOOK_PAGE|PAPER|SOURCE_RECORD|ACUPUNCTURE_CONCEPT|ACUPOINT|MERIDIAN|DISEASE|TREATMENT,NEEDS_REVIEW
HFM-A000273,针灸甲乙经/论文/针灸甲乙经/5-论《针灸甲乙经》之灸法特色.pdf,04 针灸甲乙经,"JIAYI,SEARCH,RESEARCH",WORK|BOOK|BOOK_EDITION|BOOK_PAGE|PAPER|SOURCE_RECORD|ACUPUNCTURE_CONCEPT|ACUPOINT|MERIDIAN|DISEASE|TREATMENT,NEEDS_REVIEW
HFM-A000274,针灸甲乙经/论文/针灸甲乙经/50-《针灸甲乙经》腰痛的诊治特点探析.pdf,04 针灸甲乙经,"JIAYI,SEARCH,RESEARCH",WORK|BOOK|BOOK_EDITION|BOOK_PAGE|PAPER|SOURCE_RECORD|ACUPUNCTURE_CONCEPT|ACUPOINT|MERIDIAN|DISEASE|TREATMENT,NEEDS_REVIEW
HFM-A000275,"针灸甲乙经/论文/针灸甲乙经/500-地形拟名,浅洼之泽穴.pdf",04 针灸甲乙经,"JIAYI,SEARCH,RESEARCH",WORK|BOOK|BOOK_EDITION|BOOK_PAGE|PAPER|SOURCE_RECORD|ACUPUNCTURE_CONCEPT|ACUPOINT|MERIDIAN|DISEASE|TREATMENT,NEEDS_REVIEW
HFM-A000276,针灸甲乙经/论文/针灸甲乙经/501-大巨穴的临床应用.pdf,04 针灸甲乙经,"JIAYI,SEARCH,RESEARCH",WORK|BOOK|BOOK_EDITION|BOOK_PAGE|PAPER|SOURCE_RECORD|ACUPUNCTURE_CONCEPT|ACUPOINT|MERIDIAN|DISEASE|TREATMENT,NEEDS_REVIEW
HFM-A000277,针灸甲乙经/论文/针灸甲乙经/502-白涩症源流浅析.pdf,04 针灸甲乙经,"JIAYI,SEARCH,RESEARCH",WORK|BOOK|BOOK_EDITION|BOOK_PAGE|PAPER|SOURCE_RECORD|ACUPUNCTURE_CONCEPT|ACUPOINT|MERIDIAN|DISEASE|TREATMENT,NEEDS_REVIEW
HFM-A000278,针灸甲乙经/论文/针灸甲乙经/503-历节病并发奔豚病的病机及证治探讨.pdf,04 针灸甲乙经,"JIAYI,SEARCH,RESEARCH",WORK|BOOK|BOOK_EDITION|BOOK_PAGE|PAPER|SOURCE_RECORD|ACUPUNCTURE_CONCEPT|ACUPOINT|MERIDIAN|DISEASE|TREATMENT,NEEDS_REVIEW
HFM-A000279,针灸甲乙经/论文/针灸甲乙经/504-基于复杂网络的智能配穴数目探讨.pdf,04 针灸甲乙经,"JIAYI,SEARCH,RESEARCH",WORK|BOOK|BOOK_EDITION|BOOK_PAGE|PAPER|SOURCE_RECORD|ACUPUNCTURE_CONCEPT|ACUPOINT|MERIDIAN|DISEASE|TREATMENT,NEEDS_REVIEW
HFM-A000280,针灸甲乙经/论文/针灸甲乙经/505-针药并用治疗慢性肾风风湿伤肾证临证经验述要.pdf,04 针灸甲乙经,"JIAYI,SEARCH,RESEARCH",WORK|BOOK|BOOK_EDITION|BOOK_PAGE|PAPER|SOURCE_RECORD|ACUPUNCTURE_CONCEPT|ACUPOINT|MERIDIAN|DISEASE|TREATMENT,NEEDS_REVIEW
HFM-A000281,针灸甲乙经/论文/针灸甲乙经/506-中医名词术语（三）.pdf,04 针灸甲乙经,"JIAYI,SEARCH,RESEARCH",WORK|BOOK|BOOK_EDITION|BOOK_PAGE|PAPER|SOURCE_RECORD|ACUPUNCTURE_CONCEPT|ACUPOINT|MERIDIAN|DISEASE|TREATMENT,NEEDS_REVIEW
HFM-A000282,针灸甲乙经/论文/针灸甲乙经/507-敦煌《灸经图》足太阳经理论源流探析.pdf,04 针灸甲乙经,"JIAYI,SEARCH,RESEARCH",WORK|BOOK|BOOK_EDITION|BOOK_PAGE|PAPER|SOURCE_RECORD|ACUPUNCTURE_CONCEPT|ACUPOINT|MERIDIAN|DISEASE|TREATMENT,NEEDS_REVIEW
HFM-A000283,针灸甲乙经/论文/针灸甲乙经/508-不乳儿乳痈的古代中医文献初探.pdf,04 针灸甲乙经,"JIAYI,SEARCH,RESEARCH",WORK|BOOK|BOOK_EDITION|BOOK_PAGE|PAPER|SOURCE_RECORD|ACUPUNCTURE_CONCEPT|ACUPOINT|MERIDIAN|DISEASE|TREATMENT,NEEDS_REVIEW
HFM-A000284,针灸甲乙经/论文/针灸甲乙经/509-《金匮要略直解》述要.pdf,04 针灸甲乙经,"JIAYI,SEARCH,RESEARCH",WORK|BOOK|BOOK_EDITION|BOOK_PAGE|PAPER|SOURCE_RECORD|ACUPUNCTURE_CONCEPT|ACUPOINT|MERIDIAN|DISEASE|TREATMENT,NEEDS_REVIEW
HFM-A000285,针灸甲乙经/论文/针灸甲乙经/51-《针灸甲乙经》的针灸理论框架研究.pdf,04 针灸甲乙经,"JIAYI,SEARCH,RESEARCH",WORK|BOOK|BOOK_EDITION|BOOK_PAGE|PAPER|SOURCE_RECORD|ACUPUNCTURE_CONCEPT|ACUPOINT|MERIDIAN|DISEASE|TREATMENT,NEEDS_REVIEW
HFM-A000286,针灸甲乙经/论文/针灸甲乙经/510-李顺保教授奇经八脉腧穴考证研究.pdf,04 针灸甲乙经,"JIAYI,SEARCH,RESEARCH",WORK|BOOK|BOOK_EDITION|BOOK_PAGE|PAPER|SOURCE_RECORD|ACUPUNCTURE_CONCEPT|ACUPOINT|MERIDIAN|DISEASE|TREATMENT,NEEDS_REVIEW
HFM-A000287,针灸甲乙经/论文/针灸甲乙经/511-“凥”、“尻”义考.pdf,04 针灸甲乙经,"JIAYI,SEARCH,RESEARCH",WORK|BOOK|BOOK_EDITION|BOOK_PAGE|PAPER|SOURCE_RECORD|ACUPUNCTURE_CONCEPT|ACUPOINT|MERIDIAN|DISEASE|TREATMENT,NEEDS_REVIEW
HFM-A000288,针灸甲乙经/论文/针灸甲乙经/512-《备急千金要方校释》读后的几点商榷（二）.pdf,04 针灸甲乙经,"JIAYI,SEARCH,RESEARCH",WORK|BOOK|BOOK_EDITION|BOOK_PAGE|PAPER|SOURCE_RECORD|ACUPUNCTURE_CONCEPT|ACUPOINT|MERIDIAN|DISEASE|TREATMENT,NEEDS_REVIEW
HFM-A000289,针灸甲乙经/论文/针灸甲乙经/513-《脉经》脉诊探微.pdf,04 针灸甲乙经,"JIAYI,SEARCH,RESEARCH",WORK|BOOK|BOOK_EDITION|BOOK_PAGE|PAPER|SOURCE_RECORD|ACUPUNCTURE_CONCEPT|ACUPOINT|MERIDIAN|DISEASE|TREATMENT,NEEDS_REVIEW
HFM-A000290,针灸甲乙经/论文/针灸甲乙经/514-浅谈至阳穴治疗胸痹.pdf,04 针灸甲乙经,"JIAYI,SEARCH,RESEARCH",WORK|BOOK|BOOK_EDITION|BOOK_PAGE|PAPER|SOURCE_RECORD|ACUPUNCTURE_CONCEPT|ACUPOINT|MERIDIAN|DISEASE|TREATMENT,NEEDS_REVIEW
HFM-A000291,针灸甲乙经/论文/针灸甲乙经/515-粗针平刺身柱穴治疗肌张力增高验案举隅.pdf,04 针灸甲乙经,"JIAYI,SEARCH,RESEARCH",WORK|BOOK|BOOK_EDITION|BOOK_PAGE|PAPER|SOURCE_RECORD|ACUPUNCTURE_CONCEPT|ACUPOINT|MERIDIAN|DISEASE|TREATMENT,NEEDS_REVIEW
HFM-A000292,针灸甲乙经/论文/针灸甲乙经/516-耳鸣耳聋从三焦经论治初探.pdf,04 针灸甲乙经,"JIAYI,SEARCH,RESEARCH",WORK|BOOK|BOOK_EDITION|BOOK_PAGE|PAPER|SOURCE_RECORD|ACUPUNCTURE_CONCEPT|ACUPOINT|MERIDIAN|DISEASE|TREATMENT,NEEDS_REVIEW
HFM-A000293,针灸甲乙经/论文/针灸甲乙经/517-中医中药治愈不孕（IVF准备期间）症验案--李祥云教授临证验案撷英.pdf,04 针灸甲乙经,"JIAYI,SEARCH,RESEARCH",WORK|BOOK|BOOK_EDITION|BOOK_PAGE|PAPER|SOURCE_RECORD|ACUPUNCTURE_CONCEPT|ACUPOINT|MERIDIAN|DISEASE|TREATMENT,NEEDS_REVIEW
HFM-A000294,针灸甲乙经/论文/针灸甲乙经/518-地仓穴定位探赜.pdf,04 针灸甲乙经,"JIAYI,SEARCH,RESEARCH",WORK|BOOK|BOOK_EDITION|BOOK_PAGE|PAPER|SOURCE_RECORD|ACUPUNCTURE_CONCEPT|ACUPOINT|MERIDIAN|DISEASE|TREATMENT,NEEDS_REVIEW
HFM-A000295,针灸甲乙经/论文/针灸甲乙经/519-风池穴治疗眼疾验案举隅.pdf,04 针灸甲乙经,"JIAYI,SEARCH,RESEARCH",WORK|BOOK|BOOK_EDITION|BOOK_PAGE|PAPER|SOURCE_RECORD|ACUPUNCTURE_CONCEPT|ACUPOINT|MERIDIAN|DISEASE|TREATMENT,NEEDS_REVIEW
HFM-A000296,针灸甲乙经/论文/针灸甲乙经/52-《针灸甲乙经》皇甫谧序纠谬一则.pdf,04 针灸甲乙经,"JIAYI,SEARCH,RESEARCH",WORK|BOOK|BOOK_EDITION|BOOK_PAGE|PAPER|SOURCE_RECORD|ACUPUNCTURE_CONCEPT|ACUPOINT|MERIDIAN|DISEASE|TREATMENT,NEEDS_REVIEW
HFM-A000297,针灸甲乙经/论文/针灸甲乙经/520-读《黄帝内经》札记(十).pdf,04 针灸甲乙经,"JIAYI,SEARCH,RESEARCH",WORK|BOOK|BOOK_EDITION|BOOK_PAGE|PAPER|SOURCE_RECORD|ACUPUNCTURE_CONCEPT|ACUPOINT|MERIDIAN|DISEASE|TREATMENT,NEEDS_REVIEW
HFM-A000298,针灸甲乙经/论文/针灸甲乙经/521-照海穴在五官疾病中的应用.pdf,04 针灸甲乙经,"JIAYI,SEARCH,RESEARCH",WORK|BOOK|BOOK_EDITION|BOOK_PAGE|PAPER|SOURCE_RECORD|ACUPUNCTURE_CONCEPT|ACUPOINT|MERIDIAN|DISEASE|TREATMENT,NEEDS_REVIEW
HFM-A000299,针灸甲乙经/论文/针灸甲乙经/522-头针疗法为主的临床应用研究进展.pdf,04 针灸甲乙经,"JIAYI,SEARCH,RESEARCH",WORK|BOOK|BOOK_EDITION|BOOK_PAGE|PAPER|SOURCE_RECORD|ACUPUNCTURE_CONCEPT|ACUPOINT|MERIDIAN|DISEASE|TREATMENT,NEEDS_REVIEW
HFM-A000300,针灸甲乙经/论文/针灸甲乙经/523-一针一灸有奇功——贺新编历史剧《皇甫谧》北京展演成功.pdf,04 针灸甲乙经,"JIAYI,SEARCH,RESEARCH",WORK|BOOK|BOOK_EDITION|BOOK_PAGE|PAPER|SOURCE_RECORD|ACUPUNCTURE_CONCEPT|ACUPOINT|MERIDIAN|DISEASE|TREATMENT,NEEDS_REVIEW
HFM-A000301,针灸甲乙经/论文/针灸甲乙经/524-原络配穴及其现代临床应用.pdf,04 针灸甲乙经,"JIAYI,SEARCH,RESEARCH",WORK|BOOK|BOOK_EDITION|BOOK_PAGE|PAPER|SOURCE_RECORD|ACUPUNCTURE_CONCEPT|ACUPOINT|MERIDIAN|DISEASE|TREATMENT,NEEDS_REVIEW
HFM-A000302,针灸甲乙经/论文/针灸甲乙经/525-水沟穴临证运用举隅.pdf,04 针灸甲乙经,"JIAYI,SEARCH,RESEARCH",WORK|BOOK|BOOK_EDITION|BOOK_PAGE|PAPER|SOURCE_RECORD|ACUPUNCTURE_CONCEPT|ACUPOINT|MERIDIAN|DISEASE|TREATMENT,NEEDS_REVIEW
HFM-A000303,针灸甲乙经/论文/针灸甲乙经/526-谈_张仲景见王粲_故事之真伪.pdf,04 针灸甲乙经,"JIAYI,SEARCH,RESEARCH",WORK|BOOK|BOOK_EDITION|BOOK_PAGE|PAPER|SOURCE_RECORD|ACUPUNCTURE_CONCEPT|ACUPOINT|MERIDIAN|DISEASE|TREATMENT,NEEDS_REVIEW
HFM-A000304,针灸甲乙经/论文/针灸甲乙经/527-罗灵松老中医临证经验拾贝.pdf,04 针灸甲乙经,"JIAYI,SEARCH,RESEARCH",WORK|BOOK|BOOK_EDITION|BOOK_PAGE|PAPER|SOURCE_RECORD|ACUPUNCTURE_CONCEPT|ACUPOINT|MERIDIAN|DISEASE|TREATMENT,NEEDS_REVIEW
HFM-A000305,针灸甲乙经/论文/针灸甲乙经/528-宋人增补《千金要方》内容考证.pdf,04 针灸甲乙经,"JIAYI,SEARCH,RESEARCH",WORK|BOOK|BOOK_EDITION|BOOK_PAGE|PAPER|SOURCE_RECORD|ACUPUNCTURE_CONCEPT|ACUPOINT|MERIDIAN|DISEASE|TREATMENT,NEEDS_REVIEW
HFM-A000306,针灸甲乙经/论文/针灸甲乙经/529-神阙穴在急症中运用举隅.pdf,04 针灸甲乙经,"JIAYI,SEARCH,RESEARCH",WORK|BOOK|BOOK_EDITION|BOOK_PAGE|PAPER|SOURCE_RECORD|ACUPUNCTURE_CONCEPT|ACUPOINT|MERIDIAN|DISEASE|TREATMENT,NEEDS_REVIEW
HFM-A000307,针灸甲乙经/论文/针灸甲乙经/530-四肢部古代解剖学名词今译.pdf,04 针灸甲乙经,"JIAYI,SEARCH,RESEARCH",WORK|BOOK|BOOK_EDITION|BOOK_PAGE|PAPER|SOURCE_RECORD|ACUPUNCTURE_CONCEPT|ACUPOINT|MERIDIAN|DISEASE|TREATMENT,NEEDS_REVIEW
HFM-A000308,针灸甲乙经/论文/针灸甲乙经/531-头针的临床应用与研究进展.pdf,04 针灸甲乙经,"JIAYI,SEARCH,RESEARCH",WORK|BOOK|BOOK_EDITION|BOOK_PAGE|PAPER|SOURCE_RECORD|ACUPUNCTURE_CONCEPT|ACUPOINT|MERIDIAN|DISEASE|TREATMENT,NEEDS_REVIEW
HFM-A000309,针灸甲乙经/论文/针灸甲乙经/532-李平教授水沟穴治验举隅.pdf,04 针灸甲乙经,"JIAYI,SEARCH,RESEARCH",WORK|BOOK|BOOK_EDITION|BOOK_PAGE|PAPER|SOURCE_RECORD|ACUPUNCTURE_CONCEPT|ACUPOINT|MERIDIAN|DISEASE|TREATMENT,NEEDS_REVIEW
HFM-A000310,针灸甲乙经/论文/针灸甲乙经/533-论运气_七篇大论_与《素问》的关系.pdf,04 针灸甲乙经,"JIAYI,SEARCH,RESEARCH",WORK|BOOK|BOOK_EDITION|BOOK_PAGE|PAPER|SOURCE_RECORD|ACUPUNCTURE_CONCEPT|ACUPOINT|MERIDIAN|DISEASE|TREATMENT,NEEDS_REVIEW
HFM-A000311,针灸甲乙经/论文/针灸甲乙经/534-古代文献中百会穴的记载.pdf,04 针灸甲乙经,"JIAYI,SEARCH,RESEARCH",WORK|BOOK|BOOK_EDITION|BOOK_PAGE|PAPER|SOURCE_RECORD|ACUPUNCTURE_CONCEPT|ACUPOINT|MERIDIAN|DISEASE|TREATMENT,NEEDS_REVIEW
HFM-A000312,针灸甲乙经/论文/针灸甲乙经/535-合谷配穴谈.pdf,04 针灸甲乙经,"JIAYI,SEARCH,RESEARCH",WORK|BOOK|BOOK_EDITION|BOOK_PAGE|PAPER|SOURCE_RECORD|ACUPUNCTURE_CONCEPT|ACUPOINT|MERIDIAN|DISEASE|TREATMENT,NEEDS_REVIEW
HFM-A000313,针灸甲乙经/论文/针灸甲乙经/536-《黄帝内经》论经络学说浅析(下).pdf,04 针灸甲乙经,"JIAYI,SEARCH,RESEARCH",WORK|BOOK|BOOK_EDITION|BOOK_PAGE|PAPER|SOURCE_RECORD|ACUPUNCTURE_CONCEPT|ACUPOINT|MERIDIAN|DISEASE|TREATMENT,NEEDS_REVIEW
HFM-A000314,针灸甲乙经/论文/针灸甲乙经/537-浅析十二原穴主治作用.pdf,04 针灸甲乙经,"JIAYI,SEARCH,RESEARCH",WORK|BOOK|BOOK_EDITION|BOOK_PAGE|PAPER|SOURCE_RECORD|ACUPUNCTURE_CONCEPT|ACUPOINT|MERIDIAN|DISEASE|TREATMENT,NEEDS_REVIEW
HFM-A000315,针灸甲乙经/论文/针灸甲乙经/538-宋以前中医小儿外治法发展概述.pdf,04 针灸甲乙经,"JIAYI,SEARCH,RESEARCH",WORK|BOOK|BOOK_EDITION|BOOK_PAGE|PAPER|SOURCE_RECORD|ACUPUNCTURE_CONCEPT|ACUPOINT|MERIDIAN|DISEASE|TREATMENT,NEEDS_REVIEW
HFM-A000316,针灸甲乙经/论文/针灸甲乙经/539-杨骏教授运用益气养血通络法治疗格林-巴利综合征的经验.pdf,04 针灸甲乙经,"JIAYI,SEARCH,RESEARCH",WORK|BOOK|BOOK_EDITION|BOOK_PAGE|PAPER|SOURCE_RECORD|ACUPUNCTURE_CONCEPT|ACUPOINT|MERIDIAN|DISEASE|TREATMENT,NEEDS_REVIEW
HFM-A000317,针灸甲乙经/论文/针灸甲乙经/54-《黄帝针灸甲乙经》论治妇科疾病浅释.pdf,04 针灸甲乙经,"JIAYI,SEARCH,RESEARCH",WORK|BOOK|BOOK_EDITION|BOOK_PAGE|PAPER|SOURCE_RECORD|ACUPUNCTURE_CONCEPT|ACUPOINT|MERIDIAN|DISEASE|TREATMENT,NEEDS_REVIEW
HFM-A000318,针灸甲乙经/论文/针灸甲乙经/540-点按手三里治疗急性腹痛的机制探讨.pdf,04 针灸甲乙经,"JIAYI,SEARCH,RESEARCH",WORK|BOOK|BOOK_EDITION|BOOK_PAGE|PAPER|SOURCE_RECORD|ACUPUNCTURE_CONCEPT|ACUPOINT|MERIDIAN|DISEASE|TREATMENT,NEEDS_REVIEW
HFM-A000319,针灸甲乙经/论文/针灸甲乙经/541-针药并治老年性肺炎验案一则探析.pdf,04 针灸甲乙经,"JIAYI,SEARCH,RESEARCH",WORK|BOOK|BOOK_EDITION|BOOK_PAGE|PAPER|SOURCE_RECORD|ACUPUNCTURE_CONCEPT|ACUPOINT|MERIDIAN|DISEASE|TREATMENT,NEEDS_REVIEW
HFM-A000320,针灸甲乙经/论文/针灸甲乙经/542-杨骏教授应用滋肾益髓法治疗亨廷顿舞蹈病经验.pdf,04 针灸甲乙经,"JIAYI,SEARCH,RESEARCH",WORK|BOOK|BOOK_EDITION|BOOK_PAGE|PAPER|SOURCE_RECORD|ACUPUNCTURE_CONCEPT|ACUPOINT|MERIDIAN|DISEASE|TREATMENT,NEEDS_REVIEW
HFM-A000321,针灸甲乙经/论文/针灸甲乙经/543-浅谈人体的阴阳五行.pdf,04 针灸甲乙经,"JIAYI,SEARCH,RESEARCH",WORK|BOOK|BOOK_EDITION|BOOK_PAGE|PAPER|SOURCE_RECORD|ACUPUNCTURE_CONCEPT|ACUPOINT|MERIDIAN|DISEASE|TREATMENT,NEEDS_REVIEW
HFM-A000322,针灸甲乙经/论文/针灸甲乙经/544-睛明穴的解剖学研究及针刺应用.pdf,04 针灸甲乙经,"JIAYI,SEARCH,RESEARCH",WORK|BOOK|BOOK_EDITION|BOOK_PAGE|PAPER|SOURCE_RECORD|ACUPUNCTURE_CONCEPT|ACUPOINT|MERIDIAN|DISEASE|TREATMENT,NEEDS_REVIEW
HFM-A000323,针灸甲乙经/论文/针灸甲乙经/545-略论_缪刺_与_巨刺_.pdf,04 针灸甲乙经,"JIAYI,SEARCH,RESEARCH",WORK|BOOK|BOOK_EDITION|BOOK_PAGE|PAPER|SOURCE_RECORD|ACUPUNCTURE_CONCEPT|ACUPOINT|MERIDIAN|DISEASE|TREATMENT,NEEDS_REVIEW
HFM-A000324,针灸甲乙经/论文/针灸甲乙经/546-古朝(zh(u))那县址及皇甫谧籍贯又考.pdf,04 针灸甲乙经,"JIAYI,SEARCH,RESEARCH",WORK|BOOK|BOOK_EDITION|BOOK_PAGE|PAPER|SOURCE_RECORD|ACUPUNCTURE_CONCEPT|ACUPOINT|MERIDIAN|DISEASE|TREATMENT,NEEDS_REVIEW
HFM-A000325,针灸甲乙经/论文/针灸甲乙经/547-胸痹心痛的病名演变.pdf,04 针灸甲乙经,"JIAYI,SEARCH,RESEARCH",WORK|BOOK|BOOK_EDITION|BOOK_PAGE|PAPER|SOURCE_RECORD|ACUPUNCTURE_CONCEPT|ACUPOINT|MERIDIAN|DISEASE|TREATMENT,NEEDS_REVIEW
HFM-A000326,针灸甲乙经/论文/针灸甲乙经/548-针刺长强穴为主治疗神经系统疾病验案2则.pdf,04 针灸甲乙经,"JIAYI,SEARCH,RESEARCH",WORK|BOOK|BOOK_EDITION|BOOK_PAGE|PAPER|SOURCE_RECORD|ACUPUNCTURE_CONCEPT|ACUPOINT|MERIDIAN|DISEASE|TREATMENT,NEEDS_REVIEW
HFM-A000327,针灸甲乙经/论文/针灸甲乙经/549-关于髓会所在的思考.pdf,04 针灸甲乙经,"JIAYI,SEARCH,RESEARCH",WORK|BOOK|BOOK_EDITION|BOOK_PAGE|PAPER|SOURCE_RECORD|ACUPUNCTURE_CONCEPT|ACUPOINT|MERIDIAN|DISEASE|TREATMENT,NEEDS_REVIEW
HFM-A000328,针灸甲乙经/论文/针灸甲乙经/55-《针灸甲乙经》中心痛的疗法特点分析.pdf,04 针灸甲乙经,"JIAYI,SEARCH,RESEARCH",WORK|BOOK|BOOK_EDITION|BOOK_PAGE|PAPER|SOURCE_RECORD|ACUPUNCTURE_CONCEPT|ACUPOINT|MERIDIAN|DISEASE|TREATMENT,NEEDS_REVIEW
HFM-A000329,针灸甲乙经/论文/针灸甲乙经/550-王冰次注《素问》条例简析.pdf,04 针灸甲乙经,"JIAYI,SEARCH,RESEARCH",WORK|BOOK|BOOK_EDITION|BOOK_PAGE|PAPER|SOURCE_RECORD|ACUPUNCTURE_CONCEPT|ACUPOINT|MERIDIAN|DISEASE|TREATMENT,NEEDS_REVIEW
HFM-A000330,针灸甲乙经/论文/针灸甲乙经/551-浅谈人迎穴的应用.pdf,04 针灸甲乙经,"JIAYI,SEARCH,RESEARCH",WORK|BOOK|BOOK_EDITION|BOOK_PAGE|PAPER|SOURCE_RECORD|ACUPUNCTURE_CONCEPT|ACUPOINT|MERIDIAN|DISEASE|TREATMENT,NEEDS_REVIEW
HFM-A000331,针灸甲乙经/论文/针灸甲乙经/552-环跳穴的临床应用.pdf,04 针灸甲乙经,"JIAYI,SEARCH,RESEARCH",WORK|BOOK|BOOK_EDITION|BOOK_PAGE|PAPER|SOURCE_RECORD|ACUPUNCTURE_CONCEPT|ACUPOINT|MERIDIAN|DISEASE|TREATMENT,NEEDS_REVIEW
HFM-A000332,针灸甲乙经/论文/针灸甲乙经/553-古《明堂经》考析.pdf,04 针灸甲乙经,"JIAYI,SEARCH,RESEARCH",WORK|BOOK|BOOK_EDITION|BOOK_PAGE|PAPER|SOURCE_RECORD|ACUPUNCTURE_CONCEPT|ACUPOINT|MERIDIAN|DISEASE|TREATMENT,NEEDS_REVIEW
HFM-A000333,针灸甲乙经/论文/针灸甲乙经/554-瘢痕灸预防脑血管病的复发.pdf,04 针灸甲乙经,"JIAYI,SEARCH,RESEARCH",WORK|BOOK|BOOK_EDITION|BOOK_PAGE|PAPER|SOURCE_RECORD|ACUPUNCTURE_CONCEPT|ACUPOINT|MERIDIAN|DISEASE|TREATMENT,NEEDS_REVIEW
HFM-A000334,针灸甲乙经/论文/针灸甲乙经/555-完骨穴的临床应用举隅.pdf,04 针灸甲乙经,"JIAYI,SEARCH,RESEARCH",WORK|BOOK|BOOK_EDITION|BOOK_PAGE|PAPER|SOURCE_RECORD|ACUPUNCTURE_CONCEPT|ACUPOINT|MERIDIAN|DISEASE|TREATMENT,NEEDS_REVIEW
HFM-A000335,针灸甲乙经/论文/针灸甲乙经/556-百会穴的临床应用浅析.pdf,04 针灸甲乙经,"JIAYI,SEARCH,RESEARCH",WORK|BOOK|BOOK_EDITION|BOOK_PAGE|PAPER|SOURCE_RECORD|ACUPUNCTURE_CONCEPT|ACUPOINT|MERIDIAN|DISEASE|TREATMENT,NEEDS_REVIEW
HFM-A000336,针灸甲乙经/论文/针灸甲乙经/557-析哑门穴.pdf,04 针灸甲乙经,"JIAYI,SEARCH,RESEARCH",WORK|BOOK|BOOK_EDITION|BOOK_PAGE|PAPER|SOURCE_RECORD|ACUPUNCTURE_CONCEPT|ACUPOINT|MERIDIAN|DISEASE|TREATMENT,NEEDS_REVIEW
HFM-A000337,针灸甲乙经/论文/针灸甲乙经/558-穴法派的形成与发展.pdf,04 针灸甲乙经,"JIAYI,SEARCH,RESEARCH",WORK|BOOK|BOOK_EDITION|BOOK_PAGE|PAPER|SOURCE_RECORD|ACUPUNCTURE_CONCEPT|ACUPOINT|MERIDIAN|DISEASE|TREATMENT,NEEDS_REVIEW
HFM-A000338,针灸甲乙经/论文/针灸甲乙经/559-独取神阙穴临床应用体会.pdf,04 针灸甲乙经,"JIAYI,SEARCH,RESEARCH",WORK|BOOK|BOOK_EDITION|BOOK_PAGE|PAPER|SOURCE_RECORD|ACUPUNCTURE_CONCEPT|ACUPOINT|MERIDIAN|DISEASE|TREATMENT,NEEDS_REVIEW
HFM-A000339,针灸甲乙经/论文/针灸甲乙经/56-浅析《针灸甲乙经》中带下病的针灸治疗.pdf,04 针灸甲乙经,"JIAYI,SEARCH,RESEARCH",WORK|BOOK|BOOK_EDITION|BOOK_PAGE|PAPER|SOURCE_RECORD|ACUPUNCTURE_CONCEPT|ACUPOINT|MERIDIAN|DISEASE|TREATMENT,NEEDS_REVIEW
HFM-A000340,针灸甲乙经/论文/针灸甲乙经/560-化脓灸疗法临床应用及研究概况.pdf,04 针灸甲乙经,"JIAYI,SEARCH,RESEARCH",WORK|BOOK|BOOK_EDITION|BOOK_PAGE|PAPER|SOURCE_RECORD|ACUPUNCTURE_CONCEPT|ACUPOINT|MERIDIAN|DISEASE|TREATMENT,NEEDS_REVIEW
HFM-A000341,针灸甲乙经/论文/针灸甲乙经/561-支沟穴的临床应用体会.pdf,04 针灸甲乙经,"JIAYI,SEARCH,RESEARCH",WORK|BOOK|BOOK_EDITION|BOOK_PAGE|PAPER|SOURCE_RECORD|ACUPUNCTURE_CONCEPT|ACUPOINT|MERIDIAN|DISEASE|TREATMENT,NEEDS_REVIEW
HFM-A000342,针灸甲乙经/论文/针灸甲乙经/563-调达全身阴阳气血之会——大椎穴.pdf,04 针灸甲乙经,"JIAYI,SEARCH,RESEARCH",WORK|BOOK|BOOK_EDITION|BOOK_PAGE|PAPER|SOURCE_RECORD|ACUPUNCTURE_CONCEPT|ACUPOINT|MERIDIAN|DISEASE|TREATMENT,NEEDS_REVIEW
HFM-A000343,针灸甲乙经/论文/针灸甲乙经/564-临床放血疗法举隅.pdf,04 针灸甲乙经,"JIAYI,SEARCH,RESEARCH",WORK|BOOK|BOOK_EDITION|BOOK_PAGE|PAPER|SOURCE_RECORD|ACUPUNCTURE_CONCEPT|ACUPOINT|MERIDIAN|DISEASE|TREATMENT,NEEDS_REVIEW
HFM-A000344,针灸甲乙经/论文/针灸甲乙经/565-率然之谷解头痛.pdf,04 针灸甲乙经,"JIAYI,SEARCH,RESEARCH",WORK|BOOK|BOOK_EDITION|BOOK_PAGE|PAPER|SOURCE_RECORD|ACUPUNCTURE_CONCEPT|ACUPOINT|MERIDIAN|DISEASE|TREATMENT,NEEDS_REVIEW
HFM-A000345,针灸甲乙经/论文/针灸甲乙经/566-从郄穴论治带状疱疹急性期疼痛的思路探析.pdf,04 针灸甲乙经,"JIAYI,SEARCH,RESEARCH",WORK|BOOK|BOOK_EDITION|BOOK_PAGE|PAPER|SOURCE_RECORD|ACUPUNCTURE_CONCEPT|ACUPOINT|MERIDIAN|DISEASE|TREATMENT,NEEDS_REVIEW
HFM-A000346,针灸甲乙经/论文/针灸甲乙经/567-强健人体_根基_——_建里穴.pdf,04 针灸甲乙经,"JIAYI,SEARCH,RESEARCH",WORK|BOOK|BOOK_EDITION|BOOK_PAGE|PAPER|SOURCE_RECORD|ACUPUNCTURE_CONCEPT|ACUPOINT|MERIDIAN|DISEASE|TREATMENT,NEEDS_REVIEW
HFM-A000347,针灸甲乙经/论文/针灸甲乙经/568-关于龈交穴与上唇系带的探讨.pdf,04 针灸甲乙经,"JIAYI,SEARCH,RESEARCH",WORK|BOOK|BOOK_EDITION|BOOK_PAGE|PAPER|SOURCE_RECORD|ACUPUNCTURE_CONCEPT|ACUPOINT|MERIDIAN|DISEASE|TREATMENT,NEEDS_REVIEW
HFM-A000348,针灸甲乙经/论文/针灸甲乙经/569-肾经然谷六的效用.pdf,04 针灸甲乙经,"JIAYI,SEARCH,RESEARCH",WORK|BOOK|BOOK_EDITION|BOOK_PAGE|PAPER|SOURCE_RECORD|ACUPUNCTURE_CONCEPT|ACUPOINT|MERIDIAN|DISEASE|TREATMENT,NEEDS_REVIEW
HFM-A000349,针灸甲乙经/论文/针灸甲乙经/57-《针灸甲乙经》治热病选穴规律探析.pdf,04 针灸甲乙经,"JIAYI,SEARCH,RESEARCH",WORK|BOOK|BOOK_EDITION|BOOK_PAGE|PAPER|SOURCE_RECORD|ACUPUNCTURE_CONCEPT|ACUPOINT|MERIDIAN|DISEASE|TREATMENT,NEEDS_REVIEW
HFM-A000350,"针灸甲乙经/论文/针灸甲乙经/570-巧用穴位,护眼养.pdf",04 针灸甲乙经,"JIAYI,SEARCH,RESEARCH",WORK|BOOK|BOOK_EDITION|BOOK_PAGE|PAPER|SOURCE_RECORD|ACUPUNCTURE_CONCEPT|ACUPOINT|MERIDIAN|DISEASE|TREATMENT,NEEDS_REVIEW
HFM-A000351,针灸甲乙经/论文/针灸甲乙经/571-浅析环跳取穴与针刺特点.pdf,04 针灸甲乙经,"JIAYI,SEARCH,RESEARCH",WORK|BOOK|BOOK_EDITION|BOOK_PAGE|PAPER|SOURCE_RECORD|ACUPUNCTURE_CONCEPT|ACUPOINT|MERIDIAN|DISEASE|TREATMENT,NEEDS_REVIEW
HFM-A000352,针灸甲乙经/论文/针灸甲乙经/572-火针在皮肤病中的临床应用.pdf,04 针灸甲乙经,"JIAYI,SEARCH,RESEARCH",WORK|BOOK|BOOK_EDITION|BOOK_PAGE|PAPER|SOURCE_RECORD|ACUPUNCTURE_CONCEPT|ACUPOINT|MERIDIAN|DISEASE|TREATMENT,NEEDS_REVIEW
HFM-A000353,针灸甲乙经/论文/针灸甲乙经/573经络和穴位是如何发现的_.pdf,04 针灸甲乙经,"JIAYI,SEARCH,RESEARCH",WORK|BOOK|BOOK_EDITION|BOOK_PAGE|PAPER|SOURCE_RECORD|ACUPUNCTURE_CONCEPT|ACUPOINT|MERIDIAN|DISEASE|TREATMENT,NEEDS_REVIEW
HFM-A000354,针灸甲乙经/论文/针灸甲乙经/574-腹结穴的临床应用.pdf,04 针灸甲乙经,"JIAYI,SEARCH,RESEARCH",WORK|BOOK|BOOK_EDITION|BOOK_PAGE|PAPER|SOURCE_RECORD|ACUPUNCTURE_CONCEPT|ACUPOINT|MERIDIAN|DISEASE|TREATMENT,NEEDS_REVIEW
HFM-A000355,针灸甲乙经/论文/针灸甲乙经/575-_脱疽_的历史演变及现代意义.pdf,04 针灸甲乙经,"JIAYI,SEARCH,RESEARCH",WORK|BOOK|BOOK_EDITION|BOOK_PAGE|PAPER|SOURCE_RECORD|ACUPUNCTURE_CONCEPT|ACUPOINT|MERIDIAN|DISEASE|TREATMENT,NEEDS_REVIEW
HFM-A000356,针灸甲乙经/论文/针灸甲乙经/576-身柱穴的临床蜂针治疗功用.pdf,04 针灸甲乙经,"JIAYI,SEARCH,RESEARCH",WORK|BOOK|BOOK_EDITION|BOOK_PAGE|PAPER|SOURCE_RECORD|ACUPUNCTURE_CONCEPT|ACUPOINT|MERIDIAN|DISEASE|TREATMENT,NEEDS_REVIEW
HFM-A000357,针灸甲乙经/论文/针灸甲乙经/577-《灵枢·刺节真邪》古诗《凡刺痈邪勿迎陇》义证.pdf,04 针灸甲乙经,"JIAYI,SEARCH,RESEARCH",WORK|BOOK|BOOK_EDITION|BOOK_PAGE|PAPER|SOURCE_RECORD|ACUPUNCTURE_CONCEPT|ACUPOINT|MERIDIAN|DISEASE|TREATMENT,NEEDS_REVIEW
HFM-A000358,针灸甲乙经/论文/针灸甲乙经/578关于胸部胃经循行与其经穴关系的思考.pdf,04 针灸甲乙经,"JIAYI,SEARCH,RESEARCH",WORK|BOOK|BOOK_EDITION|BOOK_PAGE|PAPER|SOURCE_RECORD|ACUPUNCTURE_CONCEPT|ACUPOINT|MERIDIAN|DISEASE|TREATMENT,NEEDS_REVIEW
HFM-A000359,针灸甲乙经/论文/针灸甲乙经/579-风池穴临床应用研究.pdf,04 针灸甲乙经,"JIAYI,SEARCH,RESEARCH",WORK|BOOK|BOOK_EDITION|BOOK_PAGE|PAPER|SOURCE_RECORD|ACUPUNCTURE_CONCEPT|ACUPOINT|MERIDIAN|DISEASE|TREATMENT,NEEDS_REVIEW
HFM-A000360,针灸甲乙经/论文/针灸甲乙经/58-《针灸甲乙经》_知__纂_考.pdf,04 针灸甲乙经,"JIAYI,SEARCH,RESEARCH",WORK|BOOK|BOOK_EDITION|BOOK_PAGE|PAPER|SOURCE_RECORD|ACUPUNCTURE_CONCEPT|ACUPOINT|MERIDIAN|DISEASE|TREATMENT,NEEDS_REVIEW
HFM-A000361,针灸甲乙经/论文/针灸甲乙经/581-医圣_张仲景.pdf,04 针灸甲乙经,"JIAYI,SEARCH,RESEARCH",WORK|BOOK|BOOK_EDITION|BOOK_PAGE|PAPER|SOURCE_RECORD|ACUPUNCTURE_CONCEPT|ACUPOINT|MERIDIAN|DISEASE|TREATMENT,NEEDS_REVIEW
HFM-A000362,针灸甲乙经/论文/针灸甲乙经/582-远道取穴法临床运用三则.pdf,04 针灸甲乙经,"JIAYI,SEARCH,RESEARCH",WORK|BOOK|BOOK_EDITION|BOOK_PAGE|PAPER|SOURCE_RECORD|ACUPUNCTURE_CONCEPT|ACUPOINT|MERIDIAN|DISEASE|TREATMENT,NEEDS_REVIEW
HFM-A000363,针灸甲乙经/论文/针灸甲乙经/583-以前带下病症文献整理研究.pdf,04 针灸甲乙经,"JIAYI,SEARCH,RESEARCH",WORK|BOOK|BOOK_EDITION|BOOK_PAGE|PAPER|SOURCE_RECORD|ACUPUNCTURE_CONCEPT|ACUPOINT|MERIDIAN|DISEASE|TREATMENT,NEEDS_REVIEW
HFM-A000364,针灸甲乙经/论文/针灸甲乙经/584-浅谈人迎穴治疗咽部疾病.pdf,04 针灸甲乙经,"JIAYI,SEARCH,RESEARCH",WORK|BOOK|BOOK_EDITION|BOOK_PAGE|PAPER|SOURCE_RECORD|ACUPUNCTURE_CONCEPT|ACUPOINT|MERIDIAN|DISEASE|TREATMENT,NEEDS_REVIEW
HFM-A000365,针灸甲乙经/论文/针灸甲乙经/585-周庆教授舌针临床经验撷要.pdf,04 针灸甲乙经,"JIAYI,SEARCH,RESEARCH",WORK|BOOK|BOOK_EDITION|BOOK_PAGE|PAPER|SOURCE_RECORD|ACUPUNCTURE_CONCEPT|ACUPOINT|MERIDIAN|DISEASE|TREATMENT,NEEDS_REVIEW
HFM-A000366,针灸甲乙经/论文/针灸甲乙经/586-从肾虚角度探究痴呆的病因病机.pdf,04 针灸甲乙经,"JIAYI,SEARCH,RESEARCH",WORK|BOOK|BOOK_EDITION|BOOK_PAGE|PAPER|SOURCE_RECORD|ACUPUNCTURE_CONCEPT|ACUPOINT|MERIDIAN|DISEASE|TREATMENT,NEEDS_REVIEW
HFM-A000367,针灸甲乙经/论文/针灸甲乙经/587-王丽平巧用率谷穴_一穴三透法_治疗不同疾病.pdf,04 针灸甲乙经,"JIAYI,SEARCH,RESEARCH",WORK|BOOK|BOOK_EDITION|BOOK_PAGE|PAPER|SOURCE_RECORD|ACUPUNCTURE_CONCEPT|ACUPOINT|MERIDIAN|DISEASE|TREATMENT,NEEDS_REVIEW
HFM-A000368,针灸甲乙经/论文/针灸甲乙经/588-三阴交穴临床应用举隅.pdf,04 针灸甲乙经,"JIAYI,SEARCH,RESEARCH",WORK|BOOK|BOOK_EDITION|BOOK_PAGE|PAPER|SOURCE_RECORD|ACUPUNCTURE_CONCEPT|ACUPOINT|MERIDIAN|DISEASE|TREATMENT,NEEDS_REVIEW
HFM-A000369,针灸甲乙经/论文/针灸甲乙经/589-试论_经脉、络脉是同时运行的两套系统_.pdf,04 针灸甲乙经,"JIAYI,SEARCH,RESEARCH",WORK|BOOK|BOOK_EDITION|BOOK_PAGE|PAPER|SOURCE_RECORD|ACUPUNCTURE_CONCEPT|ACUPOINT|MERIDIAN|DISEASE|TREATMENT,NEEDS_REVIEW
HFM-A000370,针灸甲乙经/论文/针灸甲乙经/59-《针灸甲乙经》对咳嗽的疗法特点分析.pdf,04 针灸甲乙经,"JIAYI,SEARCH,RESEARCH",WORK|BOOK|BOOK_EDITION|BOOK_PAGE|PAPER|SOURCE_RECORD|ACUPUNCTURE_CONCEPT|ACUPOINT|MERIDIAN|DISEASE|TREATMENT,NEEDS_REVIEW
HFM-A000371,针灸甲乙经/论文/针灸甲乙经/590-浅谈中药的煎服方法.pdf,04 针灸甲乙经,"JIAYI,SEARCH,RESEARCH",WORK|BOOK|BOOK_EDITION|BOOK_PAGE|PAPER|SOURCE_RECORD|ACUPUNCTURE_CONCEPT|ACUPOINT|MERIDIAN|DISEASE|TREATMENT,NEEDS_REVIEW
HFM-A000372,针灸甲乙经/论文/针灸甲乙经/591-针刺中脘穴治疗胃痛83例.pdf,04 针灸甲乙经,"JIAYI,SEARCH,RESEARCH",WORK|BOOK|BOOK_EDITION|BOOK_PAGE|PAPER|SOURCE_RECORD|ACUPUNCTURE_CONCEPT|ACUPOINT|MERIDIAN|DISEASE|TREATMENT,NEEDS_REVIEW
HFM-A000373,针灸甲乙经/论文/针灸甲乙经/592-中药煎煮的正确方法与注意事项.pdf,04 针灸甲乙经,"JIAYI,SEARCH,RESEARCH",WORK|BOOK|BOOK_EDITION|BOOK_PAGE|PAPER|SOURCE_RECORD|ACUPUNCTURE_CONCEPT|ACUPOINT|MERIDIAN|DISEASE|TREATMENT,NEEDS_REVIEW
HFM-A000374,针灸甲乙经/论文/针灸甲乙经/593-上星穴浅析.pdf,04 针灸甲乙经,"JIAYI,SEARCH,RESEARCH",WORK|BOOK|BOOK_EDITION|BOOK_PAGE|PAPER|SOURCE_RECORD|ACUPUNCTURE_CONCEPT|ACUPOINT|MERIDIAN|DISEASE|TREATMENT,NEEDS_REVIEW
HFM-A000375,针灸甲乙经/论文/针灸甲乙经/594-悬钟穴的临床应用.pdf,04 针灸甲乙经,"JIAYI,SEARCH,RESEARCH",WORK|BOOK|BOOK_EDITION|BOOK_PAGE|PAPER|SOURCE_RECORD|ACUPUNCTURE_CONCEPT|ACUPOINT|MERIDIAN|DISEASE|TREATMENT,NEEDS_REVIEW
HFM-A000376,针灸甲乙经/论文/针灸甲乙经/595-浅析迎香穴治疗胆道蛔虫症.pdf,04 针灸甲乙经,"JIAYI,SEARCH,RESEARCH",WORK|BOOK|BOOK_EDITION|BOOK_PAGE|PAPER|SOURCE_RECORD|ACUPUNCTURE_CONCEPT|ACUPOINT|MERIDIAN|DISEASE|TREATMENT,NEEDS_REVIEW
HFM-A000377,针灸甲乙经/论文/针灸甲乙经/596-浅谈神阙穴拔罐养生.pdf,04 针灸甲乙经,"JIAYI,SEARCH,RESEARCH",WORK|BOOK|BOOK_EDITION|BOOK_PAGE|PAPER|SOURCE_RECORD|ACUPUNCTURE_CONCEPT|ACUPOINT|MERIDIAN|DISEASE|TREATMENT,NEEDS_REVIEW
HFM-A000378,针灸甲乙经/论文/针灸甲乙经/597-皇甫谧哲学思想刍议.pdf,04 针灸甲乙经,"JIAYI,SEARCH,RESEARCH",WORK|BOOK|BOOK_EDITION|BOOK_PAGE|PAPER|SOURCE_RECORD|ACUPUNCTURE_CONCEPT|ACUPOINT|MERIDIAN|DISEASE|TREATMENT,NEEDS_REVIEW
HFM-A000379,针灸甲乙经/论文/针灸甲乙经/598-悬钟穴临床应用举隅.pdf,04 针灸甲乙经,"JIAYI,SEARCH,RESEARCH",WORK|BOOK|BOOK_EDITION|BOOK_PAGE|PAPER|SOURCE_RECORD|ACUPUNCTURE_CONCEPT|ACUPOINT|MERIDIAN|DISEASE|TREATMENT,NEEDS_REVIEW
HFM-A000380,针灸甲乙经/论文/针灸甲乙经/599-针刺治疗奔豚气1例.pdf,04 针灸甲乙经,"JIAYI,SEARCH,RESEARCH",WORK|BOOK|BOOK_EDITION|BOOK_PAGE|PAPER|SOURCE_RECORD|ACUPUNCTURE_CONCEPT|ACUPOINT|MERIDIAN|DISEASE|TREATMENT,NEEDS_REVIEW
HFM-A000381,针灸甲乙经/论文/针灸甲乙经/6-《针灸甲乙经》针灸禁忌浅析.pdf,04 针灸甲乙经,"JIAYI,SEARCH,RESEARCH",WORK|BOOK|BOOK_EDITION|BOOK_PAGE|PAPER|SOURCE_RECORD|ACUPUNCTURE_CONCEPT|ACUPOINT|MERIDIAN|DISEASE|TREATMENT,NEEDS_REVIEW
HFM-A000382,针灸甲乙经/论文/针灸甲乙经/60-浅析《针灸甲乙经》中蕴含的调和思想.pdf,04 针灸甲乙经,"JIAYI,SEARCH,RESEARCH",WORK|BOOK|BOOK_EDITION|BOOK_PAGE|PAPER|SOURCE_RECORD|ACUPUNCTURE_CONCEPT|ACUPOINT|MERIDIAN|DISEASE|TREATMENT,NEEDS_REVIEW
HFM-A000383,针灸甲乙经/论文/针灸甲乙经/600-刘衡如《灵枢经》校注的成就.pdf,04 针灸甲乙经,"JIAYI,SEARCH,RESEARCH",WORK|BOOK|BOOK_EDITION|BOOK_PAGE|PAPER|SOURCE_RECORD|ACUPUNCTURE_CONCEPT|ACUPOINT|MERIDIAN|DISEASE|TREATMENT,NEEDS_REVIEW
HFM-A000384,针灸甲乙经/论文/针灸甲乙经/601-矢志苦学皇甫谧终成大家.pdf,04 针灸甲乙经,"JIAYI,SEARCH,RESEARCH",WORK|BOOK|BOOK_EDITION|BOOK_PAGE|PAPER|SOURCE_RECORD|ACUPUNCTURE_CONCEPT|ACUPOINT|MERIDIAN|DISEASE|TREATMENT,NEEDS_REVIEW
HFM-A000385,针灸甲乙经/论文/针灸甲乙经/602-《伤寒论》针刺取穴与配穴浅析.pdf,04 针灸甲乙经,"JIAYI,SEARCH,RESEARCH",WORK|BOOK|BOOK_EDITION|BOOK_PAGE|PAPER|SOURCE_RECORD|ACUPUNCTURE_CONCEPT|ACUPOINT|MERIDIAN|DISEASE|TREATMENT,NEEDS_REVIEW
HFM-A000386,针灸甲乙经/论文/针灸甲乙经/603-百会穴的临证应用及实验研究.pdf,04 针灸甲乙经,"JIAYI,SEARCH,RESEARCH",WORK|BOOK|BOOK_EDITION|BOOK_PAGE|PAPER|SOURCE_RECORD|ACUPUNCTURE_CONCEPT|ACUPOINT|MERIDIAN|DISEASE|TREATMENT,NEEDS_REVIEW
HFM-A000387,针灸甲乙经/论文/针灸甲乙经/604-风门穴的临床应用.pdf,04 针灸甲乙经,"JIAYI,SEARCH,RESEARCH",WORK|BOOK|BOOK_EDITION|BOOK_PAGE|PAPER|SOURCE_RECORD|ACUPUNCTURE_CONCEPT|ACUPOINT|MERIDIAN|DISEASE|TREATMENT,NEEDS_REVIEW
HFM-A000388,针灸甲乙经/论文/针灸甲乙经/605-刘冠军针挑疗法治验介绍.pdf,04 针灸甲乙经,"JIAYI,SEARCH,RESEARCH",WORK|BOOK|BOOK_EDITION|BOOK_PAGE|PAPER|SOURCE_RECORD|ACUPUNCTURE_CONCEPT|ACUPOINT|MERIDIAN|DISEASE|TREATMENT,NEEDS_REVIEW
HFM-A000389,针灸甲乙经/论文/针灸甲乙经/607-下关穴的应用.pdf,04 针灸甲乙经,"JIAYI,SEARCH,RESEARCH",WORK|BOOK|BOOK_EDITION|BOOK_PAGE|PAPER|SOURCE_RECORD|ACUPUNCTURE_CONCEPT|ACUPOINT|MERIDIAN|DISEASE|TREATMENT,NEEDS_REVIEW
HFM-A000390,针灸甲乙经/论文/针灸甲乙经/608-环跳穴的应用.pdf,04 针灸甲乙经,"JIAYI,SEARCH,RESEARCH",WORK|BOOK|BOOK_EDITION|BOOK_PAGE|PAPER|SOURCE_RECORD|ACUPUNCTURE_CONCEPT|ACUPOINT|MERIDIAN|DISEASE|TREATMENT,NEEDS_REVIEW
HFM-A000391,针灸甲乙经/论文/针灸甲乙经/609-左病治右_法临床运用概况.pdf,04 针灸甲乙经,"JIAYI,SEARCH,RESEARCH",WORK|BOOK|BOOK_EDITION|BOOK_PAGE|PAPER|SOURCE_RECORD|ACUPUNCTURE_CONCEPT|ACUPOINT|MERIDIAN|DISEASE|TREATMENT,NEEDS_REVIEW
HFM-A000392,针灸甲乙经/论文/针灸甲乙经/61-浅析《针灸甲乙经》之郄穴的价值.pdf,04 针灸甲乙经,"JIAYI,SEARCH,RESEARCH",WORK|BOOK|BOOK_EDITION|BOOK_PAGE|PAPER|SOURCE_RECORD|ACUPUNCTURE_CONCEPT|ACUPOINT|MERIDIAN|DISEASE|TREATMENT,NEEDS_REVIEW
HFM-A000393,针灸甲乙经/论文/针灸甲乙经/610-缪刺_与_巨刺_辨析.pdf,04 针灸甲乙经,"JIAYI,SEARCH,RESEARCH",WORK|BOOK|BOOK_EDITION|BOOK_PAGE|PAPER|SOURCE_RECORD|ACUPUNCTURE_CONCEPT|ACUPOINT|MERIDIAN|DISEASE|TREATMENT,NEEDS_REVIEW
HFM-A000394,针灸甲乙经/论文/针灸甲乙经/611-翳风穴及其临床应用.pdf,04 针灸甲乙经,"JIAYI,SEARCH,RESEARCH",WORK|BOOK|BOOK_EDITION|BOOK_PAGE|PAPER|SOURCE_RECORD|ACUPUNCTURE_CONCEPT|ACUPOINT|MERIDIAN|DISEASE|TREATMENT,NEEDS_REVIEW
HFM-A000395,针灸甲乙经/论文/针灸甲乙经/612-背腧穴浅析.pdf,04 针灸甲乙经,"JIAYI,SEARCH,RESEARCH",WORK|BOOK|BOOK_EDITION|BOOK_PAGE|PAPER|SOURCE_RECORD|ACUPUNCTURE_CONCEPT|ACUPOINT|MERIDIAN|DISEASE|TREATMENT,NEEDS_REVIEW
HFM-A000396,针灸甲乙经/论文/针灸甲乙经/613-五输穴的临床应用.pdf,04 针灸甲乙经,"JIAYI,SEARCH,RESEARCH",WORK|BOOK|BOOK_EDITION|BOOK_PAGE|PAPER|SOURCE_RECORD|ACUPUNCTURE_CONCEPT|ACUPOINT|MERIDIAN|DISEASE|TREATMENT,NEEDS_REVIEW
HFM-A000397,针灸甲乙经/论文/针灸甲乙经/614-中药剂型改革的现状及思考.pdf,04 针灸甲乙经,"JIAYI,SEARCH,RESEARCH",WORK|BOOK|BOOK_EDITION|BOOK_PAGE|PAPER|SOURCE_RECORD|ACUPUNCTURE_CONCEPT|ACUPOINT|MERIDIAN|DISEASE|TREATMENT,NEEDS_REVIEW
HFM-A000398,针灸甲乙经/论文/针灸甲乙经/615-肝经取穴治疗腰椎骨质增生76例.pdf,04 针灸甲乙经,"JIAYI,SEARCH,RESEARCH",WORK|BOOK|BOOK_EDITION|BOOK_PAGE|PAPER|SOURCE_RECORD|ACUPUNCTURE_CONCEPT|ACUPOINT|MERIDIAN|DISEASE|TREATMENT,NEEDS_REVIEW
HFM-A000399,针灸甲乙经/论文/针灸甲乙经/616-张灿玾对经典医籍研究的贡献.pdf,04 针灸甲乙经,"JIAYI,SEARCH,RESEARCH",WORK|BOOK|BOOK_EDITION|BOOK_PAGE|PAPER|SOURCE_RECORD|ACUPUNCTURE_CONCEPT|ACUPOINT|MERIDIAN|DISEASE|TREATMENT,NEEDS_REVIEW
HFM-A000400,针灸甲乙经/论文/针灸甲乙经/617-临床放血疗法举隅.pdf,04 针灸甲乙经,"JIAYI,SEARCH,RESEARCH",WORK|BOOK|BOOK_EDITION|BOOK_PAGE|PAPER|SOURCE_RECORD|ACUPUNCTURE_CONCEPT|ACUPOINT|MERIDIAN|DISEASE|TREATMENT,NEEDS_REVIEW
HFM-A000401,针灸甲乙经/论文/针灸甲乙经/618-率然之谷解头痛.pdf,04 针灸甲乙经,"JIAYI,SEARCH,RESEARCH",WORK|BOOK|BOOK_EDITION|BOOK_PAGE|PAPER|SOURCE_RECORD|ACUPUNCTURE_CONCEPT|ACUPOINT|MERIDIAN|DISEASE|TREATMENT,NEEDS_REVIEW
HFM-A000402,针灸甲乙经/论文/针灸甲乙经/619-从郄穴论治带状疱疹急性期疼痛的思路探析.pdf,04 针灸甲乙经,"JIAYI,SEARCH,RESEARCH",WORK|BOOK|BOOK_EDITION|BOOK_PAGE|PAPER|SOURCE_RECORD|ACUPUNCTURE_CONCEPT|ACUPOINT|MERIDIAN|DISEASE|TREATMENT,NEEDS_REVIEW
HFM-A000403,针灸甲乙经/论文/针灸甲乙经/62-建国后出版的《针灸甲乙经》目录学梳理.pdf,04 针灸甲乙经,"JIAYI,SEARCH,RESEARCH",WORK|BOOK|BOOK_EDITION|BOOK_PAGE|PAPER|SOURCE_RECORD|ACUPUNCTURE_CONCEPT|ACUPOINT|MERIDIAN|DISEASE|TREATMENT,NEEDS_REVIEW
HFM-A000404,针灸甲乙经/论文/针灸甲乙经/620-强健人体_根基_——_建里穴.pdf,04 针灸甲乙经,"JIAYI,SEARCH,RESEARCH",WORK|BOOK|BOOK_EDITION|BOOK_PAGE|PAPER|SOURCE_RECORD|ACUPUNCTURE_CONCEPT|ACUPOINT|MERIDIAN|DISEASE|TREATMENT,NEEDS_REVIEW
HFM-A000405,针灸甲乙经/论文/针灸甲乙经/621-关于龈交穴与上唇系带的探讨.pdf,04 针灸甲乙经,"JIAYI,SEARCH,RESEARCH",WORK|BOOK|BOOK_EDITION|BOOK_PAGE|PAPER|SOURCE_RECORD|ACUPUNCTURE_CONCEPT|ACUPOINT|MERIDIAN|DISEASE|TREATMENT,NEEDS_REVIEW
HFM-A000406,针灸甲乙经/论文/针灸甲乙经/622-肾经然谷六的效用.pdf,04 针灸甲乙经,"JIAYI,SEARCH,RESEARCH",WORK|BOOK|BOOK_EDITION|BOOK_PAGE|PAPER|SOURCE_RECORD|ACUPUNCTURE_CONCEPT|ACUPOINT|MERIDIAN|DISEASE|TREATMENT,NEEDS_REVIEW
HFM-A000407,"针灸甲乙经/论文/针灸甲乙经/623-巧用穴位,护眼养.pdf",04 针灸甲乙经,"JIAYI,SEARCH,RESEARCH",WORK|BOOK|BOOK_EDITION|BOOK_PAGE|PAPER|SOURCE_RECORD|ACUPUNCTURE_CONCEPT|ACUPOINT|MERIDIAN|DISEASE|TREATMENT,NEEDS_REVIEW
HFM-A000408,针灸甲乙经/论文/针灸甲乙经/624-涌泉穴烧山火法的临床应用.pdf,04 针灸甲乙经,"JIAYI,SEARCH,RESEARCH",WORK|BOOK|BOOK_EDITION|BOOK_PAGE|PAPER|SOURCE_RECORD|ACUPUNCTURE_CONCEPT|ACUPOINT|MERIDIAN|DISEASE|TREATMENT,NEEDS_REVIEW
HFM-A000409,针灸甲乙经/论文/针灸甲乙经/625-刘衡如先生《康城十咏》(一).pdf,04 针灸甲乙经,"JIAYI,SEARCH,RESEARCH",WORK|BOOK|BOOK_EDITION|BOOK_PAGE|PAPER|SOURCE_RECORD|ACUPUNCTURE_CONCEPT|ACUPOINT|MERIDIAN|DISEASE|TREATMENT,NEEDS_REVIEW
HFM-A000410,针灸甲乙经/论文/针灸甲乙经/626-内关穴临床应用举隅.pdf,04 针灸甲乙经,"JIAYI,SEARCH,RESEARCH",WORK|BOOK|BOOK_EDITION|BOOK_PAGE|PAPER|SOURCE_RECORD|ACUPUNCTURE_CONCEPT|ACUPOINT|MERIDIAN|DISEASE|TREATMENT,NEEDS_REVIEW
HFM-A000411,针灸甲乙经/论文/针灸甲乙经/627-浅析影响中药汤剂疗效的原因.pdf,04 针灸甲乙经,"JIAYI,SEARCH,RESEARCH",WORK|BOOK|BOOK_EDITION|BOOK_PAGE|PAPER|SOURCE_RECORD|ACUPUNCTURE_CONCEPT|ACUPOINT|MERIDIAN|DISEASE|TREATMENT,NEEDS_REVIEW
HFM-A000412,针灸甲乙经/论文/针灸甲乙经/628-三阴交穴在妇科中的应用.pdf,04 针灸甲乙经,"JIAYI,SEARCH,RESEARCH",WORK|BOOK|BOOK_EDITION|BOOK_PAGE|PAPER|SOURCE_RECORD|ACUPUNCTURE_CONCEPT|ACUPOINT|MERIDIAN|DISEASE|TREATMENT,NEEDS_REVIEW
HFM-A000413,针灸甲乙经/论文/针灸甲乙经/629-翳风穴证治机理浅探.pdf,04 针灸甲乙经,"JIAYI,SEARCH,RESEARCH",WORK|BOOK|BOOK_EDITION|BOOK_PAGE|PAPER|SOURCE_RECORD|ACUPUNCTURE_CONCEPT|ACUPOINT|MERIDIAN|DISEASE|TREATMENT,NEEDS_REVIEW
HFM-A000414,针灸甲乙经/论文/针灸甲乙经/630-从王粲病案谈到《黄帝内经》.pdf,04 针灸甲乙经,"JIAYI,SEARCH,RESEARCH",WORK|BOOK|BOOK_EDITION|BOOK_PAGE|PAPER|SOURCE_RECORD|ACUPUNCTURE_CONCEPT|ACUPOINT|MERIDIAN|DISEASE|TREATMENT,NEEDS_REVIEW
HFM-A000415,针灸甲乙经/论文/针灸甲乙经/631-浅议杨兆钢芒针学术思想.pdf,04 针灸甲乙经,"JIAYI,SEARCH,RESEARCH",WORK|BOOK|BOOK_EDITION|BOOK_PAGE|PAPER|SOURCE_RECORD|ACUPUNCTURE_CONCEPT|ACUPOINT|MERIDIAN|DISEASE|TREATMENT,NEEDS_REVIEW
HFM-A000416,针灸甲乙经/论文/针灸甲乙经/633-过敏性鼻炎的经络诊察规律性研究_李在荣.pdf,04 针灸甲乙经,"JIAYI,SEARCH,RESEARCH",WORK|BOOK|BOOK_EDITION|BOOK_PAGE|PAPER|SOURCE_RECORD|ACUPUNCTURE_CONCEPT|ACUPOINT|MERIDIAN|DISEASE|TREATMENT,NEEDS_REVIEW
HFM-A000417,针灸甲乙经/论文/针灸甲乙经/634-脱疽_的历史演变及现代意义.pdf,04 针灸甲乙经,"JIAYI,SEARCH,RESEARCH",WORK|BOOK|BOOK_EDITION|BOOK_PAGE|PAPER|SOURCE_RECORD|ACUPUNCTURE_CONCEPT|ACUPOINT|MERIDIAN|DISEASE|TREATMENT,NEEDS_REVIEW
HFM-A000418,针灸甲乙经/论文/针灸甲乙经/635-敦煌針炙文獻研究_王杏林.pdf,04 针灸甲乙经,"JIAYI,SEARCH,RESEARCH",WORK|BOOK|BOOK_EDITION|BOOK_PAGE|PAPER|SOURCE_RECORD|ACUPUNCTURE_CONCEPT|ACUPOINT|MERIDIAN|DISEASE|TREATMENT,NEEDS_REVIEW
HFM-A000419,针灸甲乙经/论文/针灸甲乙经/64-《针灸甲乙经》之汗症选穴思路刍议.pdf,04 针灸甲乙经,"JIAYI,SEARCH,RESEARCH",WORK|BOOK|BOOK_EDITION|BOOK_PAGE|PAPER|SOURCE_RECORD|ACUPUNCTURE_CONCEPT|ACUPOINT|MERIDIAN|DISEASE|TREATMENT,NEEDS_REVIEW
HFM-A000420,针灸甲乙经/论文/针灸甲乙经/640-郭耀康学术思想与临床经验总结及针剌治疗顽固性面瘫的临床研究_郭霞.pdf,04 针灸甲乙经,"JIAYI,SEARCH,RESEARCH",WORK|BOOK|BOOK_EDITION|BOOK_PAGE|PAPER|SOURCE_RECORD|ACUPUNCTURE_CONCEPT|ACUPOINT|MERIDIAN|DISEASE|TREATMENT,NEEDS_REVIEW
HFM-A000421,针灸甲乙经/论文/针灸甲乙经/641-周德安学术思想与临床经验总结及隔姜隔盐灸神阙法治疗中风后排尿障碍的临床研究_刘慧林.pdf,04 针灸甲乙经,"JIAYI,SEARCH,RESEARCH",WORK|BOOK|BOOK_EDITION|BOOK_PAGE|PAPER|SOURCE_RECORD|ACUPUNCTURE_CONCEPT|ACUPOINT|MERIDIAN|DISEASE|TREATMENT,NEEDS_REVIEW
HFM-A000422,针灸甲乙经/论文/针灸甲乙经/645定喘、天突穴平喘作用及机制研究进展.pdf,04 针灸甲乙经,"JIAYI,SEARCH,RESEARCH",WORK|BOOK|BOOK_EDITION|BOOK_PAGE|PAPER|SOURCE_RECORD|ACUPUNCTURE_CONCEPT|ACUPOINT|MERIDIAN|DISEASE|TREATMENT,NEEDS_REVIEW
HFM-A000423,针灸甲乙经/论文/针灸甲乙经/646-脐针布针思维浅析与临床应用举隅.pdf,04 针灸甲乙经,"JIAYI,SEARCH,RESEARCH",WORK|BOOK|BOOK_EDITION|BOOK_PAGE|PAPER|SOURCE_RECORD|ACUPUNCTURE_CONCEPT|ACUPOINT|MERIDIAN|DISEASE|TREATMENT,NEEDS_REVIEW
HFM-A000424,针灸甲乙经/论文/针灸甲乙经/647-李志道教授太溪穴定位与临床应用拾贝.pdf,04 针灸甲乙经,"JIAYI,SEARCH,RESEARCH",WORK|BOOK|BOOK_EDITION|BOOK_PAGE|PAPER|SOURCE_RECORD|ACUPUNCTURE_CONCEPT|ACUPOINT|MERIDIAN|DISEASE|TREATMENT,NEEDS_REVIEW
HFM-A000425,针灸甲乙经/论文/针灸甲乙经/648-井穴的施术方法考.pdf,04 针灸甲乙经,"JIAYI,SEARCH,RESEARCH",WORK|BOOK|BOOK_EDITION|BOOK_PAGE|PAPER|SOURCE_RECORD|ACUPUNCTURE_CONCEPT|ACUPOINT|MERIDIAN|DISEASE|TREATMENT,NEEDS_REVIEW
HFM-A000426,针灸甲乙经/论文/针灸甲乙经/649-翳风穴临床应用体会.pdf,04 针灸甲乙经,"JIAYI,SEARCH,RESEARCH",WORK|BOOK|BOOK_EDITION|BOOK_PAGE|PAPER|SOURCE_RECORD|ACUPUNCTURE_CONCEPT|ACUPOINT|MERIDIAN|DISEASE|TREATMENT,NEEDS_REVIEW
HFM-A000427,针灸甲乙经/论文/针灸甲乙经/65-《针灸甲乙经》甲乙两字之我见.pdf,04 针灸甲乙经,"JIAYI,SEARCH,RESEARCH",WORK|BOOK|BOOK_EDITION|BOOK_PAGE|PAPER|SOURCE_RECORD|ACUPUNCTURE_CONCEPT|ACUPOINT|MERIDIAN|DISEASE|TREATMENT,NEEDS_REVIEW
HFM-A000428,针灸甲乙经/论文/针灸甲乙经/651-《黄帝内经》与针炙临床轨范_包艳燕.pdf,04 针灸甲乙经,"JIAYI,SEARCH,RESEARCH",WORK|BOOK|BOOK_EDITION|BOOK_PAGE|PAPER|SOURCE_RECORD|ACUPUNCTURE_CONCEPT|ACUPOINT|MERIDIAN|DISEASE|TREATMENT,NEEDS_REVIEW
HFM-A000429,针灸甲乙经/论文/针灸甲乙经/652-论肾风病的现代观.pdf,04 针灸甲乙经,"JIAYI,SEARCH,RESEARCH",WORK|BOOK|BOOK_EDITION|BOOK_PAGE|PAPER|SOURCE_RECORD|ACUPUNCTURE_CONCEPT|ACUPOINT|MERIDIAN|DISEASE|TREATMENT,NEEDS_REVIEW
HFM-A000430,针灸甲乙经/论文/针灸甲乙经/653-宋校本《千金要方》增补文献初考.pdf,04 针灸甲乙经,"JIAYI,SEARCH,RESEARCH",WORK|BOOK|BOOK_EDITION|BOOK_PAGE|PAPER|SOURCE_RECORD|ACUPUNCTURE_CONCEPT|ACUPOINT|MERIDIAN|DISEASE|TREATMENT,NEEDS_REVIEW
HFM-A000431,针灸甲乙经/论文/针灸甲乙经/654-壮医脐环穴的历史渊源、理论基础与临床研究.pdf,04 针灸甲乙经,"JIAYI,SEARCH,RESEARCH",WORK|BOOK|BOOK_EDITION|BOOK_PAGE|PAPER|SOURCE_RECORD|ACUPUNCTURE_CONCEPT|ACUPOINT|MERIDIAN|DISEASE|TREATMENT,NEEDS_REVIEW
HFM-A000432,针灸甲乙经/论文/针灸甲乙经/655-手三里六临床应用.pdf,04 针灸甲乙经,"JIAYI,SEARCH,RESEARCH",WORK|BOOK|BOOK_EDITION|BOOK_PAGE|PAPER|SOURCE_RECORD|ACUPUNCTURE_CONCEPT|ACUPOINT|MERIDIAN|DISEASE|TREATMENT,NEEDS_REVIEW
HFM-A000433,针灸甲乙经/论文/针灸甲乙经/656-孙思邈_“药王”桂冠的由来.pdf,04 针灸甲乙经,"JIAYI,SEARCH,RESEARCH",WORK|BOOK|BOOK_EDITION|BOOK_PAGE|PAPER|SOURCE_RECORD|ACUPUNCTURE_CONCEPT|ACUPOINT|MERIDIAN|DISEASE|TREATMENT,NEEDS_REVIEW
HFM-A000434,针灸甲乙经/论文/针灸甲乙经/657-考“(宀免)”.pdf,04 针灸甲乙经,"JIAYI,SEARCH,RESEARCH",WORK|BOOK|BOOK_EDITION|BOOK_PAGE|PAPER|SOURCE_RECORD|ACUPUNCTURE_CONCEPT|ACUPOINT|MERIDIAN|DISEASE|TREATMENT,NEEDS_REVIEW
HFM-A000435,针灸甲乙经/论文/针灸甲乙经/658-膻中穴的古今研究.pdf,04 针灸甲乙经,"JIAYI,SEARCH,RESEARCH",WORK|BOOK|BOOK_EDITION|BOOK_PAGE|PAPER|SOURCE_RECORD|ACUPUNCTURE_CONCEPT|ACUPOINT|MERIDIAN|DISEASE|TREATMENT,NEEDS_REVIEW
HFM-A000436,针灸甲乙经/论文/针灸甲乙经/659-上星穴的临床应用.pdf,04 针灸甲乙经,"JIAYI,SEARCH,RESEARCH",WORK|BOOK|BOOK_EDITION|BOOK_PAGE|PAPER|SOURCE_RECORD|ACUPUNCTURE_CONCEPT|ACUPOINT|MERIDIAN|DISEASE|TREATMENT,NEEDS_REVIEW
HFM-A000437,针灸甲乙经/论文/针灸甲乙经/66-《针灸甲乙经》胸痹心痛的诊治特点探析.pdf,04 针灸甲乙经,"JIAYI,SEARCH,RESEARCH",WORK|BOOK|BOOK_EDITION|BOOK_PAGE|PAPER|SOURCE_RECORD|ACUPUNCTURE_CONCEPT|ACUPOINT|MERIDIAN|DISEASE|TREATMENT,NEEDS_REVIEW
HFM-A000438,针灸甲乙经/论文/针灸甲乙经/660-率谷六临床应用.pdf,04 针灸甲乙经,"JIAYI,SEARCH,RESEARCH",WORK|BOOK|BOOK_EDITION|BOOK_PAGE|PAPER|SOURCE_RECORD|ACUPUNCTURE_CONCEPT|ACUPOINT|MERIDIAN|DISEASE|TREATMENT,NEEDS_REVIEW
HFM-A000439,针灸甲乙经/论文/针灸甲乙经/661-艾灸地机穴治疗原发性痛经.pdf,04 针灸甲乙经,"JIAYI,SEARCH,RESEARCH",WORK|BOOK|BOOK_EDITION|BOOK_PAGE|PAPER|SOURCE_RECORD|ACUPUNCTURE_CONCEPT|ACUPOINT|MERIDIAN|DISEASE|TREATMENT,NEEDS_REVIEW
HFM-A000440,针灸甲乙经/论文/针灸甲乙经/662-浅谈针刺与艾灸并用.pdf,04 针灸甲乙经,"JIAYI,SEARCH,RESEARCH",WORK|BOOK|BOOK_EDITION|BOOK_PAGE|PAPER|SOURCE_RECORD|ACUPUNCTURE_CONCEPT|ACUPOINT|MERIDIAN|DISEASE|TREATMENT,NEEDS_REVIEW
HFM-A000441,针灸甲乙经/论文/针灸甲乙经/663-小议百会穴取穴法.pdf,04 针灸甲乙经,"JIAYI,SEARCH,RESEARCH",WORK|BOOK|BOOK_EDITION|BOOK_PAGE|PAPER|SOURCE_RECORD|ACUPUNCTURE_CONCEPT|ACUPOINT|MERIDIAN|DISEASE|TREATMENT,NEEDS_REVIEW
HFM-A000442,针灸甲乙经/论文/针灸甲乙经/664-李志道教授冲门穴定位存异及临床应用_杨俊涛.pdf,04 针灸甲乙经,"JIAYI,SEARCH,RESEARCH",WORK|BOOK|BOOK_EDITION|BOOK_PAGE|PAPER|SOURCE_RECORD|ACUPUNCTURE_CONCEPT|ACUPOINT|MERIDIAN|DISEASE|TREATMENT,NEEDS_REVIEW
HFM-A000443,针灸甲乙经/论文/针灸甲乙经/665-次髎穴的临床应用.pdf,04 针灸甲乙经,"JIAYI,SEARCH,RESEARCH",WORK|BOOK|BOOK_EDITION|BOOK_PAGE|PAPER|SOURCE_RECORD|ACUPUNCTURE_CONCEPT|ACUPOINT|MERIDIAN|DISEASE|TREATMENT,NEEDS_REVIEW
HFM-A000444,针灸甲乙经/论文/针灸甲乙经/666-对“头不可多灸”的认识_高希言.pdf,04 针灸甲乙经,"JIAYI,SEARCH,RESEARCH",WORK|BOOK|BOOK_EDITION|BOOK_PAGE|PAPER|SOURCE_RECORD|ACUPUNCTURE_CONCEPT|ACUPOINT|MERIDIAN|DISEASE|TREATMENT,NEEDS_REVIEW
HFM-A000445,"针灸甲乙经/论文/针灸甲乙经/667-人中穴,不只是用于急救.pdf",04 针灸甲乙经,"JIAYI,SEARCH,RESEARCH",WORK|BOOK|BOOK_EDITION|BOOK_PAGE|PAPER|SOURCE_RECORD|ACUPUNCTURE_CONCEPT|ACUPOINT|MERIDIAN|DISEASE|TREATMENT,NEEDS_REVIEW
HFM-A000446,针灸甲乙经/论文/针灸甲乙经/668-针刺在中医急症中的应用.pdf,04 针灸甲乙经,"JIAYI,SEARCH,RESEARCH",WORK|BOOK|BOOK_EDITION|BOOK_PAGE|PAPER|SOURCE_RECORD|ACUPUNCTURE_CONCEPT|ACUPOINT|MERIDIAN|DISEASE|TREATMENT,NEEDS_REVIEW
HFM-A000447,针灸甲乙经/论文/针灸甲乙经/67-《针灸甲乙经》论治溏泄下痢的探析.pdf,04 针灸甲乙经,"JIAYI,SEARCH,RESEARCH",WORK|BOOK|BOOK_EDITION|BOOK_PAGE|PAPER|SOURCE_RECORD|ACUPUNCTURE_CONCEPT|ACUPOINT|MERIDIAN|DISEASE|TREATMENT,NEEDS_REVIEW
HFM-A000448,针灸甲乙经/论文/针灸甲乙经/670-大肠俞的临床应用.pdf,04 针灸甲乙经,"JIAYI,SEARCH,RESEARCH",WORK|BOOK|BOOK_EDITION|BOOK_PAGE|PAPER|SOURCE_RECORD|ACUPUNCTURE_CONCEPT|ACUPOINT|MERIDIAN|DISEASE|TREATMENT,NEEDS_REVIEW
HFM-A000449,针灸甲乙经/论文/针灸甲乙经/671-百会穴的蜂针临床应用.pdf,04 针灸甲乙经,"JIAYI,SEARCH,RESEARCH",WORK|BOOK|BOOK_EDITION|BOOK_PAGE|PAPER|SOURCE_RECORD|ACUPUNCTURE_CONCEPT|ACUPOINT|MERIDIAN|DISEASE|TREATMENT,NEEDS_REVIEW
HFM-A000450,针灸甲乙经/论文/针灸甲乙经/672-条口穴主治肩周炎经验的追本溯源_彭增福.pdf,04 针灸甲乙经,"JIAYI,SEARCH,RESEARCH",WORK|BOOK|BOOK_EDITION|BOOK_PAGE|PAPER|SOURCE_RECORD|ACUPUNCTURE_CONCEPT|ACUPOINT|MERIDIAN|DISEASE|TREATMENT,NEEDS_REVIEW
HFM-A000451,针灸甲乙经/论文/针灸甲乙经/673-道法自然_从治水到针刺治病_白兴华.pdf,04 针灸甲乙经,"JIAYI,SEARCH,RESEARCH",WORK|BOOK|BOOK_EDITION|BOOK_PAGE|PAPER|SOURCE_RECORD|ACUPUNCTURE_CONCEPT|ACUPOINT|MERIDIAN|DISEASE|TREATMENT,NEEDS_REVIEW
HFM-A000452,针灸甲乙经/论文/针灸甲乙经/676-石门以何称丹田_朱中书.pdf,04 针灸甲乙经,"JIAYI,SEARCH,RESEARCH",WORK|BOOK|BOOK_EDITION|BOOK_PAGE|PAPER|SOURCE_RECORD|ACUPUNCTURE_CONCEPT|ACUPOINT|MERIDIAN|DISEASE|TREATMENT,NEEDS_REVIEW
HFM-A000453,针灸甲乙经/论文/针灸甲乙经/678-针药结合治疗抽动秽语综合征验案.pdf,04 针灸甲乙经,"JIAYI,SEARCH,RESEARCH",WORK|BOOK|BOOK_EDITION|BOOK_PAGE|PAPER|SOURCE_RECORD|ACUPUNCTURE_CONCEPT|ACUPOINT|MERIDIAN|DISEASE|TREATMENT,NEEDS_REVIEW
HFM-A000454,针灸甲乙经/论文/针灸甲乙经/679-关于血海穴简便取穴法准确性的探讨_胡成想.pdf,04 针灸甲乙经,"JIAYI,SEARCH,RESEARCH",WORK|BOOK|BOOK_EDITION|BOOK_PAGE|PAPER|SOURCE_RECORD|ACUPUNCTURE_CONCEPT|ACUPOINT|MERIDIAN|DISEASE|TREATMENT,NEEDS_REVIEW
HFM-A000455,针灸甲乙经/论文/针灸甲乙经/68-《针灸甲乙经》对现代针灸临床的影响.pdf,04 针灸甲乙经,"JIAYI,SEARCH,RESEARCH",WORK|BOOK|BOOK_EDITION|BOOK_PAGE|PAPER|SOURCE_RECORD|ACUPUNCTURE_CONCEPT|ACUPOINT|MERIDIAN|DISEASE|TREATMENT,NEEDS_REVIEW
HFM-A000456,针灸甲乙经/论文/针灸甲乙经/680-从少商穴文献考证谈井穴之定位_王欣.pdf,04 针灸甲乙经,"JIAYI,SEARCH,RESEARCH",WORK|BOOK|BOOK_EDITION|BOOK_PAGE|PAPER|SOURCE_RECORD|ACUPUNCTURE_CONCEPT|ACUPOINT|MERIDIAN|DISEASE|TREATMENT,NEEDS_REVIEW
HFM-A000457,针灸甲乙经/论文/针灸甲乙经/681-中髎穴定位、进针点和操作刍议_李汪.pdf,04 针灸甲乙经,"JIAYI,SEARCH,RESEARCH",WORK|BOOK|BOOK_EDITION|BOOK_PAGE|PAPER|SOURCE_RECORD|ACUPUNCTURE_CONCEPT|ACUPOINT|MERIDIAN|DISEASE|TREATMENT,NEEDS_REVIEW
HFM-A000458,针灸甲乙经/论文/针灸甲乙经/682-上关穴定位考订_牛淑平.pdf,04 针灸甲乙经,"JIAYI,SEARCH,RESEARCH",WORK|BOOK|BOOK_EDITION|BOOK_PAGE|PAPER|SOURCE_RECORD|ACUPUNCTURE_CONCEPT|ACUPOINT|MERIDIAN|DISEASE|TREATMENT,NEEDS_REVIEW
HFM-A000459,针灸甲乙经/论文/针灸甲乙经/686-合谷穴的临床应用_侯乔宽.pdf,04 针灸甲乙经,"JIAYI,SEARCH,RESEARCH",WORK|BOOK|BOOK_EDITION|BOOK_PAGE|PAPER|SOURCE_RECORD|ACUPUNCTURE_CONCEPT|ACUPOINT|MERIDIAN|DISEASE|TREATMENT,NEEDS_REVIEW
HFM-A000460,针灸甲乙经/论文/针灸甲乙经/69-《针灸甲乙经》在针灸史上的重要地位.pdf,04 针灸甲乙经,"JIAYI,SEARCH,RESEARCH",WORK|BOOK|BOOK_EDITION|BOOK_PAGE|PAPER|SOURCE_RECORD|ACUPUNCTURE_CONCEPT|ACUPOINT|MERIDIAN|DISEASE|TREATMENT,NEEDS_REVIEW
HFM-A000461,针灸甲乙经/论文/针灸甲乙经/690-手少阴心经神门穴对冠心病患者的影响_冷俊艳.pdf,04 针灸甲乙经,"JIAYI,SEARCH,RESEARCH",WORK|BOOK|BOOK_EDITION|BOOK_PAGE|PAPER|SOURCE_RECORD|ACUPUNCTURE_CONCEPT|ACUPOINT|MERIDIAN|DISEASE|TREATMENT,NEEDS_REVIEW
HFM-A000462,针灸甲乙经/论文/针灸甲乙经/692-募穴的临床应用及作用机制研究概况_刘小艳.pdf,04 针灸甲乙经,"JIAYI,SEARCH,RESEARCH",WORK|BOOK|BOOK_EDITION|BOOK_PAGE|PAPER|SOURCE_RECORD|ACUPUNCTURE_CONCEPT|ACUPOINT|MERIDIAN|DISEASE|TREATMENT,NEEDS_REVIEW
HFM-A000463,针灸甲乙经/论文/针灸甲乙经/693-神阙穴古今临床应用探析_高秀花.pdf,04 针灸甲乙经,"JIAYI,SEARCH,RESEARCH",WORK|BOOK|BOOK_EDITION|BOOK_PAGE|PAPER|SOURCE_RECORD|ACUPUNCTURE_CONCEPT|ACUPOINT|MERIDIAN|DISEASE|TREATMENT,NEEDS_REVIEW
HFM-A000464,针灸甲乙经/论文/针灸甲乙经/697-浅议百会穴的主治规律_江澎湃.pdf,04 针灸甲乙经,"JIAYI,SEARCH,RESEARCH",WORK|BOOK|BOOK_EDITION|BOOK_PAGE|PAPER|SOURCE_RECORD|ACUPUNCTURE_CONCEPT|ACUPOINT|MERIDIAN|DISEASE|TREATMENT,NEEDS_REVIEW
HFM-A000465,针灸甲乙经/论文/针灸甲乙经/7-依韵校勘《针灸甲乙经》.pdf,04 针灸甲乙经,"JIAYI,SEARCH,RESEARCH",WORK|BOOK|BOOK_EDITION|BOOK_PAGE|PAPER|SOURCE_RECORD|ACUPUNCTURE_CONCEPT|ACUPOINT|MERIDIAN|DISEASE|TREATMENT,NEEDS_REVIEW
HFM-A000466,针灸甲乙经/论文/针灸甲乙经/70-《针灸甲乙经》有关浅刺针法理论的研究探析.pdf,04 针灸甲乙经,"JIAYI,SEARCH,RESEARCH",WORK|BOOK|BOOK_EDITION|BOOK_PAGE|PAPER|SOURCE_RECORD|ACUPUNCTURE_CONCEPT|ACUPOINT|MERIDIAN|DISEASE|TREATMENT,NEEDS_REVIEW
HFM-A000467,针灸甲乙经/论文/针灸甲乙经/700-大椎穴的临床应用_曹文忠.pdf,04 针灸甲乙经,"JIAYI,SEARCH,RESEARCH",WORK|BOOK|BOOK_EDITION|BOOK_PAGE|PAPER|SOURCE_RECORD|ACUPUNCTURE_CONCEPT|ACUPOINT|MERIDIAN|DISEASE|TREATMENT,NEEDS_REVIEW
HFM-A000468,针灸甲乙经/论文/针灸甲乙经/701-刺激合谷穴在临床上注意事项探析_尹利华.pdf,04 针灸甲乙经,"JIAYI,SEARCH,RESEARCH",WORK|BOOK|BOOK_EDITION|BOOK_PAGE|PAPER|SOURCE_RECORD|ACUPUNCTURE_CONCEPT|ACUPOINT|MERIDIAN|DISEASE|TREATMENT,NEEDS_REVIEW
HFM-A000469,针灸甲乙经/论文/针灸甲乙经/703- 小小银针扎出好身体 .pdf,04 针灸甲乙经,"JIAYI,SEARCH,RESEARCH",WORK|BOOK|BOOK_EDITION|BOOK_PAGE|PAPER|SOURCE_RECORD|ACUPUNCTURE_CONCEPT|ACUPOINT|MERIDIAN|DISEASE|TREATMENT,NEEDS_REVIEW
HFM-A000470,针灸甲乙经/论文/针灸甲乙经/71-《针灸甲乙经》为中国现存最早类书初探.pdf,04 针灸甲乙经,"JIAYI,SEARCH,RESEARCH",WORK|BOOK|BOOK_EDITION|BOOK_PAGE|PAPER|SOURCE_RECORD|ACUPUNCTURE_CONCEPT|ACUPOINT|MERIDIAN|DISEASE|TREATMENT,NEEDS_REVIEW
HFM-A000471,针灸甲乙经/论文/针灸甲乙经/713-解溪穴新悟_刘亮.pdf,04 针灸甲乙经,"JIAYI,SEARCH,RESEARCH",WORK|BOOK|BOOK_EDITION|BOOK_PAGE|PAPER|SOURCE_RECORD|ACUPUNCTURE_CONCEPT|ACUPOINT|MERIDIAN|DISEASE|TREATMENT,NEEDS_REVIEW
HFM-A000472,针灸甲乙经/论文/针灸甲乙经/715-从敦煌《灸经图》看早期膀胱经脉循行_王天生.pdf,04 针灸甲乙经,"JIAYI,SEARCH,RESEARCH",WORK|BOOK|BOOK_EDITION|BOOK_PAGE|PAPER|SOURCE_RECORD|ACUPUNCTURE_CONCEPT|ACUPOINT|MERIDIAN|DISEASE|TREATMENT,NEEDS_REVIEW
HFM-A000473,针灸甲乙经/论文/针灸甲乙经/72-《针灸甲乙经》中精神疾病病名浅释.pdf,04 针灸甲乙经,"JIAYI,SEARCH,RESEARCH",WORK|BOOK|BOOK_EDITION|BOOK_PAGE|PAPER|SOURCE_RECORD|ACUPUNCTURE_CONCEPT|ACUPOINT|MERIDIAN|DISEASE|TREATMENT,NEEDS_REVIEW
HFM-A000474,针灸甲乙经/论文/针灸甲乙经/720-浮郄穴治疗不寐症机制浅谈_程剑.pdf,04 针灸甲乙经,"JIAYI,SEARCH,RESEARCH",WORK|BOOK|BOOK_EDITION|BOOK_PAGE|PAPER|SOURCE_RECORD|ACUPUNCTURE_CONCEPT|ACUPOINT|MERIDIAN|DISEASE|TREATMENT,NEEDS_REVIEW
HFM-A000475,针灸甲乙经/论文/针灸甲乙经/73-《针灸甲乙经》治疗癫病的疗法特点分析.pdf,04 针灸甲乙经,"JIAYI,SEARCH,RESEARCH",WORK|BOOK|BOOK_EDITION|BOOK_PAGE|PAPER|SOURCE_RECORD|ACUPUNCTURE_CONCEPT|ACUPOINT|MERIDIAN|DISEASE|TREATMENT,NEEDS_REVIEW
HFM-A000476,针灸甲乙经/论文/针灸甲乙经/730-中脘穴的临床应用概况_秦会帮.pdf,04 针灸甲乙经,"JIAYI,SEARCH,RESEARCH",WORK|BOOK|BOOK_EDITION|BOOK_PAGE|PAPER|SOURCE_RECORD|ACUPUNCTURE_CONCEPT|ACUPOINT|MERIDIAN|DISEASE|TREATMENT,NEEDS_REVIEW
HFM-A000477,针灸甲乙经/论文/针灸甲乙经/74-《针灸甲乙经》中《明堂》重言词义考释.pdf,04 针灸甲乙经,"JIAYI,SEARCH,RESEARCH",WORK|BOOK|BOOK_EDITION|BOOK_PAGE|PAPER|SOURCE_RECORD|ACUPUNCTURE_CONCEPT|ACUPOINT|MERIDIAN|DISEASE|TREATMENT,NEEDS_REVIEW
HFM-A000478,针灸甲乙经/论文/针灸甲乙经/75-探析《针灸甲乙经》治疗头痛的选穴规律.pdf,04 针灸甲乙经,"JIAYI,SEARCH,RESEARCH",WORK|BOOK|BOOK_EDITION|BOOK_PAGE|PAPER|SOURCE_RECORD|ACUPUNCTURE_CONCEPT|ACUPOINT|MERIDIAN|DISEASE|TREATMENT,NEEDS_REVIEW
HFM-A000479,针灸甲乙经/论文/针灸甲乙经/76-《针灸甲乙经》治疗咽喉部病症选穴特点探析.pdf,04 针灸甲乙经,"JIAYI,SEARCH,RESEARCH",WORK|BOOK|BOOK_EDITION|BOOK_PAGE|PAPER|SOURCE_RECORD|ACUPUNCTURE_CONCEPT|ACUPOINT|MERIDIAN|DISEASE|TREATMENT,NEEDS_REVIEW
HFM-A000480,针灸甲乙经/论文/针灸甲乙经/763-《帛书·经脉》在经络腧穴发展史中的意义.pdf,04 针灸甲乙经,"JIAYI,SEARCH,RESEARCH",WORK|BOOK|BOOK_EDITION|BOOK_PAGE|PAPER|SOURCE_RECORD|ACUPUNCTURE_CONCEPT|ACUPOINT|MERIDIAN|DISEASE|TREATMENT,NEEDS_REVIEW
HFM-A000481,针灸甲乙经/论文/针灸甲乙经/77-《针灸甲乙经》中牙痛的诊治特点探析.pdf,04 针灸甲乙经,"JIAYI,SEARCH,RESEARCH",WORK|BOOK|BOOK_EDITION|BOOK_PAGE|PAPER|SOURCE_RECORD|ACUPUNCTURE_CONCEPT|ACUPOINT|MERIDIAN|DISEASE|TREATMENT,NEEDS_REVIEW
HFM-A000482,针灸甲乙经/论文/针灸甲乙经/776-三阴交单穴急诊应用_罗丹.pdf,04 针灸甲乙经,"JIAYI,SEARCH,RESEARCH",WORK|BOOK|BOOK_EDITION|BOOK_PAGE|PAPER|SOURCE_RECORD|ACUPUNCTURE_CONCEPT|ACUPOINT|MERIDIAN|DISEASE|TREATMENT,NEEDS_REVIEW
HFM-A000483,针灸甲乙经/论文/针灸甲乙经/777-庞安时与《伤寒总病论》_相鲁闽.pdf,04 针灸甲乙经,"JIAYI,SEARCH,RESEARCH",WORK|BOOK|BOOK_EDITION|BOOK_PAGE|PAPER|SOURCE_RECORD|ACUPUNCTURE_CONCEPT|ACUPOINT|MERIDIAN|DISEASE|TREATMENT,NEEDS_REVIEW
HFM-A000484,针灸甲乙经/论文/针灸甲乙经/783-吴崑《针方六集》学术思想探析_张倩.pdf,04 针灸甲乙经,"JIAYI,SEARCH,RESEARCH",WORK|BOOK|BOOK_EDITION|BOOK_PAGE|PAPER|SOURCE_RECORD|ACUPUNCTURE_CONCEPT|ACUPOINT|MERIDIAN|DISEASE|TREATMENT,NEEDS_REVIEW
HFM-A000485,针灸甲乙经/论文/针灸甲乙经/79-现代针灸学视域下《针灸甲乙经》以部论穴的临床价值.pdf,04 针灸甲乙经,"JIAYI,SEARCH,RESEARCH",WORK|BOOK|BOOK_EDITION|BOOK_PAGE|PAPER|SOURCE_RECORD|ACUPUNCTURE_CONCEPT|ACUPOINT|MERIDIAN|DISEASE|TREATMENT,NEEDS_REVIEW
HFM-A000486,针灸甲乙经/论文/针灸甲乙经/793-环跳穴临床应用举隅_郑渝凡.pdf,04 针灸甲乙经,"JIAYI,SEARCH,RESEARCH",WORK|BOOK|BOOK_EDITION|BOOK_PAGE|PAPER|SOURCE_RECORD|ACUPUNCTURE_CONCEPT|ACUPOINT|MERIDIAN|DISEASE|TREATMENT,NEEDS_REVIEW
HFM-A000487,针灸甲乙经/论文/针灸甲乙经/8-《针灸甲乙经》之研究现状.pdf,04 针灸甲乙经,"JIAYI,SEARCH,RESEARCH",WORK|BOOK|BOOK_EDITION|BOOK_PAGE|PAPER|SOURCE_RECORD|ACUPUNCTURE_CONCEPT|ACUPOINT|MERIDIAN|DISEASE|TREATMENT,NEEDS_REVIEW
HFM-A000488,针灸甲乙经/论文/针灸甲乙经/80-《针灸甲乙经》_搏__搏_正误辨.pdf,04 针灸甲乙经,"JIAYI,SEARCH,RESEARCH",WORK|BOOK|BOOK_EDITION|BOOK_PAGE|PAPER|SOURCE_RECORD|ACUPUNCTURE_CONCEPT|ACUPOINT|MERIDIAN|DISEASE|TREATMENT,NEEDS_REVIEW
HFM-A000489,针灸甲乙经/论文/针灸甲乙经/802-杨兆钢调神针刺法治疗焦虑症验案1则_郭士明.pdf,04 针灸甲乙经,"JIAYI,SEARCH,RESEARCH",WORK|BOOK|BOOK_EDITION|BOOK_PAGE|PAPER|SOURCE_RECORD|ACUPUNCTURE_CONCEPT|ACUPOINT|MERIDIAN|DISEASE|TREATMENT,NEEDS_REVIEW
HFM-A000490,针灸甲乙经/论文/针灸甲乙经/804-针刺得气与补泻之基础文献研究_蔡曦庆Tsai_His-Ching.pdf,04 针灸甲乙经,"JIAYI,SEARCH,RESEARCH",WORK|BOOK|BOOK_EDITION|BOOK_PAGE|PAPER|SOURCE_RECORD|ACUPUNCTURE_CONCEPT|ACUPOINT|MERIDIAN|DISEASE|TREATMENT,NEEDS_REVIEW
HFM-A000491,针灸甲乙经/论文/针灸甲乙经/805-水肿的古代文献研究与学术源流探讨_赵珊.pdf,04 针灸甲乙经,"JIAYI,SEARCH,RESEARCH",WORK|BOOK|BOOK_EDITION|BOOK_PAGE|PAPER|SOURCE_RECORD|ACUPUNCTURE_CONCEPT|ACUPOINT|MERIDIAN|DISEASE|TREATMENT,NEEDS_REVIEW
HFM-A000492,针灸甲乙经/论文/针灸甲乙经/806-郭剑华教授学术思想与临床经验总结及针刺颈段足太阳膀胱经为主治疗神经根型颈椎病60例临床观察_吴春宝.pdf,04 针灸甲乙经,"JIAYI,SEARCH,RESEARCH",WORK|BOOK|BOOK_EDITION|BOOK_PAGE|PAPER|SOURCE_RECORD|ACUPUNCTURE_CONCEPT|ACUPOINT|MERIDIAN|DISEASE|TREATMENT,NEEDS_REVIEW
HFM-A000493,针灸甲乙经/论文/针灸甲乙经/81-剖析《针灸甲乙经》禁针穴的形态学依据.pdf,04 针灸甲乙经,"JIAYI,SEARCH,RESEARCH",WORK|BOOK|BOOK_EDITION|BOOK_PAGE|PAPER|SOURCE_RECORD|ACUPUNCTURE_CONCEPT|ACUPOINT|MERIDIAN|DISEASE|TREATMENT,NEEDS_REVIEW
HFM-A000494,针灸甲乙经/论文/针灸甲乙经/810-针刺在围术期应用及相关机制研究进展_王颖.pdf,04 针灸甲乙经,"JIAYI,SEARCH,RESEARCH",WORK|BOOK|BOOK_EDITION|BOOK_PAGE|PAPER|SOURCE_RECORD|ACUPUNCTURE_CONCEPT|ACUPOINT|MERIDIAN|DISEASE|TREATMENT,NEEDS_REVIEW
HFM-A000495,针灸甲乙经/论文/针灸甲乙经/814-敦煌《灸经图》足太阳经理论研究_赵小强.pdf,04 针灸甲乙经,"JIAYI,SEARCH,RESEARCH",WORK|BOOK|BOOK_EDITION|BOOK_PAGE|PAPER|SOURCE_RECORD|ACUPUNCTURE_CONCEPT|ACUPOINT|MERIDIAN|DISEASE|TREATMENT,NEEDS_REVIEW
HFM-A000496,针灸甲乙经/论文/针灸甲乙经/815-人迎穴临床应用研究进展_谷文龙.pdf,04 针灸甲乙经,"JIAYI,SEARCH,RESEARCH",WORK|BOOK|BOOK_EDITION|BOOK_PAGE|PAPER|SOURCE_RECORD|ACUPUNCTURE_CONCEPT|ACUPOINT|MERIDIAN|DISEASE|TREATMENT,NEEDS_REVIEW
HFM-A000497,针灸甲乙经/论文/针灸甲乙经/818-北宋校正医书局研究_孟永亮.pdf,04 针灸甲乙经,"JIAYI,SEARCH,RESEARCH",WORK|BOOK|BOOK_EDITION|BOOK_PAGE|PAPER|SOURCE_RECORD|ACUPUNCTURE_CONCEPT|ACUPOINT|MERIDIAN|DISEASE|TREATMENT,NEEDS_REVIEW
HFM-A000498,针灸甲乙经/论文/针灸甲乙经/819-肛裂的中西医治疗研究进展_何孝康.pdf,04 针灸甲乙经,"JIAYI,SEARCH,RESEARCH",WORK|BOOK|BOOK_EDITION|BOOK_PAGE|PAPER|SOURCE_RECORD|ACUPUNCTURE_CONCEPT|ACUPOINT|MERIDIAN|DISEASE|TREATMENT,NEEDS_REVIEW
HFM-A000499,针灸甲乙经/论文/针灸甲乙经/82-《针灸甲乙经》的成因及对后世的影响.pdf,04 针灸甲乙经,"JIAYI,SEARCH,RESEARCH",WORK|BOOK|BOOK_EDITION|BOOK_PAGE|PAPER|SOURCE_RECORD|ACUPUNCTURE_CONCEPT|ACUPOINT|MERIDIAN|DISEASE|TREATMENT,NEEDS_REVIEW
HFM-A000500,针灸甲乙经/论文/针灸甲乙经/821-《灵枢》“心胀”探析_陆曙.pdf,04 针灸甲乙经,"JIAYI,SEARCH,RESEARCH",WORK|BOOK|BOOK_EDITION|BOOK_PAGE|PAPER|SOURCE_RECORD|ACUPUNCTURE_CONCEPT|ACUPOINT|MERIDIAN|DISEASE|TREATMENT,NEEDS_REVIEW
HFM-A000501,针灸甲乙经/论文/针灸甲乙经/824-“肾藏精”藏象基础理论核心概念诠释_师双斌.pdf,04 针灸甲乙经,"JIAYI,SEARCH,RESEARCH",WORK|BOOK|BOOK_EDITION|BOOK_PAGE|PAPER|SOURCE_RECORD|ACUPUNCTURE_CONCEPT|ACUPOINT|MERIDIAN|DISEASE|TREATMENT,NEEDS_REVIEW
HFM-A000502,针灸甲乙经/论文/针灸甲乙经/826-任、督二脉源流探析_刘怡彣.pdf,04 针灸甲乙经,"JIAYI,SEARCH,RESEARCH",WORK|BOOK|BOOK_EDITION|BOOK_PAGE|PAPER|SOURCE_RECORD|ACUPUNCTURE_CONCEPT|ACUPOINT|MERIDIAN|DISEASE|TREATMENT,NEEDS_REVIEW
HFM-A000503,针灸甲乙经/论文/针灸甲乙经/827-中医理论和气功理论中任督二脉的差别_葛鹏.pdf,04 针灸甲乙经,"JIAYI,SEARCH,RESEARCH",WORK|BOOK|BOOK_EDITION|BOOK_PAGE|PAPER|SOURCE_RECORD|ACUPUNCTURE_CONCEPT|ACUPOINT|MERIDIAN|DISEASE|TREATMENT,NEEDS_REVIEW
HFM-A000504,针灸甲乙经/论文/针灸甲乙经/828-《伤寒论》“胃气”思想概探和保胃气丸对胃溃疡的实验研究_方春平.pdf,04 针灸甲乙经,"JIAYI,SEARCH,RESEARCH",WORK|BOOK|BOOK_EDITION|BOOK_PAGE|PAPER|SOURCE_RECORD|ACUPUNCTURE_CONCEPT|ACUPOINT|MERIDIAN|DISEASE|TREATMENT,NEEDS_REVIEW
HFM-A000505,针灸甲乙经/论文/针灸甲乙经/829-中风治未病理论的文献研究及其在临床中的应用探讨_郑永亮.pdf,04 针灸甲乙经,"JIAYI,SEARCH,RESEARCH",WORK|BOOK|BOOK_EDITION|BOOK_PAGE|PAPER|SOURCE_RECORD|ACUPUNCTURE_CONCEPT|ACUPOINT|MERIDIAN|DISEASE|TREATMENT,NEEDS_REVIEW
HFM-A000506,针灸甲乙经/论文/针灸甲乙经/83-现代针灸学视域下《针灸甲乙经》以部论穴的临床价值 (1).pdf,04 针灸甲乙经,"JIAYI,SEARCH,RESEARCH",WORK|BOOK|BOOK_EDITION|BOOK_PAGE|PAPER|SOURCE_RECORD|ACUPUNCTURE_CONCEPT|ACUPOINT|MERIDIAN|DISEASE|TREATMENT,NEEDS_REVIEW
HFM-A000507,针灸甲乙经/论文/针灸甲乙经/830-吕景山学术思想与临床经验总结及降糖调脂对药方干预2型糖尿病脂代谢紊乱的临床研究_郝重耀.pdf,04 针灸甲乙经,"JIAYI,SEARCH,RESEARCH",WORK|BOOK|BOOK_EDITION|BOOK_PAGE|PAPER|SOURCE_RECORD|ACUPUNCTURE_CONCEPT|ACUPOINT|MERIDIAN|DISEASE|TREATMENT,NEEDS_REVIEW
HFM-A000508,针灸甲乙经/论文/针灸甲乙经/831-《内经》“病变于色者取之荥”的理论研究及应用探讨_许东.pdf,04 针灸甲乙经,"JIAYI,SEARCH,RESEARCH",WORK|BOOK|BOOK_EDITION|BOOK_PAGE|PAPER|SOURCE_RECORD|ACUPUNCTURE_CONCEPT|ACUPOINT|MERIDIAN|DISEASE|TREATMENT,NEEDS_REVIEW
HFM-A000509,针灸甲乙经/论文/针灸甲乙经/832-朱肱《类证活人书》的伤寒学术思想研究_刘素平.pdf,04 针灸甲乙经,"JIAYI,SEARCH,RESEARCH",WORK|BOOK|BOOK_EDITION|BOOK_PAGE|PAPER|SOURCE_RECORD|ACUPUNCTURE_CONCEPT|ACUPOINT|MERIDIAN|DISEASE|TREATMENT,NEEDS_REVIEW
HFM-A000510,针灸甲乙经/论文/针灸甲乙经/833-五输穴之经穴临床应用规律研究_林子涵.pdf,04 针灸甲乙经,"JIAYI,SEARCH,RESEARCH",WORK|BOOK|BOOK_EDITION|BOOK_PAGE|PAPER|SOURCE_RECORD|ACUPUNCTURE_CONCEPT|ACUPOINT|MERIDIAN|DISEASE|TREATMENT,NEEDS_REVIEW
HFM-A000511,针灸甲乙经/论文/针灸甲乙经/837-陈莹教授治疗抗心磷脂抗体所致不孕的经验总结_韩松雪.pdf,04 针灸甲乙经,"JIAYI,SEARCH,RESEARCH",WORK|BOOK|BOOK_EDITION|BOOK_PAGE|PAPER|SOURCE_RECORD|ACUPUNCTURE_CONCEPT|ACUPOINT|MERIDIAN|DISEASE|TREATMENT,NEEDS_REVIEW
HFM-A000512,针灸甲乙经/论文/针灸甲乙经/838-《圣济总录》文献研究_犬卷太一.pdf,04 针灸甲乙经,"JIAYI,SEARCH,RESEARCH",WORK|BOOK|BOOK_EDITION|BOOK_PAGE|PAPER|SOURCE_RECORD|ACUPUNCTURE_CONCEPT|ACUPOINT|MERIDIAN|DISEASE|TREATMENT,NEEDS_REVIEW
HFM-A000513,针灸甲乙经/论文/针灸甲乙经/843-电针调节JAK1蛋白对脑缺血模型大鼠干预作用的研究_董正妮.pdf,04 针灸甲乙经,"JIAYI,SEARCH,RESEARCH",WORK|BOOK|BOOK_EDITION|BOOK_PAGE|PAPER|SOURCE_RECORD|ACUPUNCTURE_CONCEPT|ACUPOINT|MERIDIAN|DISEASE|TREATMENT,NEEDS_REVIEW
HFM-A000514,针灸甲乙经/论文/针灸甲乙经/847-我对大椎穴临床应用的一些见解_孙六合.pdf,04 针灸甲乙经,"JIAYI,SEARCH,RESEARCH",WORK|BOOK|BOOK_EDITION|BOOK_PAGE|PAPER|SOURCE_RECORD|ACUPUNCTURE_CONCEPT|ACUPOINT|MERIDIAN|DISEASE|TREATMENT,NEEDS_REVIEW
HFM-A000515,针灸甲乙经/论文/针灸甲乙经/848-风池穴的临床及机理研究进展_仲远明.pdf,04 针灸甲乙经,"JIAYI,SEARCH,RESEARCH",WORK|BOOK|BOOK_EDITION|BOOK_PAGE|PAPER|SOURCE_RECORD|ACUPUNCTURE_CONCEPT|ACUPOINT|MERIDIAN|DISEASE|TREATMENT,NEEDS_REVIEW
HFM-A000516,针灸甲乙经/论文/针灸甲乙经/85-探讨《针灸甲乙经》对精神疾病的认识及论治.pdf,04 针灸甲乙经,"JIAYI,SEARCH,RESEARCH",WORK|BOOK|BOOK_EDITION|BOOK_PAGE|PAPER|SOURCE_RECORD|ACUPUNCTURE_CONCEPT|ACUPOINT|MERIDIAN|DISEASE|TREATMENT,NEEDS_REVIEW
HFM-A000517,针灸甲乙经/论文/针灸甲乙经/854-浅谈对“血出而射者”的理解及应用_李岩.pdf,04 针灸甲乙经,"JIAYI,SEARCH,RESEARCH",WORK|BOOK|BOOK_EDITION|BOOK_PAGE|PAPER|SOURCE_RECORD|ACUPUNCTURE_CONCEPT|ACUPOINT|MERIDIAN|DISEASE|TREATMENT,NEEDS_REVIEW
HFM-A000518,针灸甲乙经/论文/针灸甲乙经/857-神经细胞“撞激”学与针刺_张卫平.pdf,04 针灸甲乙经,"JIAYI,SEARCH,RESEARCH",WORK|BOOK|BOOK_EDITION|BOOK_PAGE|PAPER|SOURCE_RECORD|ACUPUNCTURE_CONCEPT|ACUPOINT|MERIDIAN|DISEASE|TREATMENT,NEEDS_REVIEW
HFM-A000519,针灸甲乙经/论文/针灸甲乙经/86-《针灸甲乙经》中太冲穴的定位及临床应用.pdf,04 针灸甲乙经,"JIAYI,SEARCH,RESEARCH",WORK|BOOK|BOOK_EDITION|BOOK_PAGE|PAPER|SOURCE_RECORD|ACUPUNCTURE_CONCEPT|ACUPOINT|MERIDIAN|DISEASE|TREATMENT,NEEDS_REVIEW
HFM-A000520,针灸甲乙经/论文/针灸甲乙经/87-基于《针灸甲乙经》探析古今针刺深浅异同奥秘.pdf,04 针灸甲乙经,"JIAYI,SEARCH,RESEARCH",WORK|BOOK|BOOK_EDITION|BOOK_PAGE|PAPER|SOURCE_RECORD|ACUPUNCTURE_CONCEPT|ACUPOINT|MERIDIAN|DISEASE|TREATMENT,NEEDS_REVIEW
HFM-A000521,针灸甲乙经/论文/针灸甲乙经/88-晋代医家皇甫谧《针灸甲乙经》学术思想浅析.pdf,04 针灸甲乙经,"JIAYI,SEARCH,RESEARCH",WORK|BOOK|BOOK_EDITION|BOOK_PAGE|PAPER|SOURCE_RECORD|ACUPUNCTURE_CONCEPT|ACUPOINT|MERIDIAN|DISEASE|TREATMENT,NEEDS_REVIEW
HFM-A000522,针灸甲乙经/论文/针灸甲乙经/89-试论《针灸甲乙经》对临证取穴的指导.pdf,04 针灸甲乙经,"JIAYI,SEARCH,RESEARCH",WORK|BOOK|BOOK_EDITION|BOOK_PAGE|PAPER|SOURCE_RECORD|ACUPUNCTURE_CONCEPT|ACUPOINT|MERIDIAN|DISEASE|TREATMENT,NEEDS_REVIEW
HFM-A000523,针灸甲乙经/论文/针灸甲乙经/9-浅析《针灸甲乙经》针刺禁忌.pdf,04 针灸甲乙经,"JIAYI,SEARCH,RESEARCH",WORK|BOOK|BOOK_EDITION|BOOK_PAGE|PAPER|SOURCE_RECORD|ACUPUNCTURE_CONCEPT|ACUPOINT|MERIDIAN|DISEASE|TREATMENT,NEEDS_REVIEW
HFM-A000524,针灸甲乙经/论文/针灸甲乙经/90-《黄帝三部针灸甲乙经新校》的三点商榷.pdf,04 针灸甲乙经,"JIAYI,SEARCH,RESEARCH",WORK|BOOK|BOOK_EDITION|BOOK_PAGE|PAPER|SOURCE_RECORD|ACUPUNCTURE_CONCEPT|ACUPOINT|MERIDIAN|DISEASE|TREATMENT,NEEDS_REVIEW
HFM-A000525,针灸甲乙经/论文/针灸甲乙经/92-试论皇甫谧《针灸甲乙经》对腧穴学的贡献.pdf,04 针灸甲乙经,"JIAYI,SEARCH,RESEARCH",WORK|BOOK|BOOK_EDITION|BOOK_PAGE|PAPER|SOURCE_RECORD|ACUPUNCTURE_CONCEPT|ACUPOINT|MERIDIAN|DISEASE|TREATMENT,NEEDS_REVIEW
HFM-A000526,针灸甲乙经/论文/针灸甲乙经/96-《针灸甲乙经》“胀病”及治则治法浅析.pdf,04 针灸甲乙经,"JIAYI,SEARCH,RESEARCH",WORK|BOOK|BOOK_EDITION|BOOK_PAGE|PAPER|SOURCE_RECORD|ACUPUNCTURE_CONCEPT|ACUPOINT|MERIDIAN|DISEASE|TREATMENT,NEEDS_REVIEW
HFM-A000527,针灸甲乙经/论文/针灸甲乙经/99-《针灸甲乙经》与《太素》互校内容考辨.pdf,04 针灸甲乙经,"JIAYI,SEARCH,RESEARCH",WORK|BOOK|BOOK_EDITION|BOOK_PAGE|PAPER|SOURCE_RECORD|ACUPUNCTURE_CONCEPT|ACUPOINT|MERIDIAN|DISEASE|TREATMENT,NEEDS_REVIEW
HFM-A000528,针灸甲乙经/论著/.DS_Store,04 针灸甲乙经,"JIAYI,SEARCH,RESEARCH",WORK|BOOK|BOOK_EDITION|BOOK_PAGE|PAPER|SOURCE_RECORD|ACUPUNCTURE_CONCEPT|ACUPOINT|MERIDIAN|DISEASE|TREATMENT,NEEDS_REVIEW
HFM-A000529,针灸甲乙经/论著/10023266.pdf,04 针灸甲乙经,"JIAYI,SEARCH,RESEARCH",WORK|BOOK|BOOK_EDITION|BOOK_PAGE|PAPER|SOURCE_RECORD|ACUPUNCTURE_CONCEPT|ACUPOINT|MERIDIAN|DISEASE|TREATMENT,NEEDS_REVIEW
HFM-A000530,针灸甲乙经/论著/10023267.pdf,04 针灸甲乙经,"JIAYI,SEARCH,RESEARCH",WORK|BOOK|BOOK_EDITION|BOOK_PAGE|PAPER|SOURCE_RECORD|ACUPUNCTURE_CONCEPT|ACUPOINT|MERIDIAN|DISEASE|TREATMENT,NEEDS_REVIEW
HFM-A000531,针灸甲乙经/论著/10023268.pdf,04 针灸甲乙经,"JIAYI,SEARCH,RESEARCH",WORK|BOOK|BOOK_EDITION|BOOK_PAGE|PAPER|SOURCE_RECORD|ACUPUNCTURE_CONCEPT|ACUPOINT|MERIDIAN|DISEASE|TREATMENT,NEEDS_REVIEW
HFM-A000532,针灸甲乙经/论著/10023609.pdf,04 针灸甲乙经,"JIAYI,SEARCH,RESEARCH",WORK|BOOK|BOOK_EDITION|BOOK_PAGE|PAPER|SOURCE_RECORD|ACUPUNCTURE_CONCEPT|ACUPOINT|MERIDIAN|DISEASE|TREATMENT,NEEDS_REVIEW
HFM-A000533,针灸甲乙经/论著/《甲乙经》五车楼藏板（明万历吴勉学）/《甲乙经》五车楼藏板 2.pdf,04 针灸甲乙经,"JIAYI,SEARCH,RESEARCH",WORK|BOOK|BOOK_EDITION|BOOK_PAGE|PAPER|SOURCE_RECORD|ACUPUNCTURE_CONCEPT|ACUPOINT|MERIDIAN|DISEASE|TREATMENT,NEEDS_REVIEW
HFM-A000534,针灸甲乙经/论著/《甲乙经》五车楼藏板（明万历吴勉学）/《甲乙经》五车楼藏板 3.pdf,04 针灸甲乙经,"JIAYI,SEARCH,RESEARCH",WORK|BOOK|BOOK_EDITION|BOOK_PAGE|PAPER|SOURCE_RECORD|ACUPUNCTURE_CONCEPT|ACUPOINT|MERIDIAN|DISEASE|TREATMENT,NEEDS_REVIEW
HFM-A000535,针灸甲乙经/论著/《甲乙经》五车楼藏板（明万历吴勉学）/《甲乙经》五车楼藏板 4.pdf,04 针灸甲乙经,"JIAYI,SEARCH,RESEARCH",WORK|BOOK|BOOK_EDITION|BOOK_PAGE|PAPER|SOURCE_RECORD|ACUPUNCTURE_CONCEPT|ACUPOINT|MERIDIAN|DISEASE|TREATMENT,NEEDS_REVIEW
HFM-A000536,针灸甲乙经/论著/《甲乙经》五车楼藏板（明万历吴勉学）/《甲乙经》五车楼藏板1.pdf,04 针灸甲乙经,"JIAYI,SEARCH,RESEARCH",WORK|BOOK|BOOK_EDITION|BOOK_PAGE|PAPER|SOURCE_RECORD|ACUPUNCTURE_CONCEPT|ACUPOINT|MERIDIAN|DISEASE|TREATMENT,NEEDS_REVIEW
HFM-A000537,针灸甲乙经/论著/《甲乙经》行素草堂藏板清光绪/《甲乙经》行素草堂藏板清光绪卷一二.pdf,04 针灸甲乙经,"JIAYI,SEARCH,RESEARCH",WORK|BOOK|BOOK_EDITION|BOOK_PAGE|PAPER|SOURCE_RECORD|ACUPUNCTURE_CONCEPT|ACUPOINT|MERIDIAN|DISEASE|TREATMENT,NEEDS_REVIEW
HFM-A000538,针灸甲乙经/论著/《甲乙经》行素草堂藏板清光绪/《甲乙经》行素草堂藏板清光绪卷三四.pdf,04 针灸甲乙经,"JIAYI,SEARCH,RESEARCH",WORK|BOOK|BOOK_EDITION|BOOK_PAGE|PAPER|SOURCE_RECORD|ACUPUNCTURE_CONCEPT|ACUPOINT|MERIDIAN|DISEASE|TREATMENT,NEEDS_REVIEW
HFM-A000539,针灸甲乙经/论著/《甲乙经》行素草堂藏板清光绪/《甲乙经》行素草堂藏板清光绪卷五-七.pdf,04 针灸甲乙经,"JIAYI,SEARCH,RESEARCH",WORK|BOOK|BOOK_EDITION|BOOK_PAGE|PAPER|SOURCE_RECORD|ACUPUNCTURE_CONCEPT|ACUPOINT|MERIDIAN|DISEASE|TREATMENT,NEEDS_REVIEW
HFM-A000540,针灸甲乙经/论著/《甲乙经》行素草堂藏板清光绪/《甲乙经》行素草堂藏板清光绪卷八-十二.pdf,04 针灸甲乙经,"JIAYI,SEARCH,RESEARCH",WORK|BOOK|BOOK_EDITION|BOOK_PAGE|PAPER|SOURCE_RECORD|ACUPUNCTURE_CONCEPT|ACUPOINT|MERIDIAN|DISEASE|TREATMENT,NEEDS_REVIEW
HFM-A000541,针灸甲乙经/论著/《针灸甲乙经、伤寒论、金匮要略、温病学》精译.pdf,04 针灸甲乙经,"JIAYI,SEARCH,RESEARCH",WORK|BOOK|BOOK_EDITION|BOOK_PAGE|PAPER|SOURCE_RECORD|ACUPUNCTURE_CONCEPT|ACUPOINT|MERIDIAN|DISEASE|TREATMENT,NEEDS_REVIEW
HFM-A000542,针灸甲乙经/论著/《针灸甲乙经》医统正脉全书明万历29年吴勉学（1601）/《针灸甲乙经》医统正脉全书1.pdf,04 针灸甲乙经,"JIAYI,SEARCH,RESEARCH",WORK|BOOK|BOOK_EDITION|BOOK_PAGE|PAPER|SOURCE_RECORD|ACUPUNCTURE_CONCEPT|ACUPOINT|MERIDIAN|DISEASE|TREATMENT,NEEDS_REVIEW
HFM-A000543,针灸甲乙经/论著/《针灸甲乙经》医统正脉全书明万历29年吴勉学（1601）/《针灸甲乙经》医统正脉全书2.pdf,04 针灸甲乙经,"JIAYI,SEARCH,RESEARCH",WORK|BOOK|BOOK_EDITION|BOOK_PAGE|PAPER|SOURCE_RECORD|ACUPUNCTURE_CONCEPT|ACUPOINT|MERIDIAN|DISEASE|TREATMENT,NEEDS_REVIEW
HFM-A000544,针灸甲乙经/论著/《针灸甲乙经》医统正脉全书明万历29年吴勉学（1601）/《针灸甲乙经》医统正脉全书3.pdf,04 针灸甲乙经,"JIAYI,SEARCH,RESEARCH",WORK|BOOK|BOOK_EDITION|BOOK_PAGE|PAPER|SOURCE_RECORD|ACUPUNCTURE_CONCEPT|ACUPOINT|MERIDIAN|DISEASE|TREATMENT,NEEDS_REVIEW
HFM-A000545,针灸甲乙经/论著/《针灸甲乙经》医统正脉全书明万历29年吴勉学（1601）/《针灸甲乙经》医统正脉全书4.pdf,04 针灸甲乙经,"JIAYI,SEARCH,RESEARCH",WORK|BOOK|BOOK_EDITION|BOOK_PAGE|PAPER|SOURCE_RECORD|ACUPUNCTURE_CONCEPT|ACUPOINT|MERIDIAN|DISEASE|TREATMENT,NEEDS_REVIEW
HFM-A000546,针灸甲乙经/论著/《针灸甲乙经》医统正脉全书明万历29年吴勉学（1601）/《针灸甲乙经》医统正脉全书5.pdf,04 针灸甲乙经,"JIAYI,SEARCH,RESEARCH",WORK|BOOK|BOOK_EDITION|BOOK_PAGE|PAPER|SOURCE_RECORD|ACUPUNCTURE_CONCEPT|ACUPOINT|MERIDIAN|DISEASE|TREATMENT,NEEDS_REVIEW
HFM-A000547,针灸甲乙经/论著/《针灸甲乙经》四库全书本清乾隆/《针灸甲乙经》四库全书本卷一.pdf,04 针灸甲乙经,"JIAYI,SEARCH,RESEARCH",WORK|BOOK|BOOK_EDITION|BOOK_PAGE|PAPER|SOURCE_RECORD|ACUPUNCTURE_CONCEPT|ACUPOINT|MERIDIAN|DISEASE|TREATMENT,NEEDS_REVIEW
HFM-A000548,针灸甲乙经/论著/《针灸甲乙经》四库全书本清乾隆/《针灸甲乙经》四库全书本卷七.pdf,04 针灸甲乙经,"JIAYI,SEARCH,RESEARCH",WORK|BOOK|BOOK_EDITION|BOOK_PAGE|PAPER|SOURCE_RECORD|ACUPUNCTURE_CONCEPT|ACUPOINT|MERIDIAN|DISEASE|TREATMENT,NEEDS_REVIEW
HFM-A000549,针灸甲乙经/论著/《针灸甲乙经》四库全书本清乾隆/《针灸甲乙经》四库全书本卷三.pdf,04 针灸甲乙经,"JIAYI,SEARCH,RESEARCH",WORK|BOOK|BOOK_EDITION|BOOK_PAGE|PAPER|SOURCE_RECORD|ACUPUNCTURE_CONCEPT|ACUPOINT|MERIDIAN|DISEASE|TREATMENT,NEEDS_REVIEW
HFM-A000550,针灸甲乙经/论著/《针灸甲乙经》四库全书本清乾隆/《针灸甲乙经》四库全书本卷二.pdf,04 针灸甲乙经,"JIAYI,SEARCH,RESEARCH",WORK|BOOK|BOOK_EDITION|BOOK_PAGE|PAPER|SOURCE_RECORD|ACUPUNCTURE_CONCEPT|ACUPOINT|MERIDIAN|DISEASE|TREATMENT,NEEDS_REVIEW
HFM-A000551,针灸甲乙经/论著/《针灸甲乙经》四库全书本清乾隆/《针灸甲乙经》四库全书本卷八九.pdf,04 针灸甲乙经,"JIAYI,SEARCH,RESEARCH",WORK|BOOK|BOOK_EDITION|BOOK_PAGE|PAPER|SOURCE_RECORD|ACUPUNCTURE_CONCEPT|ACUPOINT|MERIDIAN|DISEASE|TREATMENT,NEEDS_REVIEW
HFM-A000552,针灸甲乙经/论著/《针灸甲乙经》四库全书本清乾隆/《针灸甲乙经》四库全书本卷六.pdf,04 针灸甲乙经,"JIAYI,SEARCH,RESEARCH",WORK|BOOK|BOOK_EDITION|BOOK_PAGE|PAPER|SOURCE_RECORD|ACUPUNCTURE_CONCEPT|ACUPOINT|MERIDIAN|DISEASE|TREATMENT,NEEDS_REVIEW
HFM-A000553,针灸甲乙经/论著/《针灸甲乙经》四库全书本清乾隆/《针灸甲乙经》四库全书本卷十至十二 (2).pdf,04 针灸甲乙经,"JIAYI,SEARCH,RESEARCH",WORK|BOOK|BOOK_EDITION|BOOK_PAGE|PAPER|SOURCE_RECORD|ACUPUNCTURE_CONCEPT|ACUPOINT|MERIDIAN|DISEASE|TREATMENT,NEEDS_REVIEW
HFM-A000554,针灸甲乙经/论著/《针灸甲乙经》四库全书本清乾隆/《针灸甲乙经》四库全书本卷十至十二.pdf,04 针灸甲乙经,"JIAYI,SEARCH,RESEARCH",WORK|BOOK|BOOK_EDITION|BOOK_PAGE|PAPER|SOURCE_RECORD|ACUPUNCTURE_CONCEPT|ACUPOINT|MERIDIAN|DISEASE|TREATMENT,NEEDS_REVIEW
HFM-A000555,针灸甲乙经/论著/《针灸甲乙经》四库全书本清乾隆/《针灸甲乙经》四库全书本卷四五.pdf,04 针灸甲乙经,"JIAYI,SEARCH,RESEARCH",WORK|BOOK|BOOK_EDITION|BOOK_PAGE|PAPER|SOURCE_RECORD|ACUPUNCTURE_CONCEPT|ACUPOINT|MERIDIAN|DISEASE|TREATMENT,NEEDS_REVIEW
HFM-A000556,针灸甲乙经/论著/《针灸甲乙经新校版》王军2005.pdf,04 针灸甲乙经,"JIAYI,SEARCH,RESEARCH",WORK|BOOK|BOOK_EDITION|BOOK_PAGE|PAPER|SOURCE_RECORD|ACUPUNCTURE_CONCEPT|ACUPOINT|MERIDIAN|DISEASE|TREATMENT,NEEDS_REVIEW
HFM-A000557,针灸甲乙经/论著/《针灸甲乙经理论与实践》中国中医药出版社2017高树中.pdf,04 针灸甲乙经,"JIAYI,SEARCH,RESEARCH",WORK|BOOK|BOOK_EDITION|BOOK_PAGE|PAPER|SOURCE_RECORD|ACUPUNCTURE_CONCEPT|ACUPOINT|MERIDIAN|DISEASE|TREATMENT,NEEDS_REVIEW
HFM-A000558,针灸甲乙经/论著/《针灸甲乙经理论与实践》人民卫生出版社李鼎2011.pdf,04 针灸甲乙经,"JIAYI,SEARCH,RESEARCH",WORK|BOOK|BOOK_EDITION|BOOK_PAGE|PAPER|SOURCE_RECORD|ACUPUNCTURE_CONCEPT|ACUPOINT|MERIDIAN|DISEASE|TREATMENT,NEEDS_REVIEW
HFM-A000559,针灸甲乙经/论著/《针灸甲乙经腧穴重辑》1982.pdf,04 针灸甲乙经,"JIAYI,SEARCH,RESEARCH",WORK|BOOK|BOOK_EDITION|BOOK_PAGE|PAPER|SOURCE_RECORD|ACUPUNCTURE_CONCEPT|ACUPOINT|MERIDIAN|DISEASE|TREATMENT,NEEDS_REVIEW
HFM-A000560,针灸甲乙经/论著/甲乙经全册1.pdf,04 针灸甲乙经,"JIAYI,SEARCH,RESEARCH",WORK|BOOK|BOOK_EDITION|BOOK_PAGE|PAPER|SOURCE_RECORD|ACUPUNCTURE_CONCEPT|ACUPOINT|MERIDIAN|DISEASE|TREATMENT,NEEDS_REVIEW
HFM-A000561,针灸甲乙经/论著/甲乙经全册2.pdf,04 针灸甲乙经,"JIAYI,SEARCH,RESEARCH",WORK|BOOK|BOOK_EDITION|BOOK_PAGE|PAPER|SOURCE_RECORD|ACUPUNCTURE_CONCEPT|ACUPOINT|MERIDIAN|DISEASE|TREATMENT,NEEDS_REVIEW
HFM-A000562,针灸甲乙经/论著/甲乙经全册3.pdf,04 针灸甲乙经,"JIAYI,SEARCH,RESEARCH",WORK|BOOK|BOOK_EDITION|BOOK_PAGE|PAPER|SOURCE_RECORD|ACUPUNCTURE_CONCEPT|ACUPOINT|MERIDIAN|DISEASE|TREATMENT,NEEDS_REVIEW
HFM-A000563,针灸甲乙经/论著/甲乙经全册4.pdf,04 针灸甲乙经,"JIAYI,SEARCH,RESEARCH",WORK|BOOK|BOOK_EDITION|BOOK_PAGE|PAPER|SOURCE_RECORD|ACUPUNCTURE_CONCEPT|ACUPOINT|MERIDIAN|DISEASE|TREATMENT,NEEDS_REVIEW
HFM-A000564,针灸甲乙经/论著/皇帝甲乙经/《黄帝三部针灸甲乙经》上海科学技术出版社2017/《黄帝三部针灸甲乙经》上海科学技术出版社2017（三）.pdf,04 针灸甲乙经,"JIAYI,SEARCH,RESEARCH",WORK|BOOK|BOOK_EDITION|BOOK_PAGE|PAPER|SOURCE_RECORD|ACUPUNCTURE_CONCEPT|ACUPOINT|MERIDIAN|DISEASE|TREATMENT,NEEDS_REVIEW
HFM-A000565,针灸甲乙经/论著/皇帝甲乙经/《黄帝三部针灸甲乙经》上海科学技术出版社2017/《黄帝三部针灸甲乙经》上海科学技术出版社2017（二）.pdf,04 针灸甲乙经,"JIAYI,SEARCH,RESEARCH",WORK|BOOK|BOOK_EDITION|BOOK_PAGE|PAPER|SOURCE_RECORD|ACUPUNCTURE_CONCEPT|ACUPOINT|MERIDIAN|DISEASE|TREATMENT,NEEDS_REVIEW
HFM-A000566,针灸甲乙经/论著/皇帝甲乙经/《黄帝三部针灸甲乙经新校》学苑出版社王心远2012.pdf,04 针灸甲乙经,"JIAYI,SEARCH,RESEARCH",WORK|BOOK|BOOK_EDITION|BOOK_PAGE|PAPER|SOURCE_RECORD|ACUPUNCTURE_CONCEPT|ACUPOINT|MERIDIAN|DISEASE|TREATMENT,NEEDS_REVIEW
HFM-A000567,针灸甲乙经/论著/皇帝甲乙经/《黄帝甲乙经》江左书林印1977曹智涵校正/《黄帝甲乙经》江左书林印1977曹智涵校正1.pdf,04 针灸甲乙经,"JIAYI,SEARCH,RESEARCH",WORK|BOOK|BOOK_EDITION|BOOK_PAGE|PAPER|SOURCE_RECORD|ACUPUNCTURE_CONCEPT|ACUPOINT|MERIDIAN|DISEASE|TREATMENT,NEEDS_REVIEW
HFM-A000568,针灸甲乙经/论著/皇帝甲乙经/《黄帝甲乙经》江左书林印1977曹智涵校正/《黄帝甲乙经》江左书林印1977曹智涵校正2.pdf,04 针灸甲乙经,"JIAYI,SEARCH,RESEARCH",WORK|BOOK|BOOK_EDITION|BOOK_PAGE|PAPER|SOURCE_RECORD|ACUPUNCTURE_CONCEPT|ACUPOINT|MERIDIAN|DISEASE|TREATMENT,NEEDS_REVIEW
HFM-A000569,针灸甲乙经/论著/皇帝甲乙经/《黄帝甲乙经》江左书林印1977曹智涵校正/《黄帝甲乙经》江左书林印1977曹智涵校正3.pdf,04 针灸甲乙经,"JIAYI,SEARCH,RESEARCH",WORK|BOOK|BOOK_EDITION|BOOK_PAGE|PAPER|SOURCE_RECORD|ACUPUNCTURE_CONCEPT|ACUPOINT|MERIDIAN|DISEASE|TREATMENT,NEEDS_REVIEW
HFM-A000570,针灸甲乙经/论著/皇帝甲乙经/《黄帝甲乙经》江左书林印1977曹智涵校正/《黄帝甲乙经》江左书林印1977曹智涵校正4.pdf,04 针灸甲乙经,"JIAYI,SEARCH,RESEARCH",WORK|BOOK|BOOK_EDITION|BOOK_PAGE|PAPER|SOURCE_RECORD|ACUPUNCTURE_CONCEPT|ACUPOINT|MERIDIAN|DISEASE|TREATMENT,NEEDS_REVIEW
HFM-A000571,针灸甲乙经/论著/皇帝甲乙经/《黄帝针灸甲乙经新校本》黄龙祥1990.pdf,04 针灸甲乙经,"JIAYI,SEARCH,RESEARCH",WORK|BOOK|BOOK_EDITION|BOOK_PAGE|PAPER|SOURCE_RECORD|ACUPUNCTURE_CONCEPT|ACUPOINT|MERIDIAN|DISEASE|TREATMENT,NEEDS_REVIEW
HFM-A000572,针灸甲乙经/论著/皇帝甲乙经/《黄帝针灸甲乙经新校本》黄龙祥1990.zip,04 针灸甲乙经,"JIAYI,SEARCH,RESEARCH",WORK|BOOK|BOOK_EDITION|BOOK_PAGE|PAPER|SOURCE_RECORD|ACUPUNCTURE_CONCEPT|ACUPOINT|MERIDIAN|DISEASE|TREATMENT,NEEDS_REVIEW
HFM-A000573,针灸甲乙经/论著/皇帝甲乙经/帝王世纪/《帝王世纪、山海经、逸周书》1996 (2).pdf,04 针灸甲乙经,"JIAYI,SEARCH,RESEARCH",WORK|BOOK|BOOK_EDITION|BOOK_PAGE|PAPER|SOURCE_RECORD|ACUPUNCTURE_CONCEPT|ACUPOINT|MERIDIAN|DISEASE|TREATMENT,NEEDS_REVIEW
HFM-A000574,针灸甲乙经/论著/皇帝甲乙经/帝王世纪/《帝王世纪、山海经、逸周书》1996.pdf,04 针灸甲乙经,"JIAYI,SEARCH,RESEARCH",WORK|BOOK|BOOK_EDITION|BOOK_PAGE|PAPER|SOURCE_RECORD|ACUPUNCTURE_CONCEPT|ACUPOINT|MERIDIAN|DISEASE|TREATMENT,NEEDS_REVIEW
HFM-A000575,针灸甲乙经/论著/皇帝甲乙经/帝王世纪/《帝王世纪》中华书局.pdf,04 针灸甲乙经,"JIAYI,SEARCH,RESEARCH",WORK|BOOK|BOOK_EDITION|BOOK_PAGE|PAPER|SOURCE_RECORD|ACUPUNCTURE_CONCEPT|ACUPOINT|MERIDIAN|DISEASE|TREATMENT,NEEDS_REVIEW
HFM-A000576,针灸甲乙经/论著/皇帝甲乙经/帝王世纪/《帝王世纪》中华民国二十五年.pdf,04 针灸甲乙经,"JIAYI,SEARCH,RESEARCH",WORK|BOOK|BOOK_EDITION|BOOK_PAGE|PAPER|SOURCE_RECORD|ACUPUNCTURE_CONCEPT|ACUPOINT|MERIDIAN|DISEASE|TREATMENT,NEEDS_REVIEW
HFM-A000577,针灸甲乙经/论著/针灸甲乙经校注/《中國醫藥匯海-针灸甲乙经》北京市中国书店蔡陆仙（2）.pdf,04 针灸甲乙经,"JIAYI,SEARCH,RESEARCH",WORK|BOOK|BOOK_EDITION|BOOK_PAGE|PAPER|SOURCE_RECORD|ACUPUNCTURE_CONCEPT|ACUPOINT|MERIDIAN|DISEASE|TREATMENT,NEEDS_REVIEW
HFM-A000578,针灸甲乙经/论著/针灸甲乙经校注/《中國醫藥匯海-针灸甲乙经》蔡陆仙.pdf,04 针灸甲乙经,"JIAYI,SEARCH,RESEARCH",WORK|BOOK|BOOK_EDITION|BOOK_PAGE|PAPER|SOURCE_RECORD|ACUPUNCTURE_CONCEPT|ACUPOINT|MERIDIAN|DISEASE|TREATMENT,NEEDS_REVIEW
HFM-A000579,针灸甲乙经/论著/针灸甲乙经校注/《针灸甲乙经》华夏出版社2008黄龙祥校注.pdf,04 针灸甲乙经,"JIAYI,SEARCH,RESEARCH",WORK|BOOK|BOOK_EDITION|BOOK_PAGE|PAPER|SOURCE_RECORD|ACUPUNCTURE_CONCEPT|ACUPOINT|MERIDIAN|DISEASE|TREATMENT,NEEDS_REVIEW
HFM-A000580,针灸甲乙经/论著/针灸甲乙经校注/《针灸甲乙经》商务印书馆宋林亿等校1955.pdf,04 针灸甲乙经,"JIAYI,SEARCH,RESEARCH",WORK|BOOK|BOOK_EDITION|BOOK_PAGE|PAPER|SOURCE_RECORD|ACUPUNCTURE_CONCEPT|ACUPOINT|MERIDIAN|DISEASE|TREATMENT,NEEDS_REVIEW
HFM-A000581,针灸甲乙经/论著/针灸甲乙经校注/《针灸甲乙经》学苑出版社2007刘聪.pdf,04 针灸甲乙经,"JIAYI,SEARCH,RESEARCH",WORK|BOOK|BOOK_EDITION|BOOK_PAGE|PAPER|SOURCE_RECORD|ACUPUNCTURE_CONCEPT|ACUPOINT|MERIDIAN|DISEASE|TREATMENT,NEEDS_REVIEW
HFM-A000582,针灸甲乙经/论著/针灸甲乙经校注/《针灸甲乙经》河南科技出版社2017韩森宁张春生徐长卿点校.pdf,04 针灸甲乙经,"JIAYI,SEARCH,RESEARCH",WORK|BOOK|BOOK_EDITION|BOOK_PAGE|PAPER|SOURCE_RECORD|ACUPUNCTURE_CONCEPT|ACUPOINT|MERIDIAN|DISEASE|TREATMENT,NEEDS_REVIEW
HFM-A000583,针灸甲乙经/论著/针灸甲乙经校注/《针灸甲乙经》福建科学技术出版社2012张玉萍.pdf,04 针灸甲乙经,"JIAYI,SEARCH,RESEARCH",WORK|BOOK|BOOK_EDITION|BOOK_PAGE|PAPER|SOURCE_RECORD|ACUPUNCTURE_CONCEPT|ACUPOINT|MERIDIAN|DISEASE|TREATMENT,NEEDS_REVIEW
HFM-A000584,针灸甲乙经/论著/针灸甲乙经校注/《针灸甲乙经》科学技术出版社张全明校注2010.pdf,04 针灸甲乙经,"JIAYI,SEARCH,RESEARCH",WORK|BOOK|BOOK_EDITION|BOOK_PAGE|PAPER|SOURCE_RECORD|ACUPUNCTURE_CONCEPT|ACUPOINT|MERIDIAN|DISEASE|TREATMENT,NEEDS_REVIEW
HFM-A000585,针灸甲乙经/论著/针灸甲乙经校注/《针灸甲乙经》第二军医大学出版社2008王勤俭校注.pdf,04 针灸甲乙经,"JIAYI,SEARCH,RESEARCH",WORK|BOOK|BOOK_EDITION|BOOK_PAGE|PAPER|SOURCE_RECORD|ACUPUNCTURE_CONCEPT|ACUPOINT|MERIDIAN|DISEASE|TREATMENT,NEEDS_REVIEW
HFM-A000586,针灸甲乙经/论著/针灸甲乙经校注/《针灸甲乙经》西安交通大学出版2018吴思渊.pdf,04 针灸甲乙经,"JIAYI,SEARCH,RESEARCH",WORK|BOOK|BOOK_EDITION|BOOK_PAGE|PAPER|SOURCE_RECORD|ACUPUNCTURE_CONCEPT|ACUPOINT|MERIDIAN|DISEASE|TREATMENT,NEEDS_REVIEW
HFM-A000587,针灸甲乙经/论著/针灸甲乙经校注/《针灸甲乙经》贵州教育出版社2010贾成文.pdf,04 针灸甲乙经,"JIAYI,SEARCH,RESEARCH",WORK|BOOK|BOOK_EDITION|BOOK_PAGE|PAPER|SOURCE_RECORD|ACUPUNCTURE_CONCEPT|ACUPOINT|MERIDIAN|DISEASE|TREATMENT,NEEDS_REVIEW
HFM-A000588,针灸甲乙经/论著/针灸甲乙经校注/《针灸甲乙经》鲁兆麟校1994.pdf,04 针灸甲乙经,"JIAYI,SEARCH,RESEARCH",WORK|BOOK|BOOK_EDITION|BOOK_PAGE|PAPER|SOURCE_RECORD|ACUPUNCTURE_CONCEPT|ACUPOINT|MERIDIAN|DISEASE|TREATMENT,NEEDS_REVIEW
HFM-A000589,针灸甲乙经/论著/针灸甲乙经校注/《针灸甲乙经语译及腧穴临证实录》中国古籍出版社2018潘文.pdf,04 针灸甲乙经,"JIAYI,SEARCH,RESEARCH",WORK|BOOK|BOOK_EDITION|BOOK_PAGE|PAPER|SOURCE_RECORD|ACUPUNCTURE_CONCEPT|ACUPOINT|MERIDIAN|DISEASE|TREATMENT,NEEDS_REVIEW
HFM-A000590,针灸甲乙经/论著/针灸甲乙经校注/《针灸甲乙经（一）》广州出版社陈国勇2003（/《针灸甲乙经（一）》广州出版社陈国勇2003.pdf,04 针灸甲乙经,"JIAYI,SEARCH,RESEARCH",WORK|BOOK|BOOK_EDITION|BOOK_PAGE|PAPER|SOURCE_RECORD|ACUPUNCTURE_CONCEPT|ACUPOINT|MERIDIAN|DISEASE|TREATMENT,NEEDS_REVIEW
HFM-A000591,针灸甲乙经/论著/针灸甲乙经校注/《针灸甲乙经（一）》广州出版社陈国勇2003（/《针灸甲乙经（一）》广州出版社陈国勇2003（2）.pdf,04 针灸甲乙经,"JIAYI,SEARCH,RESEARCH",WORK|BOOK|BOOK_EDITION|BOOK_PAGE|PAPER|SOURCE_RECORD|ACUPUNCTURE_CONCEPT|ACUPOINT|MERIDIAN|DISEASE|TREATMENT,NEEDS_REVIEW
HFM-A000592,针灸甲乙经/论著/针灸甲乙经校注/《针灸甲乙经（一）》广州出版社陈国勇2003（/《针灸甲乙经（三）》广州出版社陈国勇2003.pdf,04 针灸甲乙经,"JIAYI,SEARCH,RESEARCH",WORK|BOOK|BOOK_EDITION|BOOK_PAGE|PAPER|SOURCE_RECORD|ACUPUNCTURE_CONCEPT|ACUPOINT|MERIDIAN|DISEASE|TREATMENT,NEEDS_REVIEW
HFM-A000593,针灸甲乙经/论著/针灸甲乙经校注/《针灸甲乙经（一）》广州出版社陈国勇2003（/《针灸甲乙经（三）》广州出版社陈国勇2003（2）.pdf,04 针灸甲乙经,"JIAYI,SEARCH,RESEARCH",WORK|BOOK|BOOK_EDITION|BOOK_PAGE|PAPER|SOURCE_RECORD|ACUPUNCTURE_CONCEPT|ACUPOINT|MERIDIAN|DISEASE|TREATMENT,NEEDS_REVIEW
HFM-A000594,针灸甲乙经/论著/针灸甲乙经校注/《针灸甲乙经（一）》广州出版社陈国勇2003（/《针灸甲乙经（二）》广州出版社陈国勇2003.pdf,04 针灸甲乙经,"JIAYI,SEARCH,RESEARCH",WORK|BOOK|BOOK_EDITION|BOOK_PAGE|PAPER|SOURCE_RECORD|ACUPUNCTURE_CONCEPT|ACUPOINT|MERIDIAN|DISEASE|TREATMENT,NEEDS_REVIEW
HFM-A000595,针灸甲乙经/论著/针灸甲乙经校注/《针灸甲乙经（一）》广州出版社陈国勇2003（/《针灸甲乙经（二）》广州出版社陈国勇2003（2）.pdf,04 针灸甲乙经,"JIAYI,SEARCH,RESEARCH",WORK|BOOK|BOOK_EDITION|BOOK_PAGE|PAPER|SOURCE_RECORD|ACUPUNCTURE_CONCEPT|ACUPOINT|MERIDIAN|DISEASE|TREATMENT,NEEDS_REVIEW
HFM-A000596,针灸甲乙经/论著/针灸甲乙经校注/中华书局/《针灸甲乙经》中华书局1991.pdf,04 针灸甲乙经,"JIAYI,SEARCH,RESEARCH",WORK|BOOK|BOOK_EDITION|BOOK_PAGE|PAPER|SOURCE_RECORD|ACUPUNCTURE_CONCEPT|ACUPOINT|MERIDIAN|DISEASE|TREATMENT,NEEDS_REVIEW
HFM-A000597,针灸甲乙经/论著/针灸甲乙经校注/中华书局/《针灸甲乙经》中华书局1991（2）.pdf,04 针灸甲乙经,"JIAYI,SEARCH,RESEARCH",WORK|BOOK|BOOK_EDITION|BOOK_PAGE|PAPER|SOURCE_RECORD|ACUPUNCTURE_CONCEPT|ACUPOINT|MERIDIAN|DISEASE|TREATMENT,NEEDS_REVIEW
HFM-A000598,针灸甲乙经/论著/针灸甲乙经校注/中国中医药出版社/《针灸甲乙经》中国中医药科技出版2018.pdf,04 针灸甲乙经,"JIAYI,SEARCH,RESEARCH",WORK|BOOK|BOOK_EDITION|BOOK_PAGE|PAPER|SOURCE_RECORD|ACUPUNCTURE_CONCEPT|ACUPOINT|MERIDIAN|DISEASE|TREATMENT,NEEDS_REVIEW
HFM-A000599,针灸甲乙经/论著/针灸甲乙经校注/中国中医药出版社/《针灸甲乙经》中国医药科技出版2019 周琦校注.pdf,04 针灸甲乙经,"JIAYI,SEARCH,RESEARCH",WORK|BOOK|BOOK_EDITION|BOOK_PAGE|PAPER|SOURCE_RECORD|ACUPUNCTURE_CONCEPT|ACUPOINT|MERIDIAN|DISEASE|TREATMENT,NEEDS_REVIEW
HFM-A000600,针灸甲乙经/论著/针灸甲乙经校注/中国中医药出版社/《针灸甲乙经》中国医药科技出版社2011赵燕宜.pdf,04 针灸甲乙经,"JIAYI,SEARCH,RESEARCH",WORK|BOOK|BOOK_EDITION|BOOK_PAGE|PAPER|SOURCE_RECORD|ACUPUNCTURE_CONCEPT|ACUPOINT|MERIDIAN|DISEASE|TREATMENT,NEEDS_REVIEW
HFM-A000601,针灸甲乙经/论著/针灸甲乙经校注/中国中医药出版社/《针灸甲乙经选读》中国中医药出版社何天有雒成林2010.pdf,04 针灸甲乙经,"JIAYI,SEARCH,RESEARCH",WORK|BOOK|BOOK_EDITION|BOOK_PAGE|PAPER|SOURCE_RECORD|ACUPUNCTURE_CONCEPT|ACUPOINT|MERIDIAN|DISEASE|TREATMENT,NEEDS_REVIEW
HFM-A000602,针灸甲乙经/论著/针灸甲乙经校注/人民卫生出版社/《针灸甲乙经》人卫出版社1956.pdf,04 针灸甲乙经,"JIAYI,SEARCH,RESEARCH",WORK|BOOK|BOOK_EDITION|BOOK_PAGE|PAPER|SOURCE_RECORD|ACUPUNCTURE_CONCEPT|ACUPOINT|MERIDIAN|DISEASE|TREATMENT,NEEDS_REVIEW
HFM-A000603,针灸甲乙经/论著/针灸甲乙经校注/人民卫生出版社/《针灸甲乙经》人卫出版社1962.pdf,04 针灸甲乙经,"JIAYI,SEARCH,RESEARCH",WORK|BOOK|BOOK_EDITION|BOOK_PAGE|PAPER|SOURCE_RECORD|ACUPUNCTURE_CONCEPT|ACUPOINT|MERIDIAN|DISEASE|TREATMENT,NEEDS_REVIEW
HFM-A000604,针灸甲乙经/论著/针灸甲乙经校注/人民卫生出版社/《针灸甲乙经》人卫出版社2006黄龙祥整理.pdf,04 针灸甲乙经,"JIAYI,SEARCH,RESEARCH",WORK|BOOK|BOOK_EDITION|BOOK_PAGE|PAPER|SOURCE_RECORD|ACUPUNCTURE_CONCEPT|ACUPOINT|MERIDIAN|DISEASE|TREATMENT,NEEDS_REVIEW
HFM-A000605,针灸甲乙经/论著/针灸甲乙经校注/人民卫生出版社/《针灸甲乙经》人民卫生出版2017社黄龙祥整理.pdf,04 针灸甲乙经,"JIAYI,SEARCH,RESEARCH",WORK|BOOK|BOOK_EDITION|BOOK_PAGE|PAPER|SOURCE_RECORD|ACUPUNCTURE_CONCEPT|ACUPOINT|MERIDIAN|DISEASE|TREATMENT,NEEDS_REVIEW
HFM-A000606,针灸甲乙经/论著/针灸甲乙经校注/山东中医学院/《针灸甲乙经校释》山东中医学院1979上册+下册 (2).pdf,04 针灸甲乙经,"JIAYI,SEARCH,RESEARCH",WORK|BOOK|BOOK_EDITION|BOOK_PAGE|PAPER|SOURCE_RECORD|ACUPUNCTURE_CONCEPT|ACUPOINT|MERIDIAN|DISEASE|TREATMENT,NEEDS_REVIEW
HFM-A000607,针灸甲乙经/论著/针灸甲乙经校注/山东中医学院/《针灸甲乙经校释》山东中医学院1979上册+下册 (3).pdf,04 针灸甲乙经,"JIAYI,SEARCH,RESEARCH",WORK|BOOK|BOOK_EDITION|BOOK_PAGE|PAPER|SOURCE_RECORD|ACUPUNCTURE_CONCEPT|ACUPOINT|MERIDIAN|DISEASE|TREATMENT,NEEDS_REVIEW
HFM-A000608,针灸甲乙经/论著/针灸甲乙经校注/山东中医学院/《针灸甲乙经校释》山东中医学院1979上册+下册.pdf,04 针灸甲乙经,"JIAYI,SEARCH,RESEARCH",WORK|BOOK|BOOK_EDITION|BOOK_PAGE|PAPER|SOURCE_RECORD|ACUPUNCTURE_CONCEPT|ACUPOINT|MERIDIAN|DISEASE|TREATMENT,NEEDS_REVIEW
HFM-A000609,针灸甲乙经/论著/针灸甲乙经校注/山东中医学院/《针灸甲乙经校释》山东中医学院1979上册.pdf,04 针灸甲乙经,"JIAYI,SEARCH,RESEARCH",WORK|BOOK|BOOK_EDITION|BOOK_PAGE|PAPER|SOURCE_RECORD|ACUPUNCTURE_CONCEPT|ACUPOINT|MERIDIAN|DISEASE|TREATMENT,NEEDS_REVIEW
HFM-A000610,针灸甲乙经/论著/针灸甲乙经校注/山东中医学院/《针灸甲乙经校释》山东中医学院1979上册（2）.pdf,04 针灸甲乙经,"JIAYI,SEARCH,RESEARCH",WORK|BOOK|BOOK_EDITION|BOOK_PAGE|PAPER|SOURCE_RECORD|ACUPUNCTURE_CONCEPT|ACUPOINT|MERIDIAN|DISEASE|TREATMENT,NEEDS_REVIEW
HFM-A000611,针灸甲乙经/论著/针灸甲乙经校注/山东中医学院/《针灸甲乙经校释》山东中医学院2009第2版上册.pdf,04 针灸甲乙经,"JIAYI,SEARCH,RESEARCH",WORK|BOOK|BOOK_EDITION|BOOK_PAGE|PAPER|SOURCE_RECORD|ACUPUNCTURE_CONCEPT|ACUPOINT|MERIDIAN|DISEASE|TREATMENT,NEEDS_REVIEW
HFM-A000612,针灸甲乙经/论著/针灸甲乙经校注/山东中医学院/《针灸甲乙经校释》山东中医学院2009第2版下册.pdf,04 针灸甲乙经,"JIAYI,SEARCH,RESEARCH",WORK|BOOK|BOOK_EDITION|BOOK_PAGE|PAPER|SOURCE_RECORD|ACUPUNCTURE_CONCEPT|ACUPOINT|MERIDIAN|DISEASE|TREATMENT,NEEDS_REVIEW
HFM-A000613,针灸甲乙经/论著/针灸甲乙经校注/张灿岬/《针灸甲乙经校注》（张灿玾、徐国千）1996（1）.pdf,04 针灸甲乙经,"JIAYI,SEARCH,RESEARCH",WORK|BOOK|BOOK_EDITION|BOOK_PAGE|PAPER|SOURCE_RECORD|ACUPUNCTURE_CONCEPT|ACUPOINT|MERIDIAN|DISEASE|TREATMENT,NEEDS_REVIEW
HFM-A000614,针灸甲乙经/论著/针灸甲乙经校注/张灿岬/《针灸甲乙经校注》（张灿玾、徐国千）1996（2）.pdf,04 针灸甲乙经,"JIAYI,SEARCH,RESEARCH",WORK|BOOK|BOOK_EDITION|BOOK_PAGE|PAPER|SOURCE_RECORD|ACUPUNCTURE_CONCEPT|ACUPOINT|MERIDIAN|DISEASE|TREATMENT,NEEDS_REVIEW
HFM-A000615,针灸甲乙经/论著/针灸甲乙经校注/张灿岬/《针灸甲乙经校注》（张灿玾、徐国千）1996（3）.pdf,04 针灸甲乙经,"JIAYI,SEARCH,RESEARCH",WORK|BOOK|BOOK_EDITION|BOOK_PAGE|PAPER|SOURCE_RECORD|ACUPUNCTURE_CONCEPT|ACUPOINT|MERIDIAN|DISEASE|TREATMENT,NEEDS_REVIEW
HFM-A000616,针灸甲乙经/论著/针灸甲乙经校注/张灿岬/《针灸甲乙经校注》（张灿玾、徐国千）1996（4）.pdf,04 针灸甲乙经,"JIAYI,SEARCH,RESEARCH",WORK|BOOK|BOOK_EDITION|BOOK_PAGE|PAPER|SOURCE_RECORD|ACUPUNCTURE_CONCEPT|ACUPOINT|MERIDIAN|DISEASE|TREATMENT,NEEDS_REVIEW
HFM-A000617,针灸甲乙经/论著/针灸甲乙经校注/张灿岬/《针灸甲乙经校注》（张灿玾、徐国千）2014(上册).pdf,04 针灸甲乙经,"JIAYI,SEARCH,RESEARCH",WORK|BOOK|BOOK_EDITION|BOOK_PAGE|PAPER|SOURCE_RECORD|ACUPUNCTURE_CONCEPT|ACUPOINT|MERIDIAN|DISEASE|TREATMENT,NEEDS_REVIEW
HFM-A000618,针灸甲乙经/论著/针灸甲乙经校注/张灿岬/《针灸甲乙经校注》（张灿玾、徐国千）2014(下册).pdf,04 针灸甲乙经,"JIAYI,SEARCH,RESEARCH",WORK|BOOK|BOOK_EDITION|BOOK_PAGE|PAPER|SOURCE_RECORD|ACUPUNCTURE_CONCEPT|ACUPOINT|MERIDIAN|DISEASE|TREATMENT,NEEDS_REVIEW
HFM-A000619,针灸甲乙经/论著/针灸甲乙经现代版/《针灸甲乙经》白话精解王竹星2010.pdf,04 针灸甲乙经,"JIAYI,SEARCH,RESEARCH",WORK|BOOK|BOOK_EDITION|BOOK_PAGE|PAPER|SOURCE_RECORD|ACUPUNCTURE_CONCEPT|ACUPOINT|MERIDIAN|DISEASE|TREATMENT,NEEDS_REVIEW
HFM-A000620,针灸甲乙经/论著/针灸甲乙经现代版/《针灸甲乙经一学就通》林政宏2007.pdf,04 针灸甲乙经,"JIAYI,SEARCH,RESEARCH",WORK|BOOK|BOOK_EDITION|BOOK_PAGE|PAPER|SOURCE_RECORD|ACUPUNCTURE_CONCEPT|ACUPOINT|MERIDIAN|DISEASE|TREATMENT,NEEDS_REVIEW
HFM-A000621,针灸甲乙经/论著/高士传/《高士传》中华书局1985.pdf,04 针灸甲乙经,"JIAYI,SEARCH,RESEARCH",WORK|BOOK|BOOK_EDITION|BOOK_PAGE|PAPER|SOURCE_RECORD|ACUPUNCTURE_CONCEPT|ACUPOINT|MERIDIAN|DISEASE|TREATMENT,NEEDS_REVIEW
HFM-A000622,非遗佐证/02 领办人荣誉及获奖/1、平凉市名中医.pdf,09 非遗/针灸传承,"HERITAGE,PERSON,RESEARCH",INHERITOR|INTANGIBLE_HERITAGE_ITEM|EVENT|PLACE|INSTITUTION|IMAGE|VIDEO|DOCUMENT,NEEDS_REVIEW
HFM-A000623,非遗佐证/02 领办人荣誉及获奖/2、甘肃省先进工作者.pdf,09 非遗/针灸传承,"HERITAGE,PERSON,RESEARCH",INHERITOR|INTANGIBLE_HERITAGE_ITEM|EVENT|PLACE|INSTITUTION|IMAGE|VIDEO|DOCUMENT,NEEDS_REVIEW
HFM-A000624,非遗佐证/02 领办人荣誉及获奖/3、甘肃省名中医.pdf,09 非遗/针灸传承,"HERITAGE,PERSON,RESEARCH",INHERITOR|INTANGIBLE_HERITAGE_ITEM|EVENT|PLACE|INSTITUTION|IMAGE|VIDEO|DOCUMENT,NEEDS_REVIEW
HFM-A000625,非遗佐证/02 领办人荣誉及获奖/4、首届平凉名医.pdf,09 非遗/针灸传承,"HERITAGE,PERSON,RESEARCH",INHERITOR|INTANGIBLE_HERITAGE_ITEM|EVENT|PLACE|INSTITUTION|IMAGE|VIDEO|DOCUMENT,NEEDS_REVIEW
HFM-A000626,非遗佐证/02 领办人荣誉及获奖/5、崆峒工匠.pdf,09 非遗/针灸传承,"HERITAGE,PERSON,RESEARCH",INHERITOR|INTANGIBLE_HERITAGE_ITEM|EVENT|PLACE|INSTITUTION|IMAGE|VIDEO|DOCUMENT,NEEDS_REVIEW
HFM-A000627,非遗佐证/02 领办人荣誉及获奖/6、甘肃高层次专业技术人才津贴人员.pdf,09 非遗/针灸传承,"HERITAGE,PERSON,RESEARCH",INHERITOR|INTANGIBLE_HERITAGE_ITEM|EVENT|PLACE|INSTITUTION|IMAGE|VIDEO|DOCUMENT,NEEDS_REVIEW
HFM-A000628,非遗佐证/02 领办人荣誉及获奖/7、“全区优秀院长” 荣誉证书复印件/2016年优秀院长.pdf,09 非遗/针灸传承,"HERITAGE,PERSON,RESEARCH",INHERITOR|INTANGIBLE_HERITAGE_ITEM|EVENT|PLACE|INSTITUTION|IMAGE|VIDEO|DOCUMENT,NEEDS_REVIEW
HFM-A000629,非遗佐证/02 领办人荣誉及获奖/7、“全区优秀院长” 荣誉证书复印件/2017优秀院长.pdf,09 非遗/针灸传承,"HERITAGE,PERSON,RESEARCH",INHERITOR|INTANGIBLE_HERITAGE_ITEM|EVENT|PLACE|INSTITUTION|IMAGE|VIDEO|DOCUMENT,NEEDS_REVIEW
HFM-A000630,非遗佐证/02 领办人荣誉及获奖/7、“全区优秀院长” 荣誉证书复印件/2018优秀院长.pdf,09 非遗/针灸传承,"HERITAGE,PERSON,RESEARCH",INHERITOR|INTANGIBLE_HERITAGE_ITEM|EVENT|PLACE|INSTITUTION|IMAGE|VIDEO|DOCUMENT,NEEDS_REVIEW
HFM-A000631,非遗佐证/02 领办人荣誉及获奖/7、“全区优秀院长” 荣誉证书复印件/2019优秀院长.lnk,09 非遗/针灸传承,"HERITAGE,PERSON,RESEARCH",INHERITOR|INTANGIBLE_HERITAGE_ITEM|EVENT|PLACE|INSTITUTION|IMAGE|VIDEO|DOCUMENT,NEEDS_REVIEW
HFM-A000632,非遗佐证/02 领办人荣誉及获奖/7、“全区优秀院长” 荣誉证书复印件/2019优秀院长.pdf,09 非遗/针灸传承,"HERITAGE,PERSON,RESEARCH",INHERITOR|INTANGIBLE_HERITAGE_ITEM|EVENT|PLACE|INSTITUTION|IMAGE|VIDEO|DOCUMENT,NEEDS_REVIEW
HFM-A000633,非遗佐证/03 非遗传承人资质/皇甫谧针灸市级非物质文化遗产代表性传承人认定文件.pdf,01 皇甫谧人物资料,"PERSON,SEARCH",PERSON|TIMELINE_ENTRY|SOURCE_RECORD,NEEDS_REVIEW
HFM-A000634,非遗佐证/04 学术兼职/1、甘肃省高等学校医学类专业教学指导、认证与教材建设委员会委员聘书.pdf,09 非遗/针灸传承,"HERITAGE,PERSON,RESEARCH",INHERITOR|INTANGIBLE_HERITAGE_ITEM|EVENT|PLACE|INSTITUTION|IMAGE|VIDEO|DOCUMENT,NEEDS_REVIEW
HFM-A000635,非遗佐证/04 学术兼职/2、省针灸学会副会长.pdf,09 非遗/针灸传承,"HERITAGE,PERSON,RESEARCH",INHERITOR|INTANGIBLE_HERITAGE_ITEM|EVENT|PLACE|INSTITUTION|IMAGE|VIDEO|DOCUMENT,NEEDS_REVIEW
HFM-A000636,非遗佐证/04 学术兼职/3、市针灸学会会长.pdf,09 非遗/针灸传承,"HERITAGE,PERSON,RESEARCH",INHERITOR|INTANGIBLE_HERITAGE_ITEM|EVENT|PLACE|INSTITUTION|IMAGE|VIDEO|DOCUMENT,NEEDS_REVIEW
HFM-A000637,非遗佐证/04 学术兼职/4、2023中国针灸学会非物质文化遗产工作委员会委员.pdf,09 非遗/针灸传承,"HERITAGE,PERSON,RESEARCH",INHERITOR|INTANGIBLE_HERITAGE_ITEM|EVENT|PLACE|INSTITUTION|IMAGE|VIDEO|DOCUMENT,NEEDS_REVIEW
HFM-A000638,非遗佐证/04 学术兼职/5、2025全国综合及医科大学针灸推拿学联盟副理事长.pdf,09 非遗/针灸传承,"HERITAGE,PERSON,RESEARCH",INHERITOR|INTANGIBLE_HERITAGE_ITEM|EVENT|PLACE|INSTITUTION|IMAGE|VIDEO|DOCUMENT,NEEDS_REVIEW
HFM-A000639,非遗佐证/04 学术兼职/6、全国针灸推拿学行业产教融合共同体副理事长聘书或证明文件.pdf,09 非遗/针灸传承,"HERITAGE,PERSON,RESEARCH",INHERITOR|INTANGIBLE_HERITAGE_ITEM|EVENT|PLACE|INSTITUTION|IMAGE|VIDEO|DOCUMENT,NEEDS_REVIEW
HFM-A000640,非遗佐证/05 技术成果/1、市级科研成果奖证书复印件/刘君奇 科研列表.docx,09 非遗/针灸传承,"HERITAGE,PERSON,RESEARCH",INHERITOR|INTANGIBLE_HERITAGE_ITEM|EVENT|PLACE|INSTITUTION|IMAGE|VIDEO|DOCUMENT,NEEDS_REVIEW
HFM-A000641,非遗佐证/05 技术成果/1、市级科研成果奖证书复印件/市科技进步三等奖.pdf,09 非遗/针灸传承,"HERITAGE,PERSON,RESEARCH",INHERITOR|INTANGIBLE_HERITAGE_ITEM|EVENT|PLACE|INSTITUTION|IMAGE|VIDEO|DOCUMENT,NEEDS_REVIEW
HFM-A000642,非遗佐证/05 技术成果/1、市级科研成果奖证书复印件/市科技进步二等奖.pdf,09 非遗/针灸传承,"HERITAGE,PERSON,RESEARCH",INHERITOR|INTANGIBLE_HERITAGE_ITEM|EVENT|PLACE|INSTITUTION|IMAGE|VIDEO|DOCUMENT,NEEDS_REVIEW
HFM-A000643,非遗佐证/05 技术成果/1、市级科研成果奖证书复印件/市科技进步二等奖2.pdf,09 非遗/针灸传承,"HERITAGE,PERSON,RESEARCH",INHERITOR|INTANGIBLE_HERITAGE_ITEM|EVENT|PLACE|INSTITUTION|IMAGE|VIDEO|DOCUMENT,NEEDS_REVIEW
HFM-A000644,非遗佐证/05 技术成果/1、市级科研成果奖证书复印件/市科技进步二等奖3.pdf,09 非遗/针灸传承,"HERITAGE,PERSON,RESEARCH",INHERITOR|INTANGIBLE_HERITAGE_ITEM|EVENT|PLACE|INSTITUTION|IMAGE|VIDEO|DOCUMENT,NEEDS_REVIEW
HFM-A000645,非遗佐证/05 技术成果/1、市级科研成果奖证书复印件/市科技进步二等奖4.pdf,09 非遗/针灸传承,"HERITAGE,PERSON,RESEARCH",INHERITOR|INTANGIBLE_HERITAGE_ITEM|EVENT|PLACE|INSTITUTION|IMAGE|VIDEO|DOCUMENT,NEEDS_REVIEW
HFM-A000646,非遗佐证/05 技术成果/1、市级科研成果奖证书复印件/市科技进步二等奖5.pdf,09 非遗/针灸传承,"HERITAGE,PERSON,RESEARCH",INHERITOR|INTANGIBLE_HERITAGE_ITEM|EVENT|PLACE|INSTITUTION|IMAGE|VIDEO|DOCUMENT,NEEDS_REVIEW
HFM-A000647,非遗佐证/05 技术成果/1、市级科研成果奖证书复印件/市科技进步二等奖6.pdf,09 非遗/针灸传承,"HERITAGE,PERSON,RESEARCH",INHERITOR|INTANGIBLE_HERITAGE_ITEM|EVENT|PLACE|INSTITUTION|IMAGE|VIDEO|DOCUMENT,NEEDS_REVIEW
HFM-A000648,非遗佐证/05 技术成果/1、市级科研成果奖证书复印件/市科技进步二等奖7.pdf,09 非遗/针灸传承,"HERITAGE,PERSON,RESEARCH",INHERITOR|INTANGIBLE_HERITAGE_ITEM|EVENT|PLACE|INSTITUTION|IMAGE|VIDEO|DOCUMENT,NEEDS_REVIEW
HFM-A000649,非遗佐证/05 技术成果/1、市级科研成果奖证书复印件/市科技进步二等奖8.pdf,09 非遗/针灸传承,"HERITAGE,PERSON,RESEARCH",INHERITOR|INTANGIBLE_HERITAGE_ITEM|EVENT|PLACE|INSTITUTION|IMAGE|VIDEO|DOCUMENT,NEEDS_REVIEW
HFM-A000650,非遗佐证/05 技术成果/1、市级科研成果奖证书复印件/市科技进步二等奖9.pdf,09 非遗/针灸传承,"HERITAGE,PERSON,RESEARCH",INHERITOR|INTANGIBLE_HERITAGE_ITEM|EVENT|PLACE|INSTITUTION|IMAGE|VIDEO|DOCUMENT,NEEDS_REVIEW
HFM-A000651,非遗佐证/05 技术成果/2、刘君奇发表论文/中药外敷联合针刺治疗膝关节骨性关节炎的临床疗效及对关节疼痛的影响/（封面）中药外敷联合针刺治疗膝关节骨性关节炎的临床疗效及对关节疼痛的影响.pdf,09 非遗/针灸传承,"HERITAGE,PERSON,RESEARCH",INHERITOR|INTANGIBLE_HERITAGE_ITEM|EVENT|PLACE|INSTITUTION|IMAGE|VIDEO|DOCUMENT,NEEDS_REVIEW
HFM-A000652,非遗佐证/05 技术成果/2、刘君奇发表论文/中药外敷联合针刺治疗膝关节骨性关节炎的临床疗效及对关节疼痛的影响/（正文）中药外敷联合针刺治疗膝关节骨性关节炎的临床疗效及对关节疼痛的影响.pdf,09 非遗/针灸传承,"HERITAGE,PERSON,RESEARCH",INHERITOR|INTANGIBLE_HERITAGE_ITEM|EVENT|PLACE|INSTITUTION|IMAGE|VIDEO|DOCUMENT,NEEDS_REVIEW
HFM-A000653,非遗佐证/05 技术成果/2、刘君奇发表论文/中药外敷联合针刺治疗膝关节骨性关节炎的临床疗效及对关节疼痛的影响/（目录）中药外敷联合针刺治疗膝关节骨性关节炎的临床疗效及对关节疼痛的影响.pdf,09 非遗/针灸传承,"HERITAGE,PERSON,RESEARCH",INHERITOR|INTANGIBLE_HERITAGE_ITEM|EVENT|PLACE|INSTITUTION|IMAGE|VIDEO|DOCUMENT,NEEDS_REVIEW
HFM-A000654,非遗佐证/05 技术成果/2、刘君奇发表论文/中药外敷联合针刺治疗膝关节骨性关节炎的临床疗效及对关节疼痛的影响/（首页）中药外敷联合针刺治疗膝关节骨性关节炎的临床疗效及对关节疼痛的影响.pdf,09 非遗/针灸传承,"HERITAGE,PERSON,RESEARCH",INHERITOR|INTANGIBLE_HERITAGE_ITEM|EVENT|PLACE|INSTITUTION|IMAGE|VIDEO|DOCUMENT,NEEDS_REVIEW
HFM-A000655,非遗佐证/05 技术成果/2、刘君奇发表论文/刘君奇发表论文清单.docx,09 非遗/针灸传承,"HERITAGE,PERSON,RESEARCH",INHERITOR|INTANGIBLE_HERITAGE_ITEM|EVENT|PLACE|INSTITUTION|IMAGE|VIDEO|DOCUMENT,NEEDS_REVIEW
HFM-A000656,非遗佐证/05 技术成果/2、刘君奇发表论文/皇甫谧滞通针法临床应用/封面.pdf,01 皇甫谧人物资料,"PERSON,SEARCH",PERSON|TIMELINE_ENTRY|SOURCE_RECORD,NEEDS_REVIEW
HFM-A000657,非遗佐证/05 技术成果/2、刘君奇发表论文/皇甫谧滞通针法临床应用/正文1.pdf,01 皇甫谧人物资料,"PERSON,SEARCH",PERSON|TIMELINE_ENTRY|SOURCE_RECORD,NEEDS_REVIEW
HFM-A000658,非遗佐证/05 技术成果/2、刘君奇发表论文/皇甫谧滞通针法临床应用/正文2.pdf,01 皇甫谧人物资料,"PERSON,SEARCH",PERSON|TIMELINE_ENTRY|SOURCE_RECORD,NEEDS_REVIEW
HFM-A000659,非遗佐证/05 技术成果/2、刘君奇发表论文/皇甫谧滞通针法临床应用/正文3.pdf,01 皇甫谧人物资料,"PERSON,SEARCH",PERSON|TIMELINE_ENTRY|SOURCE_RECORD,NEEDS_REVIEW
HFM-A000660,非遗佐证/05 技术成果/2、刘君奇发表论文/皇甫谧滞通针法临床应用/正文4.pdf,01 皇甫谧人物资料,"PERSON,SEARCH",PERSON|TIMELINE_ENTRY|SOURCE_RECORD,NEEDS_REVIEW
HFM-A000661,非遗佐证/05 技术成果/2、刘君奇发表论文/皇甫谧滞通针法临床应用/正文5.pdf,01 皇甫谧人物资料,"PERSON,SEARCH",PERSON|TIMELINE_ENTRY|SOURCE_RECORD,NEEDS_REVIEW
HFM-A000662,非遗佐证/05 技术成果/2、刘君奇发表论文/皇甫谧滞通针法临床应用/正文6.pdf,01 皇甫谧人物资料,"PERSON,SEARCH",PERSON|TIMELINE_ENTRY|SOURCE_RECORD,NEEDS_REVIEW
HFM-A000663,非遗佐证/05 技术成果/2、刘君奇发表论文/皇甫谧滞通针法临床应用/目录.pdf,01 皇甫谧人物资料,"PERSON,SEARCH",PERSON|TIMELINE_ENTRY|SOURCE_RECORD,NEEDS_REVIEW
HFM-A000664,非遗佐证/05 技术成果/2、刘君奇发表论文/皇甫谧滞通针法临床应用/首页.pdf,01 皇甫谧人物资料,"PERSON,SEARCH",PERSON|TIMELINE_ENTRY|SOURCE_RECORD,NEEDS_REVIEW
HFM-A000665,非遗佐证/05 技术成果/3、主持、参与的市、厅级中医药课题立项或结题证明复印件（十余项）/19社科联项目立项证明.pdf,09 非遗/针灸传承,"HERITAGE,PERSON,RESEARCH",INHERITOR|INTANGIBLE_HERITAGE_ITEM|EVENT|PLACE|INSTITUTION|IMAGE|VIDEO|DOCUMENT,NEEDS_REVIEW
HFM-A000666,非遗佐证/05 技术成果/3、主持、参与的市、厅级中医药课题立项或结题证明复印件（十余项）/19社科联项目结题证明.jpg,09 非遗/针灸传承,"HERITAGE,PERSON,RESEARCH",INHERITOR|INTANGIBLE_HERITAGE_ITEM|EVENT|PLACE|INSTITUTION|IMAGE|VIDEO|DOCUMENT,NEEDS_REVIEW
HFM-A000667,非遗佐证/05 技术成果/3、主持、参与的市、厅级中医药课题立项或结题证明复印件（十余项）/2023结项证书 甘肃特色地域文化传承创新研究一一以皇甫谧文化传承创新路径研究为例.pdf,01 皇甫谧人物资料,"PERSON,SEARCH",PERSON|TIMELINE_ENTRY|SOURCE_RECORD,NEEDS_REVIEW
HFM-A000668,非遗佐证/06 媒体报道/1、协助中央广播电视台华语环球节目纪录片部拍摄《杏林繁华》工作方案.pdf,09 非遗/针灸传承,"HERITAGE,PERSON,RESEARCH",INHERITOR|INTANGIBLE_HERITAGE_ITEM|EVENT|PLACE|INSTITUTION|IMAGE|VIDEO|DOCUMENT,NEEDS_REVIEW
HFM-A000669,非遗佐证/06 媒体报道/2、央视《魅力中国城》栏目参与证明材料.pdf,09 非遗/针灸传承,"HERITAGE,PERSON,RESEARCH",INHERITOR|INTANGIBLE_HERITAGE_ITEM|EVENT|PLACE|INSTITUTION|IMAGE|VIDEO|DOCUMENT,NEEDS_REVIEW
HFM-A000670,非遗佐证/06 媒体报道/3、甘肃卫视等栏目宣传报道截图或链接/崆峒区.pdf,09 非遗/针灸传承,"HERITAGE,PERSON,RESEARCH",INHERITOR|INTANGIBLE_HERITAGE_ITEM|EVENT|PLACE|INSTITUTION|IMAGE|VIDEO|DOCUMENT,NEEDS_REVIEW
HFM-A000671,非遗佐证/06 媒体报道/3、甘肃卫视等栏目宣传报道截图或链接/灵台县.pdf,09 非遗/针灸传承,"HERITAGE,PERSON,RESEARCH",INHERITOR|INTANGIBLE_HERITAGE_ITEM|EVENT|PLACE|INSTITUTION|IMAGE|VIDEO|DOCUMENT,NEEDS_REVIEW
HFM-A000672,非遗佐证/06 媒体报道/3、甘肃卫视等栏目宣传报道截图或链接/甘肃卫视.pdf,09 非遗/针灸传承,"HERITAGE,PERSON,RESEARCH",INHERITOR|INTANGIBLE_HERITAGE_ITEM|EVENT|PLACE|INSTITUTION|IMAGE|VIDEO|DOCUMENT,NEEDS_REVIEW
HFM-A000673,非遗佐证/06 媒体报道/3、甘肃卫视等栏目宣传报道截图或链接/甘肃卫视等栏目宣传报道截图或链接.pdf,09 非遗/针灸传承,"HERITAGE,PERSON,RESEARCH",INHERITOR|INTANGIBLE_HERITAGE_ITEM|EVENT|PLACE|INSTITUTION|IMAGE|VIDEO|DOCUMENT,NEEDS_REVIEW
HFM-A000674,非遗佐证/06 媒体报道/3、甘肃卫视等栏目宣传报道截图或链接/静宁县.pdf,09 非遗/针灸传承,"HERITAGE,PERSON,RESEARCH",INHERITOR|INTANGIBLE_HERITAGE_ITEM|EVENT|PLACE|INSTITUTION|IMAGE|VIDEO|DOCUMENT,NEEDS_REVIEW
HFM-A000675,非遗佐证/06 媒体报道/4、2025年4月25日中央电视台《中国中医药大会》（第二季）《陇脉医承》栏目播出截图或视频链接证明/中央电视台拍摄函.pdf,09 非遗/针灸传承,"HERITAGE,PERSON,RESEARCH",INHERITOR|INTANGIBLE_HERITAGE_ITEM|EVENT|PLACE|INSTITUTION|IMAGE|VIDEO|DOCUMENT,NEEDS_REVIEW
HFM-A000676,非遗佐证/06 媒体报道/4、2025年4月25日中央电视台《中国中医药大会》（第二季）《陇脉医承》栏目播出截图或视频链接证明/央视图片证明材料.pdf,09 非遗/针灸传承,"HERITAGE,PERSON,RESEARCH",INHERITOR|INTANGIBLE_HERITAGE_ITEM|EVENT|PLACE|INSTITUTION|IMAGE|VIDEO|DOCUMENT,NEEDS_REVIEW
HFM-A000677,非遗佐证/07 带徒传技与工作室成果/1、“刘君奇名中医工作室”成立及运行相关证明材料（崆峒区中医医院）.pdf,09 非遗/针灸传承,"HERITAGE,PERSON,RESEARCH",INHERITOR|INTANGIBLE_HERITAGE_ITEM|EVENT|PLACE|INSTITUTION|IMAGE|VIDEO|DOCUMENT,NEEDS_REVIEW
HFM-A000678,非遗佐证/07 带徒传技与工作室成果/2、“刘君奇中医工作室”相关证明材料（灵台县皇甫谧中医院）.pdf,01 皇甫谧人物资料,"PERSON,SEARCH",PERSON|TIMELINE_ENTRY|SOURCE_RECORD,NEEDS_REVIEW
HFM-A000679,非遗佐证/07 带徒传技与工作室成果/3、传承工作室及国医馆名单及基本情况.pdf,09 非遗/针灸传承,"HERITAGE,PERSON,RESEARCH",INHERITOR|INTANGIBLE_HERITAGE_ITEM|EVENT|PLACE|INSTITUTION|IMAGE|VIDEO|DOCUMENT,NEEDS_REVIEW
HFM-A000680,非遗佐证/07 带徒传技与工作室成果/4、带教师承学生名单带教基医生名单.pdf,09 非遗/针灸传承,"HERITAGE,PERSON,RESEARCH",INHERITOR|INTANGIBLE_HERITAGE_ITEM|EVENT|PLACE|INSTITUTION|IMAGE|VIDEO|DOCUMENT,NEEDS_REVIEW
HFM-A000681,非遗佐证/07 带徒传技与工作室成果/5、皇甫谧学院师承教育拜师大会相关材料/师承教育拜师大会新闻稿.docx,01 皇甫谧人物资料,"PERSON,SEARCH",PERSON|TIMELINE_ENTRY|SOURCE_RECORD,NEEDS_REVIEW
HFM-A000682,非遗佐证/07 带徒传技与工作室成果/5、皇甫谧学院师承教育拜师大会相关材料/师承教育教学大纲.doc,01 皇甫谧人物资料,"PERSON,SEARCH",PERSON|TIMELINE_ENTRY|SOURCE_RECORD,NEEDS_REVIEW
HFM-A000683,非遗佐证/07 带徒传技与工作室成果/5、皇甫谧学院师承教育拜师大会相关材料/师承教育讲座(3).docx,01 皇甫谧人物资料,"PERSON,SEARCH",PERSON|TIMELINE_ENTRY|SOURCE_RECORD,NEEDS_REVIEW
HFM-A000684,非遗佐证/07 带徒传技与工作室成果/5、皇甫谧学院师承教育拜师大会相关材料/皇甫谧针灸学院中医师承制教学实施办法(3).docx,01 皇甫谧人物资料,"PERSON,SEARCH",PERSON|TIMELINE_ENTRY|SOURCE_RECORD,NEEDS_REVIEW
HFM-A000685,非遗佐证/08申报单位资质/1、甘肃医学院事业单位法人证书复印件.pdf,09 非遗/针灸传承,"HERITAGE,PERSON,RESEARCH",INHERITOR|INTANGIBLE_HERITAGE_ITEM|EVENT|PLACE|INSTITUTION|IMAGE|VIDEO|DOCUMENT,NEEDS_REVIEW
HFM-A000686,非遗佐证/08申报单位资质/2、不动产证明.pdf,09 非遗/针灸传承,"HERITAGE,PERSON,RESEARCH",INHERITOR|INTANGIBLE_HERITAGE_ITEM|EVENT|PLACE|INSTITUTION|IMAGE|VIDEO|DOCUMENT,NEEDS_REVIEW
HFM-A000687,非遗佐证/09职业技能等级认定资质/1、甘肃医学院 职业技能等级认定机构备案信息采集表、认定函、承诺书.pdf,09 非遗/针灸传承,"HERITAGE,PERSON,RESEARCH",INHERITOR|INTANGIBLE_HERITAGE_ITEM|EVENT|PLACE|INSTITUTION|IMAGE|VIDEO|DOCUMENT,NEEDS_REVIEW
HFM-A000688,非遗佐证/09职业技能等级认定资质/2、职业技能等级认定考评员名单.pdf,09 非遗/针灸传承,"HERITAGE,PERSON,RESEARCH",INHERITOR|INTANGIBLE_HERITAGE_ITEM|EVENT|PLACE|INSTITUTION|IMAGE|VIDEO|DOCUMENT,NEEDS_REVIEW
HFM-A000689,非遗佐证/10场地及设施设备/场地及设施设备.pdf,09 非遗/针灸传承,"HERITAGE,PERSON,RESEARCH",INHERITOR|INTANGIBLE_HERITAGE_ITEM|EVENT|PLACE|INSTITUTION|IMAGE|VIDEO|DOCUMENT,NEEDS_REVIEW
