DOCUMENT_ID,TITLE_ORIGINAL,TITLE_NORMALIZED,AUTHOR_ORIGINAL,AUTHOR_NORMALIZED,PUBLICATION,YEAR,DOCUMENT_TYPE,LANGUAGE,EDITION,SOURCE_ASSET_ID,SOURCE_PAGES,SHA256,PROCESSING_STATUS,REVIEW_STATUS
DOC-HFM-A000003,其传,UNKNOWN,UNKNOWN,UNKNOWN,UNKNOWN,UNKNOWN,PLANNING_DOC,ZH,UNKNOWN,HFM-A000003,,8d9062878e9663411f7aad078d84cdafc6cf71d7c4cb7dd9a6ebb3759459bf51,PARTIAL,NEEDS_REVIEW
DOC-HFM-A000004,其言,UNKNOWN,UNKNOWN,UNKNOWN,UNKNOWN,UNKNOWN,PLANNING_DOC,ZH,UNKNOWN,HFM-A000004,,6d5cf0613101ab3546813fed4acb7e816a15af9b1cc74e0b5446b02891f2d8ee,PARTIAL,NEEDS_REVIEW
DOC-HFM-A000005,后论,UNKNOWN,UNKNOWN,UNKNOWN,UNKNOWN,UNKNOWN,PLANNING_DOC,ZH,UNKNOWN,HFM-A000005,,6b8dad0e27bf4e762d7d4df120f4c0e3fea28d40d9712fa67618d869e6da90a5,PARTIAL,NEEDS_REVIEW
DOC-HFM-A000013,1-《针灸甲乙经》的读法,UNKNOWN,UNKNOWN,UNKNOWN,UNKNOWN,UNKNOWN,PDF,ZH,UNKNOWN,HFM-A000013,4,cb31884b4a2666bdd5c9c7d33d0e1451bf008760c7a52de616eb61364c0a8b44,SUCCESS,NEEDS_REVIEW
DOC-HFM-A000014,10-《针灸甲乙经》论治不孕症探析,UNKNOWN,UNKNOWN,UNKNOWN,UNKNOWN,UNKNOWN,PDF,ZH,UNKNOWN,HFM-A000014,4,9be9e03c0c052484be379108be715788aef1c3b199c889b17340739a27ddc8f1,SUCCESS,NEEDS_REVIEW
DOC-HFM-A000015,100-《针灸甲乙经》中胸胁满痛的治疗特色探赜,UNKNOWN,UNKNOWN,UNKNOWN,UNKNOWN,UNKNOWN,PDF,ZH,UNKNOWN,HFM-A000015,3,9563090f7004949467514da066771af951a80890edfd1fd0b10984e5d83070c3,SUCCESS,NEEDS_REVIEW
DOC-HFM-A000016,101-《针灸甲乙经》诊治目病的学术特色探析,UNKNOWN,UNKNOWN,UNKNOWN,UNKNOWN,UNKNOWN,PDF,ZH,UNKNOWN,HFM-A000016,2,439e4aa52cd03ebfe31ca09267a70a3a0d1912bce68ad3be7e3cdeb7b8354da4,SUCCESS,NEEDS_REVIEW
DOC-HFM-A000017,102-《针灸甲乙经》治疗耳鸣耳聋的特点分析,UNKNOWN,UNKNOWN,UNKNOWN,UNKNOWN,UNKNOWN,PDF,ZH,UNKNOWN,HFM-A000017,2,6a14baab961a030f2c2d5cacde2843273dbde5de105c2bcc411281516dd59409,SUCCESS,NEEDS_REVIEW
DOC-HFM-A000018,104-《针灸甲乙经》学术思想及针灸治疗癫痫的探究,UNKNOWN,UNKNOWN,UNKNOWN,UNKNOWN,UNKNOWN,PDF,ZH,UNKNOWN,HFM-A000018,3,48e4ea03afb9a1d3ed9365c07237fadca5b3274850031fbb1d724e638b2eba99,SUCCESS,NEEDS_REVIEW
DOC-HFM-A000019,106-浅析《针灸甲乙经》对背俞穴的认识与应用,UNKNOWN,UNKNOWN,UNKNOWN,UNKNOWN,UNKNOWN,PDF,ZH,UNKNOWN,HFM-A000019,3,fa5ab1fcd0b10d018bd190349c33b2130adf822af747dcde7468c72e89940334,SUCCESS,NEEDS_REVIEW
DOC-HFM-A000020,107-《针灸甲乙经》刺络疗法操作方法特点初探,UNKNOWN,UNKNOWN,UNKNOWN,UNKNOWN,UNKNOWN,PDF,ZH,UNKNOWN,HFM-A000020,2,f82546aaad7c1f9b4acb285baf8a58575a5db7618703023757c58fd3fb8eb765,SUCCESS,NEEDS_REVIEW
DOC-HFM-A000021,108-探索《针灸甲乙经》中针灸治疗狂证的经络运用规律,UNKNOWN,UNKNOWN,UNKNOWN,UNKNOWN,UNKNOWN,PDF,ZH,UNKNOWN,HFM-A000021,1,00654581ca3e8522a2068d40458c875d63a5844e33a76629f4669e4ba779e533,SUCCESS,NEEDS_REVIEW
DOC-HFM-A000022,109-《针灸大成》对《针灸甲乙经》针刺理论的继承与发展,UNKNOWN,UNKNOWN,UNKNOWN,UNKNOWN,UNKNOWN,PDF,ZH,UNKNOWN,HFM-A000022,3,cd8cb10c520c4dc4c9291a06fb97ac7538a3157a5c57b2fbe8816ded61f425fa,SUCCESS,NEEDS_REVIEW
DOC-HFM-A000023,11-《针灸甲乙经》处方配穴特点分析,UNKNOWN,UNKNOWN,UNKNOWN,UNKNOWN,UNKNOWN,PDF,ZH,UNKNOWN,HFM-A000023,3,57d96afe4e407f2c67a50c1d236db122b4fb58225c97438b86f827a1329db58c,SUCCESS,NEEDS_REVIEW
DOC-HFM-A000024,111-探讨《针灸甲乙经》对针刺治疗精神疾病的认识及论治,UNKNOWN,UNKNOWN,UNKNOWN,UNKNOWN,UNKNOWN,PDF,ZH,UNKNOWN,HFM-A000024,2,984bc71a6bbb8a865b394636284f608130462f66fff2b67e46b4be8d496b1496,SUCCESS,NEEDS_REVIEW
DOC-HFM-A000025,113-浅述《针灸甲乙经》腧穴刺灸学成就,UNKNOWN,UNKNOWN,UNKNOWN,UNKNOWN,UNKNOWN,PDF,ZH,UNKNOWN,HFM-A000025,2,740e3e3876ab2625c7c2e50072b24bbbec419cbd1a37680c80c7106a7a4fb2ec,SUCCESS,NEEDS_REVIEW
DOC-HFM-A000026,116-探索《针灸甲乙经》中针灸治疗癫证的特定穴运用规律,UNKNOWN,UNKNOWN,UNKNOWN,UNKNOWN,UNKNOWN,PDF,ZH,UNKNOWN,HFM-A000026,1,dd6b923f8fde9c17a67a9dc64b2556d72c33cc0239678556178fc3f4c03f0ad0,SUCCESS,NEEDS_REVIEW
DOC-HFM-A000027,12-基于《针灸甲乙经》探讨上巨虚的临床作用,UNKNOWN,UNKNOWN,UNKNOWN,UNKNOWN,UNKNOWN,PDF,ZH,UNKNOWN,HFM-A000027,5,aca239937af9796a6f59bdeb7f6e6b48491b33734214799f8c9744eb0d865dab,SUCCESS,NEEDS_REVIEW
DOC-HFM-A000028,120-基于数据挖掘《针灸甲乙经》针刺处方及其腧穴配伍规律的研究,UNKNOWN,UNKNOWN,UNKNOWN,UNKNOWN,UNKNOWN,PDF,ZH,UNKNOWN,HFM-A000028,5,ccae57160a008fdc2bfb60e7c6f33ecf5c87ad5f4025e138a2ef23c0f1a49a01,SUCCESS,NEEDS_REVIEW
DOC-HFM-A000029,121-探索《针灸甲乙经》中针灸治疗小儿痫证的经络运用规律,UNKNOWN,UNKNOWN,UNKNOWN,UNKNOWN,UNKNOWN,PDF,ZH,UNKNOWN,HFM-A000029,1,25e752dcfe25ccca32fe65910e3ffbfd54a76b6c11c49f1da63f46b82b2a2212,SUCCESS,NEEDS_REVIEW
DOC-HFM-A000030,125-吴春平教授运用《针灸甲乙经》中针刺处方治疗心系疾病经验,UNKNOWN,UNKNOWN,UNKNOWN,UNKNOWN,UNKNOWN,PDF,ZH,UNKNOWN,HFM-A000030,2,8d73b39ee9dd9cc4a57a1b467512bd4339b9f3d6c89fee41d152d9428b0a431d,SUCCESS,NEEDS_REVIEW
DOC-HFM-A000031,129-探索《针灸甲乙经》中针灸治疗小儿痫证的特定穴运用规律,UNKNOWN,UNKNOWN,UNKNOWN,UNKNOWN,UNKNOWN,PDF,ZH,UNKNOWN,HFM-A000031,1,d099394b690429a96100f23238ad7b02cd7480cfadb132cc230979da57f1b359,SUCCESS,NEEDS_REVIEW
DOC-HFM-A000032,13-《针灸甲乙经》治疗失音的理论分析,UNKNOWN,UNKNOWN,UNKNOWN,UNKNOWN,UNKNOWN,PDF,ZH,UNKNOWN,HFM-A000032,2,ed80a8c120fbf36990ff4ddeb681bc9300fe172a3f3bc4c5de3713a74336f939,SUCCESS,NEEDS_REVIEW
DOC-HFM-A000033,130-《黄帝内经》和《针灸甲乙经》中安全针刺操作要素的初步研究,UNKNOWN,UNKNOWN,UNKNOWN,UNKNOWN,UNKNOWN,PDF,ZH,UNKNOWN,HFM-A000033,3,f56b12a210d294832bcbc5234b79e3005ab6cbb83acd82829cddeb6547b7bed2,SUCCESS,NEEDS_REVIEW
DOC-HFM-A000034,135-皇甫宏著承先启后——晋朝高秀皇甫谧及其《针灸甲乙经》,UNKNOWN,UNKNOWN,UNKNOWN,UNKNOWN,UNKNOWN,PDF,ZH,UNKNOWN,HFM-A000034,2,907c8a2f2033abde0073af36bb00bb3137800a2dfa6aec502c6a2ea499eae4e3,SUCCESS,NEEDS_REVIEW
DOC-HFM-A000035,14-《针灸甲乙经》语词杂释,UNKNOWN,UNKNOWN,UNKNOWN,UNKNOWN,UNKNOWN,PDF,ZH,UNKNOWN,HFM-A000035,4,7220a7a1e062c644b1a87f3ec70061c8e7e7649324c4dd7d109f9f7bfdbe0a1e,SUCCESS,NEEDS_REVIEW
DOC-HFM-A000036,148-白浊的出处是《针灸甲乙经》,UNKNOWN,UNKNOWN,UNKNOWN,UNKNOWN,UNKNOWN,PDF,ZH,UNKNOWN,HFM-A000036,1,422ce4c4863881b85f88677d19dd982d7869bff40226635ca5480b6ab730ca0d,SUCCESS,NEEDS_REVIEW
DOC-HFM-A000037,15-《针灸甲乙经》便秘治疗的源流探析,UNKNOWN,UNKNOWN,UNKNOWN,UNKNOWN,UNKNOWN,PDF,ZH,UNKNOWN,HFM-A000037,5,81c97369d55d317a09975fb9ed186a8508542bf3c877912f58971304903e6eae,SUCCESS,NEEDS_REVIEW
DOC-HFM-A000038,150《针灸甲乙经》_脉动(病)发_理论在眼科疾病治疗中的应用探析,UNKNOWN,UNKNOWN,UNKNOWN,UNKNOWN,UNKNOWN,PDF,ZH,UNKNOWN,HFM-A000038,3,122717b9e6985452613dbce698be7b595cf66bbc6105fb15d901c47297ad188e,SUCCESS,NEEDS_REVIEW
DOC-HFM-A000039,155-《针灸甲乙经》对《内经》针刺_治神_思想的阐发及后世医家传承浅析,UNKNOWN,UNKNOWN,UNKNOWN,UNKNOWN,UNKNOWN,PDF,ZH,UNKNOWN,HFM-A000039,5,f41596a55fa39ad1c549074a6bd4664a010f5f5520cb99489599cfb6277f2724,SUCCESS,NEEDS_REVIEW
DOC-HFM-A000040,156-《针灸甲乙经》配穴特点分析,UNKNOWN,UNKNOWN,UNKNOWN,UNKNOWN,UNKNOWN,PDF,ZH,UNKNOWN,HFM-A000040,3,ebe2353a0c98601ec61894371704d449cd1e514c5c7469c9cc731a65d57e37b4,SUCCESS,NEEDS_REVIEW
DOC-HFM-A000041,159-《针灸甲乙经》数字化整理研究初探,UNKNOWN,UNKNOWN,UNKNOWN,UNKNOWN,UNKNOWN,PDF,ZH,UNKNOWN,HFM-A000041,3,db2bb3af07f67d7e5bbea35742e3b58a02eb1de50e9d759577609b6f9b15697d,SUCCESS,NEEDS_REVIEW
DOC-HFM-A000042,16-《针灸甲乙经》经典理论的现代价值探析,UNKNOWN,UNKNOWN,UNKNOWN,UNKNOWN,UNKNOWN,PDF,ZH,UNKNOWN,HFM-A000042,5,e6833143199a711111d20f89f2c02e197487a6cad06ed552f34ce89c03b6a304,SUCCESS,NEEDS_REVIEW
DOC-HFM-A000043,164-《针灸甲乙经》中针灸处方的概念,UNKNOWN,UNKNOWN,UNKNOWN,UNKNOWN,UNKNOWN,PDF,ZH,UNKNOWN,HFM-A000043,3,db8385c7fa82d088de648153feeb6d45473d89583256139e6b3e2a90897dedd7,SUCCESS,NEEDS_REVIEW
DOC-HFM-A000044,165-皇甫谧与《针灸甲乙经》,UNKNOWN,UNKNOWN,UNKNOWN,UNKNOWN,UNKNOWN,PDF,ZH,UNKNOWN,HFM-A000044,2,e8ed1aaef632c3e33f302a660554b23ff67c1aae590fe944819d8e1c901bb841,SUCCESS,NEEDS_REVIEW
DOC-HFM-A000045,167-世界最早的针灸专著《针灸甲乙经》,UNKNOWN,UNKNOWN,UNKNOWN,UNKNOWN,UNKNOWN,PDF,ZH,UNKNOWN,HFM-A000045,2,576e9748b1f5284622ec4179bd940ebd20c7018e0f4f5fd7f8e419f3c15bcbfe,SUCCESS,NEEDS_REVIEW
DOC-HFM-A000046,17-论《针灸甲乙经》对脉诊的贡献,UNKNOWN,UNKNOWN,UNKNOWN,UNKNOWN,UNKNOWN,PDF,ZH,UNKNOWN,HFM-A000046,2,a1801c8daf4d6e245076b1437de641757638212235258610c648eabd9f7751e4,SUCCESS,NEEDS_REVIEW
DOC-HFM-A000047,173-《针灸甲乙经》数字化整理研究初探,UNKNOWN,UNKNOWN,UNKNOWN,UNKNOWN,UNKNOWN,PDF,ZH,UNKNOWN,HFM-A000047,3,5531144b538999fcd06ae29205345df9f7b0dc629547e25063a31a8a9e6a862c,SUCCESS,NEEDS_REVIEW
DOC-HFM-A000048,176-《针灸甲乙经》中针灸处方的概念,UNKNOWN,UNKNOWN,UNKNOWN,UNKNOWN,UNKNOWN,PDF,ZH,UNKNOWN,HFM-A000048,3,abef1795c2a0da6cbd616aa9e6b560788420f635ece4d9e64be2ec27d71cde22,SUCCESS,NEEDS_REVIEW
DOC-HFM-A000049,178-世界最早的针灸专著《针灸甲乙经》,UNKNOWN,UNKNOWN,UNKNOWN,UNKNOWN,UNKNOWN,PDF,ZH,UNKNOWN,HFM-A000049,2,387fa030d815bc07c0496785c46aa8dfaea286d4d76f2d7eab13b378d2e84c74,SUCCESS,NEEDS_REVIEW
DOC-HFM-A000050,179-皇甫谧与《针灸甲乙经》,UNKNOWN,UNKNOWN,UNKNOWN,UNKNOWN,UNKNOWN,PDF,ZH,UNKNOWN,HFM-A000050,2,12bd6714f50def78ad3c51f449cb4ca70161416403b75699f0d4afb0f0369d57,SUCCESS,NEEDS_REVIEW
DOC-HFM-A000051,182-探索《针灸甲乙经》中针灸治疗癫证的经络运用规律,UNKNOWN,UNKNOWN,UNKNOWN,UNKNOWN,UNKNOWN,PDF,ZH,UNKNOWN,HFM-A000051,1,1123812d8a74b5ef4c5466be371c0afae757d47e0e809dad4fb83e2530e68a9c,SUCCESS,NEEDS_REVIEW
DOC-HFM-A000052,184-浅谈《针灸甲乙经》对于失眠的治疗特点,UNKNOWN,UNKNOWN,UNKNOWN,UNKNOWN,UNKNOWN,PDF,ZH,UNKNOWN,HFM-A000052,2,865f3574ab9a47fde7c12f81a71fb5734178f1fa2771cb100630f864b47710b9,SUCCESS,NEEDS_REVIEW
DOC-HFM-A000053,186-论《针灸甲乙经》以部列穴的临床价值,UNKNOWN,UNKNOWN,UNKNOWN,UNKNOWN,UNKNOWN,PDF,ZH,UNKNOWN,HFM-A000053,2,7c88308ba9b645a45377b4adfa42a2d76242152786fa6464b67f47b2af4d21a3,SUCCESS,NEEDS_REVIEW
DOC-HFM-A000054,187-《针灸甲乙经校释》对皇甫谧自序中_其他_校改的商榷,UNKNOWN,UNKNOWN,UNKNOWN,UNKNOWN,UNKNOWN,PDF,ZH,UNKNOWN,HFM-A000054,2,41af78d957099e16fef97245bb90850da603ddc682b1d86c6c9d3a64de2ee9bd,SUCCESS,NEEDS_REVIEW
DOC-HFM-A000055,19-《针灸甲乙经》神志病治疗思路浅析,UNKNOWN,UNKNOWN,UNKNOWN,UNKNOWN,UNKNOWN,PDF,ZH,UNKNOWN,HFM-A000055,4,048ec7f0f71ee9afc6fd54e5809ce314dd55dc5dcf13b71d5cae0527651e8c0f,SUCCESS,NEEDS_REVIEW
DOC-HFM-A000056,190-《甲乙经》的组织结构与针灸学术意义,UNKNOWN,UNKNOWN,UNKNOWN,UNKNOWN,UNKNOWN,PDF,ZH,UNKNOWN,HFM-A000056,5,75c667b8a81f5fc0428d17dc246534c973823bdbfd39302896c97017d9b5b67c,SUCCESS,NEEDS_REVIEW
DOC-HFM-A000057,191-《针灸甲乙经》_上星穴方_学术思想探析,UNKNOWN,UNKNOWN,UNKNOWN,UNKNOWN,UNKNOWN,PDF,ZH,UNKNOWN,HFM-A000057,4,e0dd6eaed908aa170041be976e0d7ec532d4b7eaa732307b44e61ec380846487,SUCCESS,NEEDS_REVIEW
DOC-HFM-A000058,192-简析_针灸甲乙经_中的禁(慎)针禁(慎)灸腧穴,UNKNOWN,UNKNOWN,UNKNOWN,UNKNOWN,UNKNOWN,PDF,ZH,UNKNOWN,HFM-A000058,4,32ce611a4ca715632b278b1d389389d30782f4f69fc72d7c27b4478bc4fe64ad,SUCCESS,NEEDS_REVIEW
DOC-HFM-A000059,193-《针灸甲乙经》妇人杂病辨证论治规律的探析,UNKNOWN,UNKNOWN,UNKNOWN,UNKNOWN,UNKNOWN,PDF,ZH,UNKNOWN,HFM-A000059,5,a63004127d4084b437be6fa1816b13521ca5a637fe1d352afb291c58b6b27ba2,SUCCESS,NEEDS_REVIEW
DOC-HFM-A000060,194-《针灸甲乙经》中_上星穴方_浅析,UNKNOWN,UNKNOWN,UNKNOWN,UNKNOWN,UNKNOWN,PDF,ZH,UNKNOWN,HFM-A000060,4,d898184b4ee8503f2ef8f7010aa1b4ae619f57495b181e1f5497401aaee60a8c,SUCCESS,NEEDS_REVIEW
DOC-HFM-A000061,195-《针灸甲乙经》中不孕治疗经验探析,UNKNOWN,UNKNOWN,UNKNOWN,UNKNOWN,UNKNOWN,PDF,ZH,UNKNOWN,HFM-A000061,2,d5d38efbfc71176520813e771aab9432745d17df8c0616dd3013a91564edd3dd,SUCCESS,NEEDS_REVIEW
DOC-HFM-A000062,196-《针灸甲乙经》中妇科疾病的取穴规律探析,UNKNOWN,UNKNOWN,UNKNOWN,UNKNOWN,UNKNOWN,PDF,ZH,UNKNOWN,HFM-A000062,4,61cca789b100b23bbc12e02a389d5130864f07ed4fe813f88a8bcc9572a5e195,SUCCESS,NEEDS_REVIEW
DOC-HFM-A000063,197-《针灸甲乙经》痹证治疗浅析,UNKNOWN,UNKNOWN,UNKNOWN,UNKNOWN,UNKNOWN,PDF,ZH,UNKNOWN,HFM-A000063,5,178c5d9dee67c9e7f1807d71960555f9f22f2eea107e862e4875189d4316a48f,SUCCESS,NEEDS_REVIEW
DOC-HFM-A000064,2-《针灸甲乙经》的章法,UNKNOWN,UNKNOWN,UNKNOWN,UNKNOWN,UNKNOWN,PDF,ZH,UNKNOWN,HFM-A000064,5,cffc00bc9d5f6241682fb31fae0a911894b035bb31328f8d3dac88aae8d01554,SUCCESS,NEEDS_REVIEW
DOC-HFM-A000065,20-论《针灸甲乙经》特定穴的学术价值,UNKNOWN,UNKNOWN,UNKNOWN,UNKNOWN,UNKNOWN,PDF,ZH,UNKNOWN,HFM-A000065,4,db063b71dd780b05f08437a127dda66937df920b447c0b78760d1c6239cbf10c,SUCCESS,NEEDS_REVIEW
DOC-HFM-A000066,201-《甲乙经》析疑五则,UNKNOWN,UNKNOWN,UNKNOWN,UNKNOWN,UNKNOWN,PDF,ZH,UNKNOWN,HFM-A000066,3,18d3bdf860900f1235ef1b28584473285ac9c21dbda746ffc60cc8c6a705d684,SUCCESS,NEEDS_REVIEW
DOC-HFM-A000067,205-推测《针灸甲乙经》的编撰思路和方法,UNKNOWN,UNKNOWN,UNKNOWN,UNKNOWN,UNKNOWN,PDF,ZH,UNKNOWN,HFM-A000067,4,69ba810fcf1a1d90edba934daf95400729bab30dfe6f586888a7d0861375b073,SUCCESS,NEEDS_REVIEW
DOC-HFM-A000068,206-《明堂孔穴针灸治要》书名质疑,UNKNOWN,UNKNOWN,UNKNOWN,UNKNOWN,UNKNOWN,PDF,ZH,UNKNOWN,HFM-A000068,4,953b0acf75b9267dafae61466343c0c8539fff3078285910bfcdb6e052e359ea,SUCCESS,NEEDS_REVIEW
DOC-HFM-A000069,207-基于脉动(病)发理论探讨小儿视神经萎缩的针灸治疗,UNKNOWN,UNKNOWN,UNKNOWN,UNKNOWN,UNKNOWN,PDF,ZH,UNKNOWN,HFM-A000069,3,52eea5c08f97f03c1aa47b2f851f75f7256b7715650e44842ab49553ebcaa63d,SUCCESS,NEEDS_REVIEW
DOC-HFM-A000070,208-针灸治疗头痛的辨证思路演变,UNKNOWN,UNKNOWN,UNKNOWN,UNKNOWN,UNKNOWN,PDF,ZH,UNKNOWN,HFM-A000070,4,05f15f6d31a8ebb69d0eaccb2d6e2df1a00ad128d1d56569c602c00915762668,SUCCESS,NEEDS_REVIEW
DOC-HFM-A000071,209-正确和完整解读《甲乙经》的学术思想——《甲乙经》析疑五则,UNKNOWN,UNKNOWN,UNKNOWN,UNKNOWN,UNKNOWN,PDF,ZH,UNKNOWN,HFM-A000071,2,33646759d016418ef5f72787e3807ca9ab7784a89c878cfee0db2f7bd5efda7a,SUCCESS,NEEDS_REVIEW
DOC-HFM-A000072,21-《针灸甲乙经》重言考释,UNKNOWN,UNKNOWN,UNKNOWN,UNKNOWN,UNKNOWN,PDF,ZH,UNKNOWN,HFM-A000072,2,9670d0fd4510f183fa7791cd440a04b6af1f3ed5f0bf3c10e4e9770323b8bb69,SUCCESS,NEEDS_REVIEW
DOC-HFM-A000073,211-基于针灸教材的针灸理论体系比较,UNKNOWN,UNKNOWN,UNKNOWN,UNKNOWN,UNKNOWN,PDF,ZH,UNKNOWN,HFM-A000073,1,b68c88b18565a051cead790477d1355b295a70db372a41aeec10a6f571f2edd8,SUCCESS,NEEDS_REVIEW
DOC-HFM-A000074,212-针灸治疗腰痛的溯源寻微,UNKNOWN,UNKNOWN,UNKNOWN,UNKNOWN,UNKNOWN,PDF,ZH,UNKNOWN,HFM-A000074,3,dfb53bba5b6908e9b5790abe0884b05c68079d4847be1319d99f3541a1a33c6f,SUCCESS,NEEDS_REVIEW
DOC-HFM-A000075,214-甘肃——针灸医学的发祥地之一,UNKNOWN,UNKNOWN,UNKNOWN,UNKNOWN,UNKNOWN,PDF,ZH,UNKNOWN,HFM-A000075,3,7df41d62961162fdd2d321adc02813deea84e68d16fa627f6822b79badbfd88d,SUCCESS,NEEDS_REVIEW
DOC-HFM-A000076,215-浅谈针灸标准制定问题,UNKNOWN,UNKNOWN,UNKNOWN,UNKNOWN,UNKNOWN,PDF,ZH,UNKNOWN,HFM-A000076,3,1cbf27726c58e016b302b62f4b10e639c6ff3dec41bb6d3a00f57f07878ca4ea,SUCCESS,NEEDS_REVIEW
DOC-HFM-A000077,216-中医研究生《针灸流派概论》教材的编写意义,UNKNOWN,UNKNOWN,UNKNOWN,UNKNOWN,UNKNOWN,PDF,ZH,UNKNOWN,HFM-A000077,2,40a9c9e8415d1febede2fcf153d2120fdee8f7e1e350dd6c56d425e0c2cb5173,SUCCESS,NEEDS_REVIEW
DOC-HFM-A000078,217-《甲乙经》腹部腧穴针刺深浅及其在腹针疗法中的意义,UNKNOWN,UNKNOWN,UNKNOWN,UNKNOWN,UNKNOWN,PDF,ZH,UNKNOWN,HFM-A000078,1,ec509c60f625c7a9bf85e89c87fe19bc5d1dbb2803a916ceb29fee0c0313838c,SUCCESS,NEEDS_REVIEW
DOC-HFM-A000079,218-影响针灸疗效的因素古今说,UNKNOWN,UNKNOWN,UNKNOWN,UNKNOWN,UNKNOWN,PDF,ZH,UNKNOWN,HFM-A000079,2,dcc8a7535c0ddb26f3d30feca275c4c3159c5ba51ca448afb7347cecbc48fb5f,SUCCESS,NEEDS_REVIEW
DOC-HFM-A000080,219-《甲乙经》明代传本勘误(续完),UNKNOWN,UNKNOWN,UNKNOWN,UNKNOWN,UNKNOWN,PDF,ZH,UNKNOWN,HFM-A000080,5,f9db8eaa8dacb2e5056d9f8c174070b4c1b4cbfbef590e9d6870922ca81aa362,SUCCESS,NEEDS_REVIEW
DOC-HFM-A000081,22-《针灸甲乙经》从脾论治抑郁症学术思想探析,UNKNOWN,UNKNOWN,UNKNOWN,UNKNOWN,UNKNOWN,PDF,ZH,UNKNOWN,HFM-A000081,4,665a95e3e5c8f50c939ef7f352d5463a7656d4da2e7fa09da9ed98170cca2e2e,SUCCESS,NEEDS_REVIEW
DOC-HFM-A000082,220-《甲乙经》天突、璇玑、华盖位置考证,UNKNOWN,UNKNOWN,UNKNOWN,UNKNOWN,UNKNOWN,PDF,ZH,UNKNOWN,HFM-A000082,1,d4a7af9b23d74ed65691dca912482d73fd300fad91fc1401057ca19c94721dfb,SUCCESS,NEEDS_REVIEW
DOC-HFM-A000083,221-浅析《千金方》的针灸学术思想,UNKNOWN,UNKNOWN,UNKNOWN,UNKNOWN,UNKNOWN,PDF,ZH,UNKNOWN,HFM-A000083,3,7fd9abf2858c174cdf282634ef934c632aee6595bd3f4022eb2a9776b067df52,SUCCESS,NEEDS_REVIEW
DOC-HFM-A000084,222-浅论中原针灸的学术特色,UNKNOWN,UNKNOWN,UNKNOWN,UNKNOWN,UNKNOWN,PDF,ZH,UNKNOWN,HFM-A000084,7,b1c0896cad211b63396ac0e905fd95d5dcf97752ca8bf2baca54281263dbb9a0,SUCCESS,NEEDS_REVIEW
DOC-HFM-A000085,224-针灸治疗2型糖尿病研究进展,UNKNOWN,UNKNOWN,UNKNOWN,UNKNOWN,UNKNOWN,PDF,ZH,UNKNOWN,HFM-A000085,2,8bd94d46496d1b7485f0eea363b005a5cba3b0ecd1f32bf14970045a5e46840b,SUCCESS,NEEDS_REVIEW
DOC-HFM-A000086,225-三才理论在针灸治疗热病中的应用探讨,UNKNOWN,UNKNOWN,UNKNOWN,UNKNOWN,UNKNOWN,PDF,ZH,UNKNOWN,HFM-A000086,4,e4100039abef7f93a2e5a689a1cd09377005ede0c7c6a95a1d3bd26f5edf7ef2,SUCCESS,NEEDS_REVIEW
DOC-HFM-A000087,226-《针灸资生经》发灸疮要旨浅析,UNKNOWN,UNKNOWN,UNKNOWN,UNKNOWN,UNKNOWN,PDF,ZH,UNKNOWN,HFM-A000087,1,24df49e008df099dcf2692e3b56ba9a9e6f5a5b9c7d7a2039f874000d3f13426,SUCCESS,NEEDS_REVIEW
DOC-HFM-A000088,228-从南京医学院针灸铜人到《经络腧穴学》的经穴定位演变举隅,UNKNOWN,UNKNOWN,UNKNOWN,UNKNOWN,UNKNOWN,PDF,ZH,UNKNOWN,HFM-A000088,6,533d39ffef7b2530e25818128c0e84855a52f084dedc8028e62e9dd56249c3ef,SUCCESS,NEEDS_REVIEW
DOC-HFM-A000089,229-《针灸逢源》灸法探析,UNKNOWN,UNKNOWN,UNKNOWN,UNKNOWN,UNKNOWN,PDF,ZH,UNKNOWN,HFM-A000089,2,2258bbe68966aa5f97b79c7f135c87930865cbf65f41fff514969b2c7b955f56,SUCCESS,NEEDS_REVIEW
DOC-HFM-A000090,23-《针灸甲乙经》论治头痛探析,UNKNOWN,UNKNOWN,UNKNOWN,UNKNOWN,UNKNOWN,PDF,ZH,UNKNOWN,HFM-A000090,3,f9a947587f0f81e5b5e2efa9a7c2767258a2779e1590b684fddd690ca97dc7b9,SUCCESS,NEEDS_REVIEW
DOC-HFM-A000091,230-近5年脑梗死的针灸治疗研究现状,UNKNOWN,UNKNOWN,UNKNOWN,UNKNOWN,UNKNOWN,PDF,ZH,UNKNOWN,HFM-A000091,3,c3bc4255215205c91bdf75ad22cc7a024327194f7e6854022b1d6d94bbea50aa,SUCCESS,NEEDS_REVIEW
DOC-HFM-A000092,231-针灸治疗急重症举隅,UNKNOWN,UNKNOWN,UNKNOWN,UNKNOWN,UNKNOWN,PDF,ZH,UNKNOWN,HFM-A000092,1,5366e19e2f43e88661285dc76dc187bfa993ce910db6e7ed1e4170cb46b29be7,SUCCESS,NEEDS_REVIEW
DOC-HFM-A000093,232-针灸治疗2型糖尿病35例,UNKNOWN,UNKNOWN,UNKNOWN,UNKNOWN,UNKNOWN,PDF,ZH,UNKNOWN,HFM-A000093,1,1632c6e5b5286afcc4cd6b075489946fb58aea00872c2fceb83815170818c5b0,SUCCESS,NEEDS_REVIEW
DOC-HFM-A000094,233-《针灸大成》肾俞穴临床应用浅析,UNKNOWN,UNKNOWN,UNKNOWN,UNKNOWN,UNKNOWN,PDF,ZH,UNKNOWN,HFM-A000094,4,739b7486cd22907423129c6baede28246c4b674735be79d8c028fe54f9d235e2,SUCCESS,NEEDS_REVIEW
DOC-HFM-A000095,234-针灸治疗肩周炎临床进展,UNKNOWN,UNKNOWN,UNKNOWN,UNKNOWN,UNKNOWN,PDF,ZH,UNKNOWN,HFM-A000095,2,f9c3278fe0af4cf6e4e551f94b6c7357acf42a9c94357ed2d3c2542163597181,SUCCESS,NEEDS_REVIEW
DOC-HFM-A000096,235-辞书学与针灸推拿辞书的编纂,UNKNOWN,UNKNOWN,UNKNOWN,UNKNOWN,UNKNOWN,PDF,ZH,UNKNOWN,HFM-A000096,2,ee14fb5d52da3cd956199f3c513a0d6d2ae3d50fed3229382f181f3d96325366,SUCCESS,NEEDS_REVIEW
DOC-HFM-A000097,236-针灸治疗失眠症的古籍配穴处方探究,UNKNOWN,UNKNOWN,UNKNOWN,UNKNOWN,UNKNOWN,PDF,ZH,UNKNOWN,HFM-A000097,4,285e8984c14269f8fdf47a3b66d35f610af2e1cdc0751d04dc8ff4096ee421b1,SUCCESS,NEEDS_REVIEW
DOC-HFM-A000098,237-以中兽医理论为基础发扬光大动物针灸技术,UNKNOWN,UNKNOWN,UNKNOWN,UNKNOWN,UNKNOWN,PDF,ZH,UNKNOWN,HFM-A000098,3,1fa77a4199142da856a5c744efa1f2ca35a86ab09a9e9593bc11be0710e3862d,SUCCESS,NEEDS_REVIEW
DOC-HFM-A000099,238-《甲乙经》对《难经》的引用,UNKNOWN,UNKNOWN,UNKNOWN,UNKNOWN,UNKNOWN,PDF,ZH,UNKNOWN,HFM-A000099,3,f63a096142bc7fd5e754ea6ec1ad933fa9bb12cc5151597bbb809f6812921676,SUCCESS,NEEDS_REVIEW
DOC-HFM-A000100,239-耳鼻咽喉科针灸疗法历史源流探讨,UNKNOWN,UNKNOWN,UNKNOWN,UNKNOWN,UNKNOWN,PDF,ZH,UNKNOWN,HFM-A000100,4,998362f8ea0a6a70c011a42a7d62d2fefad85fb0e48871c9aeb2c4b0f7397411,SUCCESS,NEEDS_REVIEW
DOC-HFM-A000101,24-《针灸甲乙经》委中穴考证,UNKNOWN,UNKNOWN,UNKNOWN,UNKNOWN,UNKNOWN,PDF,ZH,UNKNOWN,HFM-A000101,3,fbb498904855ac5041a24b206e0bebc1324244eeb850b4751a4be0ff1f104913,SUCCESS,NEEDS_REVIEW
DOC-HFM-A000102,240-针灸治疗糖尿病周围神经病变机制研究进展,UNKNOWN,UNKNOWN,UNKNOWN,UNKNOWN,UNKNOWN,PDF,ZH,UNKNOWN,HFM-A000102,3,c4072757ab92b79131d4045e6d781581d0727269353bf7bf37e9cc0a51288cd8,SUCCESS,NEEDS_REVIEW
DOC-HFM-A000103,241-《针灸大成》主要学术思想及其影响探索,UNKNOWN,UNKNOWN,UNKNOWN,UNKNOWN,UNKNOWN,PDF,ZH,UNKNOWN,HFM-A000103,2,2176e84a1179ffd814fa3231b494330a7509cca0ce63b462d66ad3bd31f9c1c5,SUCCESS,NEEDS_REVIEW
DOC-HFM-A000104,242-杨继洲及其《针灸大成》的学术思想浅析,UNKNOWN,UNKNOWN,UNKNOWN,UNKNOWN,UNKNOWN,PDF,ZH,UNKNOWN,HFM-A000104,2,b6221474fceb0e05aa0b4babcfb1cbd78d300769ed2989858f5ee8e536909798,SUCCESS,NEEDS_REVIEW
DOC-HFM-A000105,243-_百会_穴针灸治疗临床体会,UNKNOWN,UNKNOWN,UNKNOWN,UNKNOWN,UNKNOWN,PDF,ZH,UNKNOWN,HFM-A000105,3,9873ecc28833ade15e6ace6bd067933881a547a60b57dcdeb793a9d40299b574,SUCCESS,NEEDS_REVIEW
DOC-HFM-A000106,244-《国际针灸学教程》序,UNKNOWN,UNKNOWN,UNKNOWN,UNKNOWN,UNKNOWN,PDF,ZH,UNKNOWN,HFM-A000106,1,44b9515ef727cd98fc22a1f0b92bcf678d0e55a38cd2cd25470c8a92ac7df594,SUCCESS,NEEDS_REVIEW
DOC-HFM-A000107,245-长安医学针灸学说的创建与传承发展,UNKNOWN,UNKNOWN,UNKNOWN,UNKNOWN,UNKNOWN,PDF,ZH,UNKNOWN,HFM-A000107,10,72bc6f614c355094ae394b7a72d3059d4b818f1ea6d855e7604b5bee8af027ac,SUCCESS,NEEDS_REVIEW
DOC-HFM-A000108,25-《针灸甲乙经》论治遗溺经验,UNKNOWN,UNKNOWN,UNKNOWN,UNKNOWN,UNKNOWN,PDF,ZH,UNKNOWN,HFM-A000108,2,11da9fc7725c752a42d44629e227542f31bae4cb4c393c6b44128931acf58d2f,SUCCESS,NEEDS_REVIEW
DOC-HFM-A000109,251-《铜人腧穴针灸图经》腧穴归经探析,UNKNOWN,UNKNOWN,UNKNOWN,UNKNOWN,UNKNOWN,PDF,ZH,UNKNOWN,HFM-A000109,3,f6b8ce08b1961a24ad394b6e5dfa162ae795ae19038a42119bd2fd71e07ffd1b,SUCCESS,NEEDS_REVIEW
DOC-HFM-A000110,252-初谈针灸处方的原则与取穴规律,UNKNOWN,UNKNOWN,UNKNOWN,UNKNOWN,UNKNOWN,PDF,ZH,UNKNOWN,HFM-A000110,2,68efcab673302af034020a167556986f6a8eb1829430e5c0e2fcb78c54fcb57b,SUCCESS,NEEDS_REVIEW
DOC-HFM-A000111,253-针灸补泻手法初探,UNKNOWN,UNKNOWN,UNKNOWN,UNKNOWN,UNKNOWN,PDF,ZH,UNKNOWN,HFM-A000111,3,ad8a5c8f15e5575acbc26e12a0856f113f6a96edbae3e17366b526dcaa4c0ee5,SUCCESS,NEEDS_REVIEW
DOC-HFM-A000112,255-浅谈《甲乙经》论治痿证,UNKNOWN,UNKNOWN,UNKNOWN,UNKNOWN,UNKNOWN,PDF,ZH,UNKNOWN,HFM-A000112,1,3133fdd2acdc627ec9b79ab323f513df39bca081c99b43c4bb8cba921786353c,SUCCESS,NEEDS_REVIEW
DOC-HFM-A000113,26-《针灸甲乙经》治疗腰痛特点分析,UNKNOWN,UNKNOWN,UNKNOWN,UNKNOWN,UNKNOWN,PDF,ZH,UNKNOWN,HFM-A000113,2,801ef24d20aae1ced9b51f91795863e354a3c1c2d523948526fcfa27883f4a52,SUCCESS,NEEDS_REVIEW
DOC-HFM-A000114,263-从现代针灸临床应用探析古代禁针禁灸经穴,UNKNOWN,UNKNOWN,UNKNOWN,UNKNOWN,UNKNOWN,PDF,ZH,UNKNOWN,HFM-A000114,2,2182441a84013e460d8d5de7dbdcf74756709e7c781d697fcdc56676201b327b,SUCCESS,NEEDS_REVIEW
DOC-HFM-A000115,265-王执中《针灸资生经》学术思想浅析,UNKNOWN,UNKNOWN,UNKNOWN,UNKNOWN,UNKNOWN,PDF,ZH,UNKNOWN,HFM-A000115,1,266d0d5b4e4b8f15e773a0203d85e44eb401870471a1d948560359455b96c44c,SUCCESS,NEEDS_REVIEW
DOC-HFM-A000116,27-浅谈《针灸甲乙经》的学术价值,UNKNOWN,UNKNOWN,UNKNOWN,UNKNOWN,UNKNOWN,PDF,ZH,UNKNOWN,HFM-A000116,2,c61bb3d1a46f14119f9d62bec355e6a4fb9e74562e5099b203d4d16983cd4f21,SUCCESS,NEEDS_REVIEW
DOC-HFM-A000117,289-《素问》《灵枢》《太素》《甲乙经》异文例释,UNKNOWN,UNKNOWN,UNKNOWN,UNKNOWN,UNKNOWN,PDF,ZH,UNKNOWN,HFM-A000117,2,9ca040d25c0da7d573b1a374be2ab69a8fc5cdeaabead74f5ab75122a5b66f70,SUCCESS,NEEDS_REVIEW
DOC-HFM-A000118,29-浅析《针灸甲乙经》之痉证,UNKNOWN,UNKNOWN,UNKNOWN,UNKNOWN,UNKNOWN,PDF,ZH,UNKNOWN,HFM-A000118,3,09912ef76aa9f8b3c34a74745685c6c803010a0100f36e2d64bf87a31beffd12,SUCCESS,NEEDS_REVIEW
DOC-HFM-A000119,295-针灸“人神禁忌”学说中的“尻神”辨误,UNKNOWN,UNKNOWN,UNKNOWN,UNKNOWN,UNKNOWN,PDF,ZH,UNKNOWN,HFM-A000119,1,7d2efbdd23c12fd6c190170e4790ba63ad6bdb8986905f89f70fee7eecbfe41f,SUCCESS,NEEDS_REVIEW
DOC-HFM-A000120,296-王执中针灸学术思想探微,UNKNOWN,UNKNOWN,UNKNOWN,UNKNOWN,UNKNOWN,PDF,ZH,UNKNOWN,HFM-A000120,3,e5c5d891728a2ff9a2120e87fb9aa8b7eb70d69a4498bde9e475a62520b1c299,SUCCESS,NEEDS_REVIEW
DOC-HFM-A000121,297-针灸疗法治疗缺乳症52例疗效观察,UNKNOWN,UNKNOWN,UNKNOWN,UNKNOWN,UNKNOWN,PDF,ZH,UNKNOWN,HFM-A000121,1,ed1260dd5e99e3d9129fb001f42e612f6764dc42f878fc6f6c00a9167e1e07d6,SUCCESS,NEEDS_REVIEW
DOC-HFM-A000122,3-《针灸甲乙经》月经病治疗,UNKNOWN,UNKNOWN,UNKNOWN,UNKNOWN,UNKNOWN,PDF,ZH,UNKNOWN,HFM-A000122,4,e4e5e7cc064c0d5b6fad14eff42cea6d9327fdefc05a065aab77f2aff5d25bea,SUCCESS,NEEDS_REVIEW
DOC-HFM-A000123,30-《针灸甲乙经》研究现状的分析,UNKNOWN,UNKNOWN,UNKNOWN,UNKNOWN,UNKNOWN,PDF,ZH,UNKNOWN,HFM-A000123,3,336def0adfb9e91f973d12d966f4813eebdbac7ca5b9c05dd4740005a71a368d,SUCCESS,NEEDS_REVIEW
DOC-HFM-A000124,305-针灸治疗视神经萎缩1例报道,UNKNOWN,UNKNOWN,UNKNOWN,UNKNOWN,UNKNOWN,PDF,ZH,UNKNOWN,HFM-A000124,2,1e5940f113e587b75e2492122cc07aac29650a46f357a092f7cf277bdae741d2,SUCCESS,NEEDS_REVIEW
DOC-HFM-A000125,31-《针灸甲乙经》中痿证的论述,UNKNOWN,UNKNOWN,UNKNOWN,UNKNOWN,UNKNOWN,PDF,ZH,UNKNOWN,HFM-A000125,1,ba41b4ccb5a089386dd35d3166485cb148efc83d76eb579dd38874eb26c78a82,SUCCESS,NEEDS_REVIEW
DOC-HFM-A000126,32-《黄帝三部针灸甲乙经》题名解,UNKNOWN,UNKNOWN,UNKNOWN,UNKNOWN,UNKNOWN,PDF,ZH,UNKNOWN,HFM-A000126,2,133ab8d22fcfff790fdc0a5232391079e201432497788f9d87b909a16feffe59,SUCCESS,NEEDS_REVIEW
DOC-HFM-A000127,33-浅析《针灸甲乙经》对募穴的贡献,UNKNOWN,UNKNOWN,UNKNOWN,UNKNOWN,UNKNOWN,PDF,ZH,UNKNOWN,HFM-A000127,3,d3e147fb0349cf08cfffc0e87d8e4dab00468e78e35ef26eb3100dfc7e6ea173,SUCCESS,NEEDS_REVIEW
DOC-HFM-A000128,330-近十年国内郄穴的临床研究进展,UNKNOWN,UNKNOWN,UNKNOWN,UNKNOWN,UNKNOWN,PDF,ZH,UNKNOWN,HFM-A000128,5,9e6aae97a35e3266da8bf7bb7e989f5f62983757fd708fddd3379bf36624b547,SUCCESS,NEEDS_REVIEW
DOC-HFM-A000129,331-十二经水刍议,UNKNOWN,UNKNOWN,UNKNOWN,UNKNOWN,UNKNOWN,PDF,ZH,UNKNOWN,HFM-A000129,4,635ef52d392b887763efb9df918d119110b70a20ce214fd755a4e6350c33f167,SUCCESS,NEEDS_REVIEW
DOC-HFM-A000130,334-任、督、冲脉_一源三歧__异名同体_探析,UNKNOWN,UNKNOWN,UNKNOWN,UNKNOWN,UNKNOWN,PDF,ZH,UNKNOWN,HFM-A000130,5,5379a452ab359f6614276ce4345aa32aeaafea2274cbfec508d89f5961391405,SUCCESS,NEEDS_REVIEW
DOC-HFM-A000131,338-肩井穴治疗乳痈病机初探,UNKNOWN,UNKNOWN,UNKNOWN,UNKNOWN,UNKNOWN,PDF,ZH,UNKNOWN,HFM-A000131,5,5c46981bf490d7f266a656be79bdfa329292c163afe086a6b1577903c02bb35e,SUCCESS,NEEDS_REVIEW
DOC-HFM-A000132,34-浅论《针灸甲乙经》对腧穴学的贡献,UNKNOWN,UNKNOWN,UNKNOWN,UNKNOWN,UNKNOWN,PDF,ZH,UNKNOWN,HFM-A000132,3,9c846fa0fba28155f300f7709661d9388d77ed1fc33d825c54dd901d03345001,SUCCESS,NEEDS_REVIEW
DOC-HFM-A000133,35-《针灸甲乙经》胁痛的诊治特点,UNKNOWN,UNKNOWN,UNKNOWN,UNKNOWN,UNKNOWN,PDF,ZH,UNKNOWN,HFM-A000133,2,c7871ae6cb531e2aa2fb6c667a38602a7f08b300496a6fce95abdbbf29dae08c,SUCCESS,NEEDS_REVIEW
DOC-HFM-A000134,351-攒竹穴探析,UNKNOWN,UNKNOWN,UNKNOWN,UNKNOWN,UNKNOWN,PDF,ZH,UNKNOWN,HFM-A000134,3,f4be22162dcdfd3b43f3b92f5619895399b6538f8ec4521269448982ccc98190,SUCCESS,NEEDS_REVIEW
DOC-HFM-A000135,352-经筋刺法的理论渊源及发展,UNKNOWN,UNKNOWN,UNKNOWN,UNKNOWN,UNKNOWN,PDF,ZH,UNKNOWN,HFM-A000135,3,aac2b118e7ae37ef0758c927f3a7903f6d8601ff380d46b1deb5636aa4085805,SUCCESS,NEEDS_REVIEW
DOC-HFM-A000136,353-论皇甫谧的医学思想,UNKNOWN,UNKNOWN,UNKNOWN,UNKNOWN,UNKNOWN,PDF,ZH,UNKNOWN,HFM-A000136,2,d66dbdc2b543daea045bb72ba84e1c1149615cd9b28f13bf8c120d20de536b2c,SUCCESS,NEEDS_REVIEW
DOC-HFM-A000137,354-浅析皇甫谧对郄穴的贡献,UNKNOWN,UNKNOWN,UNKNOWN,UNKNOWN,UNKNOWN,PDF,ZH,UNKNOWN,HFM-A000137,2,c49ff1e152f69ac61fe8f84d07687d96ec467fcb476f19a35b3c40522b57e9d2,SUCCESS,NEEDS_REVIEW
DOC-HFM-A000138,355-委中穴考证及临床应用,UNKNOWN,UNKNOWN,UNKNOWN,UNKNOWN,UNKNOWN,PDF,ZH,UNKNOWN,HFM-A000138,3,7c5ca2a9e1d9d1d62ceb92ba9122a48dc4c312134ba71c98e5f66e78b0a8478c,SUCCESS,NEEDS_REVIEW
DOC-HFM-A000139,356-中脘穴的临床应用,UNKNOWN,UNKNOWN,UNKNOWN,UNKNOWN,UNKNOWN,PDF,ZH,UNKNOWN,HFM-A000139,2,0088b03bdd6257591a8c8f20e2b66d163c84fbfb9c27a760e1c77a99ec441cd2,SUCCESS,NEEDS_REVIEW
DOC-HFM-A000140,359-孔最治疗厥头痛的理论探讨,UNKNOWN,UNKNOWN,UNKNOWN,UNKNOWN,UNKNOWN,PDF,ZH,UNKNOWN,HFM-A000140,4,611d3f65dd135b0f5ae3813b1166dcc837694ac479924680fcf61a23c1ea5f53,SUCCESS,NEEDS_REVIEW
DOC-HFM-A000141,36-《针灸甲乙经》中治疗鼻部病症的穴位分析,UNKNOWN,UNKNOWN,UNKNOWN,UNKNOWN,UNKNOWN,PDF,ZH,UNKNOWN,HFM-A000141,5,89b0b29b26fbc400dc859b2c5bc08e1f8dc084f708bc431fa743b2a455d5554b,SUCCESS,NEEDS_REVIEW
DOC-HFM-A000142,360-基于数据挖掘技术分析古代文献中水沟穴的临床应用规律,UNKNOWN,UNKNOWN,UNKNOWN,UNKNOWN,UNKNOWN,PDF,ZH,UNKNOWN,HFM-A000142,8,1ef2e86d862a35766f8321b5b72092008fa3400b7268bce1a85f5787ec64381f,SUCCESS,NEEDS_REVIEW
DOC-HFM-A000143,363-皇甫谧对张仲景经方运用浅析,UNKNOWN,UNKNOWN,UNKNOWN,UNKNOWN,UNKNOWN,PDF,ZH,UNKNOWN,HFM-A000143,5,2cacded816b81c01b77718058362154951232b84f7bc656b163b19824fc1a8be,SUCCESS,NEEDS_REVIEW
DOC-HFM-A000144,364-阳经郄穴治疗痛症的古今研究,UNKNOWN,UNKNOWN,UNKNOWN,UNKNOWN,UNKNOWN,PDF,ZH,UNKNOWN,HFM-A000144,6,7fb63b506ab27b58ef0fc553748762b679415faa9b8c1048a98519ee846f46ab,SUCCESS,NEEDS_REVIEW
DOC-HFM-A000145,365-阳经五官病候及治疗用穴分析——兼论经脉病候与腧穴主治关系,UNKNOWN,UNKNOWN,UNKNOWN,UNKNOWN,UNKNOWN,PDF,ZH,UNKNOWN,HFM-A000145,8,1ba72cd9fc0e08bf9f9c7ecbe097f3f7d207c70a1cb68676b1cba1b70cac5a5b,SUCCESS,NEEDS_REVIEW
DOC-HFM-A000146,366-从《咳论经旨》谈中医临床专病文献的编撰,UNKNOWN,UNKNOWN,UNKNOWN,UNKNOWN,UNKNOWN,PDF,ZH,UNKNOWN,HFM-A000146,5,44913dbd4dda3992859db2b19fb917e39eb8137d86a3695104602547158c7b8c,SUCCESS,NEEDS_REVIEW
DOC-HFM-A000147,368-皇甫谧手工艾条制备工艺优化与质量标准化研究,UNKNOWN,UNKNOWN,UNKNOWN,UNKNOWN,UNKNOWN,PDF,ZH,UNKNOWN,HFM-A000147,4,666ea847d07a7e16c6a94a2b90cfc899ecadfb6aefde48087862a7fad8428049,SUCCESS,NEEDS_REVIEW
DOC-HFM-A000148,369-探析八脉交会穴源流发展和临床应用,UNKNOWN,UNKNOWN,UNKNOWN,UNKNOWN,UNKNOWN,PDF,ZH,UNKNOWN,HFM-A000148,4,57144699b5b9ae662b307c19af212a71f8e49487b4e1ccde297f5abe3b63a77b,SUCCESS,NEEDS_REVIEW
DOC-HFM-A000149,37-《针灸甲乙经》治疗胃肠病取穴特色探析,UNKNOWN,UNKNOWN,UNKNOWN,UNKNOWN,UNKNOWN,PDF,ZH,UNKNOWN,HFM-A000149,2,b88240195abe76c162917ea2be40acecf5e2da0a2bd7a53927a33f1395d23831,SUCCESS,NEEDS_REVIEW
DOC-HFM-A000150,371-古代不同时期头痛的用穴特点及思路浅析,UNKNOWN,UNKNOWN,UNKNOWN,UNKNOWN,UNKNOWN,PDF,ZH,UNKNOWN,HFM-A000150,2,48939e5c12e7d049e26fd7c3582043721ab90b4942543480358930b164e09624,SUCCESS,NEEDS_REVIEW
DOC-HFM-A000151,372-张吉教授学术经验述要,UNKNOWN,UNKNOWN,UNKNOWN,UNKNOWN,UNKNOWN,PDF,ZH,UNKNOWN,HFM-A000151,2,02301504732002633d8f31afb84a0ef65b362024c6712f08243c515f82e5c9fe,SUCCESS,NEEDS_REVIEW
DOC-HFM-A000152,373-赖新生教授膻中穴配穴经验介绍,UNKNOWN,UNKNOWN,UNKNOWN,UNKNOWN,UNKNOWN,PDF,ZH,UNKNOWN,HFM-A000152,3,192d77a8d7adcb5e2df666a0bf7cb60247c0a7c986a9a88c21d675aed7660513,SUCCESS,NEEDS_REVIEW
DOC-HFM-A000153,374-妇女盆底功能障碍类疾病中医古籍文献考,UNKNOWN,UNKNOWN,UNKNOWN,UNKNOWN,UNKNOWN,PDF,ZH,UNKNOWN,HFM-A000153,3,86b21ae4442a74ae1f3da6ce8d226d9fc13b04f76117bc85a175056b7a3cbc37,SUCCESS,NEEDS_REVIEW
DOC-HFM-A000154,375-《灵枢·刺节真邪》中五邪刺校注,UNKNOWN,UNKNOWN,UNKNOWN,UNKNOWN,UNKNOWN,PDF,ZH,UNKNOWN,HFM-A000154,2,faf7f29e3519c7a8fb134c5cd794bda4c4f406ae182912bbd0b66631adfe8762,SUCCESS,NEEDS_REVIEW
DOC-HFM-A000155,376-针刺治疗卒中后抑郁的腧穴配伍规律文献研究,UNKNOWN,UNKNOWN,UNKNOWN,UNKNOWN,UNKNOWN,PDF,ZH,UNKNOWN,HFM-A000155,6,6dd698033daa99c1acfe46e84f23d446f3345fe2e73ed52d076919f535ecba8c,SUCCESS,NEEDS_REVIEW
DOC-HFM-A000156,377-《黄帝内经》及别传本古今字例释,UNKNOWN,UNKNOWN,UNKNOWN,UNKNOWN,UNKNOWN,PDF,ZH,UNKNOWN,HFM-A000156,3,11356888f2c48230706a23385f05afd0fb948b153d8e7ccbe723edea00a9d3f1,SUCCESS,NEEDS_REVIEW
DOC-HFM-A000157,378-简析古代医籍中禁针慎针腧穴的形态学依据,UNKNOWN,UNKNOWN,UNKNOWN,UNKNOWN,UNKNOWN,PDF,ZH,UNKNOWN,HFM-A000157,2,4d0e3ef51dbf46cd95caad30b38267303015ebe1fa88014c63927e567b980275,SUCCESS,NEEDS_REVIEW
DOC-HFM-A000158,379-基于图论的十二原穴拓扑参数变化差异分析,UNKNOWN,UNKNOWN,UNKNOWN,UNKNOWN,UNKNOWN,PDF,ZH,UNKNOWN,HFM-A000158,3,a36f67d23d3e7b48331242680a4b0f0b70f7d604e62da335fdabaa9980f66cde,SUCCESS,NEEDS_REVIEW
DOC-HFM-A000159,38-《针灸甲乙经》中处方用穴特点,UNKNOWN,UNKNOWN,UNKNOWN,UNKNOWN,UNKNOWN,PDF,ZH,UNKNOWN,HFM-A000159,4,5fc88c9784a7fc3956bd689363b2bd2b9fd921efac5375b4494c5d5113bfa13e,SUCCESS,NEEDS_REVIEW
DOC-HFM-A000160,380-关于概括腧穴主治方法的几点思考,UNKNOWN,UNKNOWN,UNKNOWN,UNKNOWN,UNKNOWN,PDF,ZH,UNKNOWN,HFM-A000160,2,59ec336887245409c46a3f736658decf5f9d34608ea2507556ca8428eca66fe5,SUCCESS,NEEDS_REVIEW
DOC-HFM-A000161,381-明堂孔穴_的沿革,UNKNOWN,UNKNOWN,UNKNOWN,UNKNOWN,UNKNOWN,PDF,ZH,UNKNOWN,HFM-A000161,2,4d70caae560699c7ecc7062e06f45cd2e8fa11d3ef6393282db2c359bf1a2027,SUCCESS,NEEDS_REVIEW
DOC-HFM-A000162,382-留针的意义与依据探析,UNKNOWN,UNKNOWN,UNKNOWN,UNKNOWN,UNKNOWN,PDF,ZH,UNKNOWN,HFM-A000162,2,92553b4f60bad9cfee279d22cd50a98c4b47c0e716734daa149375b405c91c80,SUCCESS,NEEDS_REVIEW
DOC-HFM-A000163,383-太溪穴的临床应用浅谈,UNKNOWN,UNKNOWN,UNKNOWN,UNKNOWN,UNKNOWN,PDF,ZH,UNKNOWN,HFM-A000163,2,ac41721341a1e43442b20281e41dbdf29697dbe84895eb94fe422ca0d9a8c9d6,SUCCESS,NEEDS_REVIEW
DOC-HFM-A000164,384-《史记·扁鹊仓公列传》_外三阳五会_新考,UNKNOWN,UNKNOWN,UNKNOWN,UNKNOWN,UNKNOWN,PDF,ZH,UNKNOWN,HFM-A000164,3,9c32d99d74d9a1f7aa4e858c5af32aab0713f264995c58f21a4346504ffadac6,SUCCESS,NEEDS_REVIEW
DOC-HFM-A000165,386-深刺中脘穴临床验案4则,UNKNOWN,UNKNOWN,UNKNOWN,UNKNOWN,UNKNOWN,PDF,ZH,UNKNOWN,HFM-A000165,2,f39e9499d1f5a4608d84a5b359511c4723b169633881dde76bd8c7ab145aa8e2,SUCCESS,NEEDS_REVIEW
DOC-HFM-A000166,387-略谈照海穴之主治,UNKNOWN,UNKNOWN,UNKNOWN,UNKNOWN,UNKNOWN,PDF,ZH,UNKNOWN,HFM-A000166,3,6331b76703ff6e109bf38a9c49c30e3b9d2e57e814ad379a97f22434f22354ed,SUCCESS,NEEDS_REVIEW
DOC-HFM-A000167,388-寸口疗法初探,UNKNOWN,UNKNOWN,UNKNOWN,UNKNOWN,UNKNOWN,PDF,ZH,UNKNOWN,HFM-A000167,1,8b29d048d0370a0323a8bd3128df04976f6f48067c302c2b70aa7e9c2901bd47,SUCCESS,NEEDS_REVIEW
DOC-HFM-A000168,389-俞昌德教授治疗坐骨神经痛临床经验介绍,UNKNOWN,UNKNOWN,UNKNOWN,UNKNOWN,UNKNOWN,PDF,ZH,UNKNOWN,HFM-A000168,1,24a8b9bf9d097337eecbfb4e911a0ee984108785131f4ea7b945c661ab3141ea,SUCCESS,NEEDS_REVIEW
DOC-HFM-A000169,39-《针灸甲乙经》推拿疗法探析,UNKNOWN,UNKNOWN,UNKNOWN,UNKNOWN,UNKNOWN,PDF,ZH,UNKNOWN,HFM-A000169,3,9428a3383b33a342b5ae3315df89269bb3f8a1a941c8d171f53ce877b2d9ce8f,SUCCESS,NEEDS_REVIEW
DOC-HFM-A000170,390-交会穴临床应用举隅,UNKNOWN,UNKNOWN,UNKNOWN,UNKNOWN,UNKNOWN,PDF,ZH,UNKNOWN,HFM-A000170,2,95b052983973b931c833c897e9b443544a6e9254ae2a8f371b71bd1a74ffecf8,SUCCESS,NEEDS_REVIEW
DOC-HFM-A000171,392-手厥阴心包经理论发展探析,UNKNOWN,UNKNOWN,UNKNOWN,UNKNOWN,UNKNOWN,PDF,ZH,UNKNOWN,HFM-A000171,5,ce5fb66c70a0c38e5921f7cfe77ec1243a4cfdf721f9e1e29c1bebf1ce56622a,SUCCESS,NEEDS_REVIEW
DOC-HFM-A000172,393-经脉循行的《灵枢》原文英译探析,UNKNOWN,UNKNOWN,UNKNOWN,UNKNOWN,UNKNOWN,PDF,ZH,UNKNOWN,HFM-A000172,5,4a86856afd2d2c4549c93f399cd6743b1a9e861b5d56da7e86f54d6f945be149,SUCCESS,NEEDS_REVIEW
DOC-HFM-A000173,394-刺法寸历史演变与探究,UNKNOWN,UNKNOWN,UNKNOWN,UNKNOWN,UNKNOWN,PDF,ZH,UNKNOWN,HFM-A000173,5,7fa656ab03df1c620fca4ca3d727eaf95b40d4ca3e037a1576111cb15a56b57b,SUCCESS,NEEDS_REVIEW
DOC-HFM-A000174,395-腧穴别名与校勘,UNKNOWN,UNKNOWN,UNKNOWN,UNKNOWN,UNKNOWN,PDF,ZH,UNKNOWN,HFM-A000174,2,3a02167980f18cf68de0b5a9c480df087f09ea238e7af8cad17db3aade90d15a,SUCCESS,NEEDS_REVIEW
DOC-HFM-A000175,396-《素问》王冰注所见十二经脉循行文本整合复原,UNKNOWN,UNKNOWN,UNKNOWN,UNKNOWN,UNKNOWN,PDF,ZH,UNKNOWN,HFM-A000175,5,dca4a41b3bd4892be6e9ca4680901b54d048a2060169e6e103e795a204daf34a,SUCCESS,NEEDS_REVIEW
DOC-HFM-A000176,398-《太平圣惠方》小儿灸法文献研究,UNKNOWN,UNKNOWN,UNKNOWN,UNKNOWN,UNKNOWN,PDF,ZH,UNKNOWN,HFM-A000176,5,617501d338616c050c51b0c21137e7876fe3a86420fb1d4625b0ac9dd04e2470,SUCCESS,NEEDS_REVIEW
DOC-HFM-A000177,399-扶突穴的临床应用,UNKNOWN,UNKNOWN,UNKNOWN,UNKNOWN,UNKNOWN,PDF,ZH,UNKNOWN,HFM-A000177,1,ecce6d81d7662a7eb7a475045484e831d54864d8310ad740db7c47088577f013,SUCCESS,NEEDS_REVIEW
DOC-HFM-A000178,4-浅析《针灸甲乙经》的刺法特点,UNKNOWN,UNKNOWN,UNKNOWN,UNKNOWN,UNKNOWN,PDF,ZH,UNKNOWN,HFM-A000178,5,32b5b7d6536071133d3a875c7841eb86600da67d1d1114cd71cdb86b2c08e512,SUCCESS,NEEDS_REVIEW
DOC-HFM-A000179,40-《针灸甲乙经》浅刺针法理论研究探析,UNKNOWN,UNKNOWN,UNKNOWN,UNKNOWN,UNKNOWN,PDF,ZH,UNKNOWN,HFM-A000179,2,93118f9b010edb5c2943b0af3c63b632c0c9517b866b70698e9a11e9b19f5585,SUCCESS,NEEDS_REVIEW
DOC-HFM-A000180,400-柳氏广意派小儿推拿辨治小儿咳嗽,UNKNOWN,UNKNOWN,UNKNOWN,UNKNOWN,UNKNOWN,PDF,ZH,UNKNOWN,HFM-A000180,4,9a16c80eb9d3b82201e12015c5af6ae9a5113b764939cbb3d95a330f9af915d7,SUCCESS,NEEDS_REVIEW
DOC-HFM-A000181,401-试论出针补泻的临床意义,UNKNOWN,UNKNOWN,UNKNOWN,UNKNOWN,UNKNOWN,PDF,ZH,UNKNOWN,HFM-A000181,4,830e6ee57ff7350e59851714049846d0cd2aef82df9f4c20c2b6733c0b2a14d8,SUCCESS,NEEDS_REVIEW
DOC-HFM-A000182,402-条口穴用于肩关节周围炎治疗的起源初探,UNKNOWN,UNKNOWN,UNKNOWN,UNKNOWN,UNKNOWN,PDF,ZH,UNKNOWN,HFM-A000182,2,bc4b74053f0cdd2a9c8e4a689516031abce40246ab61040bc309f937ce8c93d3,SUCCESS,NEEDS_REVIEW
DOC-HFM-A000183,403-太白穴在灼口综合征治疗中的应用举隅,UNKNOWN,UNKNOWN,UNKNOWN,UNKNOWN,UNKNOWN,PDF,ZH,UNKNOWN,HFM-A000183,2,dd09149f14016b08b17191408c37974e69d62eb333358e5b442f64cc3b9286b9,SUCCESS,NEEDS_REVIEW
DOC-HFM-A000184,404-神庭穴临证探讨,UNKNOWN,UNKNOWN,UNKNOWN,UNKNOWN,UNKNOWN,PDF,ZH,UNKNOWN,HFM-A000184,3,c1997f3fa53ba38b2834a8238df03a107e6e1570eec9abe953325be75ddae864,SUCCESS,NEEDS_REVIEW
DOC-HFM-A000185,405-基于《内经》《难经》的五输穴原理探微,UNKNOWN,UNKNOWN,UNKNOWN,UNKNOWN,UNKNOWN,PDF,ZH,UNKNOWN,HFM-A000185,4,e13ca593bdb464c9b6c591e9a0f77bf04be602ef9ad8f1ca9d362054a838120f,SUCCESS,NEEDS_REVIEW
DOC-HFM-A000186,406-洞鉴古今探源_肠神同调_腧穴内涵及规律,UNKNOWN,UNKNOWN,UNKNOWN,UNKNOWN,UNKNOWN,PDF,ZH,UNKNOWN,HFM-A000186,5,88657a4649a568d128d8bd2effd22a08c75e0eb81213500db447f70e6bb55a33,SUCCESS,NEEDS_REVIEW
DOC-HFM-A000187,409-合谷_穴区传入神经元的节段性分布——HRP法的实验研究,UNKNOWN,UNKNOWN,UNKNOWN,UNKNOWN,UNKNOWN,PDF,ZH,UNKNOWN,HFM-A000187,2,43b10cf7f78055e7359494f999d3e9c2f27b94b946dbdf2c92e39387611c0b3f,SUCCESS,NEEDS_REVIEW
DOC-HFM-A000188,41-《针灸甲乙经》之刺血疗法研究,UNKNOWN,UNKNOWN,UNKNOWN,UNKNOWN,UNKNOWN,PDF,ZH,UNKNOWN,HFM-A000188,3,2278fd4034e824a1aa98ae0683575ad09d39e77a669928be560b967f19d634ff,SUCCESS,NEEDS_REVIEW
DOC-HFM-A000189,410-睛明穴的应用体会,UNKNOWN,UNKNOWN,UNKNOWN,UNKNOWN,UNKNOWN,PDF,ZH,UNKNOWN,HFM-A000189,2,5ff00d14a8cf2a4e82b18636700d0bbb0c2cc978c625fe65b4e57a891d7ec00f,SUCCESS,NEEDS_REVIEW
DOC-HFM-A000190,411-睛明穴临床研究汇总,UNKNOWN,UNKNOWN,UNKNOWN,UNKNOWN,UNKNOWN,PDF,ZH,UNKNOWN,HFM-A000190,3,40a13aab1bfae6a2b708096dd70aae9cc88b5900002fb933e2112e4007786d65,SUCCESS,NEEDS_REVIEW
DOC-HFM-A000191,412-短刺手三里穴治疗腰腿痛临床体会,UNKNOWN,UNKNOWN,UNKNOWN,UNKNOWN,UNKNOWN,PDF,ZH,UNKNOWN,HFM-A000191,1,9ec9a12d63f5bfb4d7135aafc90382772214da9afaa8b6d87bfb6c9085ee4ffe,SUCCESS,NEEDS_REVIEW
DOC-HFM-A000192,413-天突穴的临床应用,UNKNOWN,UNKNOWN,UNKNOWN,UNKNOWN,UNKNOWN,PDF,ZH,UNKNOWN,HFM-A000192,2,fc242221f3134aaefab5acf8b61316b3a435630158c76185fd102b15c7427fdc,SUCCESS,NEEDS_REVIEW
DOC-HFM-A000193,414-条口穴用于肩关节周围炎治疗的起源初探 (1),UNKNOWN,UNKNOWN,UNKNOWN,UNKNOWN,UNKNOWN,PDF,ZH,UNKNOWN,HFM-A000193,3,c525f9a767bec359a9003931c2fdd25a13963c49cfdb4319ae0c6d054bcf2019,SUCCESS,NEEDS_REVIEW
DOC-HFM-A000194,415-郄穴治疗经脉和脏腑顽固性疾病的临床应用,UNKNOWN,UNKNOWN,UNKNOWN,UNKNOWN,UNKNOWN,PDF,ZH,UNKNOWN,HFM-A000194,1,035a6ee88ff66cdee5cae309f82bf78ecd25a84f34613dcb92e007d86ab3e9b6,SUCCESS,NEEDS_REVIEW
DOC-HFM-A000195,416-近年大椎穴临床研究概况,UNKNOWN,UNKNOWN,UNKNOWN,UNKNOWN,UNKNOWN,PDF,ZH,UNKNOWN,HFM-A000195,4,402b9b20041f88fb3f24b65329a5a115a714ee1fcd7399d78a275e12b73601a5,SUCCESS,NEEDS_REVIEW
DOC-HFM-A000196,417-膝关节相关腧穴定位考析,UNKNOWN,UNKNOWN,UNKNOWN,UNKNOWN,UNKNOWN,PDF,ZH,UNKNOWN,HFM-A000196,1,80b38eabff8aec0bf16cee650e0305faf2a620f8b7ee417ffc5d86e29645f3bc,SUCCESS,NEEDS_REVIEW
DOC-HFM-A000197,419-“缪剌”与“巨刺”之浅析,UNKNOWN,UNKNOWN,UNKNOWN,UNKNOWN,UNKNOWN,PDF,ZH,UNKNOWN,HFM-A000197,2,80b97ea465ecec9ccf76a9411a23d0e60cfd68d2a1a69e970261a4efba3b385b,SUCCESS,NEEDS_REVIEW
DOC-HFM-A000198,42-《针灸甲乙经》治疗头痛的特点分析,UNKNOWN,UNKNOWN,UNKNOWN,UNKNOWN,UNKNOWN,PDF,ZH,UNKNOWN,HFM-A000198,2,a01e38dbedbeea6a73d8cb813db8d6946a763462bd02ea50dfd4bb3868c07873,SUCCESS,NEEDS_REVIEW
DOC-HFM-A000199,420-疏肝调神针刺法治疗奔豚气案,UNKNOWN,UNKNOWN,UNKNOWN,UNKNOWN,UNKNOWN,PDF,ZH,UNKNOWN,HFM-A000199,1,117e28230c58f5be81753f25bd567cf0925fe940007d398c8e4f56aa5ac33f6e,SUCCESS,NEEDS_REVIEW
DOC-HFM-A000200,421-百会穴临床应用概述,UNKNOWN,UNKNOWN,UNKNOWN,UNKNOWN,UNKNOWN,PDF,ZH,UNKNOWN,HFM-A000200,4,d9e9dff3ced802dd2ab8b65b83827f7a99bef4ccf18da37d37063ef675243c91,SUCCESS,NEEDS_REVIEW
DOC-HFM-A000201,422-中医古籍校勘的新思考与新探索,UNKNOWN,UNKNOWN,UNKNOWN,UNKNOWN,UNKNOWN,PDF,ZH,UNKNOWN,HFM-A000201,3,a703a768463bea7c34fb0a1b6ded50d9cf59d7c69788e13aa36da515d94871e0,SUCCESS,NEEDS_REVIEW
DOC-HFM-A000202,423-中医古籍校勘的新思考与新探索(续),UNKNOWN,UNKNOWN,UNKNOWN,UNKNOWN,UNKNOWN,PDF,ZH,UNKNOWN,HFM-A000202,5,e4a4cf9180b56075d20182f29eedf4e016abbc5ce21c4014cb2fb679cda09d44,SUCCESS,NEEDS_REVIEW
DOC-HFM-A000203,424-浅析手三里穴,UNKNOWN,UNKNOWN,UNKNOWN,UNKNOWN,UNKNOWN,PDF,ZH,UNKNOWN,HFM-A000203,1,02910769d825bd9325a09cdc974cc9ebfeb5ebbffce96ad8f787e05eb5bd01fa,SUCCESS,NEEDS_REVIEW
DOC-HFM-A000204,425-天枢穴古今临床应用探析,UNKNOWN,UNKNOWN,UNKNOWN,UNKNOWN,UNKNOWN,PDF,ZH,UNKNOWN,HFM-A000204,2,52c5d6be1ea03080cde45bbe40f7b7509d01fab37e3310bb843a6107e443fa2c,SUCCESS,NEEDS_REVIEW
DOC-HFM-A000205,426-化脓灸法临床应用与研究进展,UNKNOWN,UNKNOWN,UNKNOWN,UNKNOWN,UNKNOWN,PDF,ZH,UNKNOWN,HFM-A000205,2,5af265dc9a3d63448480a19e33c8b8ffdb27f80be8785db78c2e68c46ad295c3,SUCCESS,NEEDS_REVIEW
DOC-HFM-A000206,427-论针刺深浅,UNKNOWN,UNKNOWN,UNKNOWN,UNKNOWN,UNKNOWN,PDF,ZH,UNKNOWN,HFM-A000206,4,5a2412522fa792d1ac3defa6da6fb387f968dfa52752024376d0746eecad075f,SUCCESS,NEEDS_REVIEW
DOC-HFM-A000207,428-气海穴基础研究进展,UNKNOWN,UNKNOWN,UNKNOWN,UNKNOWN,UNKNOWN,PDF,ZH,UNKNOWN,HFM-A000207,3,923bad621adb20e01ab1dc50a1415d9955bedb41f9b63912b23a490f49e53ed0,SUCCESS,NEEDS_REVIEW
DOC-HFM-A000208,429-金门穴的特点与应用,UNKNOWN,UNKNOWN,UNKNOWN,UNKNOWN,UNKNOWN,PDF,ZH,UNKNOWN,HFM-A000208,2,c7bb9e304db9aa289a17f0fcff9ca76150f545f29898751a09e9d062e9014bda,SUCCESS,NEEDS_REVIEW
DOC-HFM-A000209,430-背俞穴概述,UNKNOWN,UNKNOWN,UNKNOWN,UNKNOWN,UNKNOWN,PDF,ZH,UNKNOWN,HFM-A000209,2,b1cf9e283f6a6fae374fcc0ae7442d61bf745c4e882f75d54cabdc7e4da803c8,SUCCESS,NEEDS_REVIEW
DOC-HFM-A000210,431-百会穴临床应用概况,UNKNOWN,UNKNOWN,UNKNOWN,UNKNOWN,UNKNOWN,PDF,ZH,UNKNOWN,HFM-A000210,2,8d95ac1db9fbf9dbbc548dd1656bdb60878192ae222b5a992cf4b157abf6e858,SUCCESS,NEEDS_REVIEW
DOC-HFM-A000211,432-应用上巨虚穴调节胃肠功能的理论探讨,UNKNOWN,UNKNOWN,UNKNOWN,UNKNOWN,UNKNOWN,PDF,ZH,UNKNOWN,HFM-A000211,2,923c82f03f899492c2622565564aea1f36ace0c6e50a1f87a53d01289e99aa0c,SUCCESS,NEEDS_REVIEW
DOC-HFM-A000212,433-浅析针刺神阙穴的可行性,UNKNOWN,UNKNOWN,UNKNOWN,UNKNOWN,UNKNOWN,PDF,ZH,UNKNOWN,HFM-A000212,2,3259526b0bf610a918a796cb6255beb009540761b38523f0adb47479e147829f,SUCCESS,NEEDS_REVIEW
DOC-HFM-A000213,434-下关穴的临床应用,UNKNOWN,UNKNOWN,UNKNOWN,UNKNOWN,UNKNOWN,PDF,ZH,UNKNOWN,HFM-A000213,2,138373828206db817378e5fa2c1342c4b1127384c54288964a3d829fcac907f1,SUCCESS,NEEDS_REVIEW
DOC-HFM-A000214,435-手三里穴的临床应用,UNKNOWN,UNKNOWN,UNKNOWN,UNKNOWN,UNKNOWN,PDF,ZH,UNKNOWN,HFM-A000214,2,a84f70f4d0c93e70b2ff58bf63d3ff60adeb6b124af7472fbef2c7ccb7dfaf8e,SUCCESS,NEEDS_REVIEW
DOC-HFM-A000215,437-针刺关元、曲骨、行间等穴对慢性非菌性前列腺炎大鼠TNF-α、IL-2的影响,UNKNOWN,UNKNOWN,UNKNOWN,UNKNOWN,UNKNOWN,PDF,ZH,UNKNOWN,HFM-A000215,2,ccd626328c4097ec0e8da1ce9239981f2a2d0959cae465436e3008fb56ffadc9,SUCCESS,NEEDS_REVIEW
DOC-HFM-A000216,438-肺俞穴的功效,UNKNOWN,UNKNOWN,UNKNOWN,UNKNOWN,UNKNOWN,PDF,ZH,UNKNOWN,HFM-A000216,1,b5a11068b28c80f5355548c00cd1a499dce3f9cdcc5d83d9400179abddae1ae0,SUCCESS,NEEDS_REVIEW
DOC-HFM-A000217,44-《针灸甲乙经》的理论框架探析,UNKNOWN,UNKNOWN,UNKNOWN,UNKNOWN,UNKNOWN,PDF,ZH,UNKNOWN,HFM-A000217,2,fd218d753b0bc09d6248e1f99b07f09c5b87a214e4565a260d17d5fabdd5e152,SUCCESS,NEEDS_REVIEW
DOC-HFM-A000218,440-脱疽源流考略,UNKNOWN,UNKNOWN,UNKNOWN,UNKNOWN,UNKNOWN,PDF,ZH,UNKNOWN,HFM-A000218,5,bdb1b23edec2c71cdb84d95fe7a551ec0cc29efbbadb68fa69b53c3451ffec23,SUCCESS,NEEDS_REVIEW
DOC-HFM-A000219,441-基于古代文献浅析手少阴心经与手厥阴心包经的联系,UNKNOWN,UNKNOWN,UNKNOWN,UNKNOWN,UNKNOWN,PDF,ZH,UNKNOWN,HFM-A000219,5,f483f4f8898e6fe6d022cea90555f90300db74923fdeca29611fc49f123e73c0,SUCCESS,NEEDS_REVIEW
DOC-HFM-A000220,442-《医心方》引《诸病源候论》同义替换现象举隅,UNKNOWN,UNKNOWN,UNKNOWN,UNKNOWN,UNKNOWN,PDF,ZH,UNKNOWN,HFM-A000220,8,e074487340bf6e0e25e8f286880105a5f780769ed97d482c7f3e40b09a7e0b20,SUCCESS,NEEDS_REVIEW
DOC-HFM-A000221,443-浅谈涌泉穴的主治病证,UNKNOWN,UNKNOWN,UNKNOWN,UNKNOWN,UNKNOWN,PDF,ZH,UNKNOWN,HFM-A000221,2,b5d56e59a8de9a64055abd646332f446ecca13999a2ef7386d576469844f5671,SUCCESS,NEEDS_REVIEW
DOC-HFM-A000222,444-对少数经穴定位不一之商榷,UNKNOWN,UNKNOWN,UNKNOWN,UNKNOWN,UNKNOWN,PDF,ZH,UNKNOWN,HFM-A000222,2,a77b5e221da7212b7bb3c544cd5af1b280a330e27c44493c58b73e17065ede64,SUCCESS,NEEDS_REVIEW
DOC-HFM-A000223,445-_心胀_探析,UNKNOWN,UNKNOWN,UNKNOWN,UNKNOWN,UNKNOWN,PDF,ZH,UNKNOWN,HFM-A000223,4,1c2a098a1ec6fb3a54ffd205bae62fc7a95087a04845418e0b8750788941eaaf,SUCCESS,NEEDS_REVIEW
DOC-HFM-A000224,446-针刺神门穴对心脏功能影响研究进展,UNKNOWN,UNKNOWN,UNKNOWN,UNKNOWN,UNKNOWN,PDF,ZH,UNKNOWN,HFM-A000224,2,c18e781c698b01269a4f1b13e75d9032d5aecba782aaabb3e30da67b3cb7edaf,SUCCESS,NEEDS_REVIEW
DOC-HFM-A000225,447-基于经典文献整理的针刺治疗腰痛选穴研究,UNKNOWN,UNKNOWN,UNKNOWN,UNKNOWN,UNKNOWN,PDF,ZH,UNKNOWN,HFM-A000225,2,ef5589a0a41eccecfabbd09a2ebced6f90cb451abbc9eee18e4bbb5e6e361101,SUCCESS,NEEDS_REVIEW
DOC-HFM-A000226,448-关于_穴位_一词英文翻译的看法,UNKNOWN,UNKNOWN,UNKNOWN,UNKNOWN,UNKNOWN,PDF,ZH,UNKNOWN,HFM-A000226,1,fa9eb5cf409f6eb1ebd8d99171bd597c217e74cc80ddc21f33de06c274dde7d0,SUCCESS,NEEDS_REVIEW
DOC-HFM-A000227,449-基于文献研究的肾性水肿思路探析,UNKNOWN,UNKNOWN,UNKNOWN,UNKNOWN,UNKNOWN,PDF,ZH,UNKNOWN,HFM-A000227,4,ae59c9e5f772e8e00cf2ee555af736f81f25d3bd7537fba374a60161a88f6b26,SUCCESS,NEEDS_REVIEW
DOC-HFM-A000228,45-浅论《针灸甲乙经》对特定穴的贡献,UNKNOWN,UNKNOWN,UNKNOWN,UNKNOWN,UNKNOWN,PDF,ZH,UNKNOWN,HFM-A000228,2,c835077707146b6563bd155f9bdd0640123d068d0e12ee7072e20822dbccf663,SUCCESS,NEEDS_REVIEW
DOC-HFM-A000229,450-试论腧穴体内属性,UNKNOWN,UNKNOWN,UNKNOWN,UNKNOWN,UNKNOWN,PDF,ZH,UNKNOWN,HFM-A000229,4,1e0f87be3b703f963136870e0164fe1bea4f47449587043a52e2f7139df48b24,SUCCESS,NEEDS_REVIEW
DOC-HFM-A000230,451-手三里,UNKNOWN,UNKNOWN,UNKNOWN,UNKNOWN,UNKNOWN,PDF,ZH,UNKNOWN,HFM-A000230,1,ce30451110b92b91fd89c8df93e624c3eae6af437f8cd572603775276a28730f,SUCCESS,NEEDS_REVIEW
DOC-HFM-A000231,452-少海穴,UNKNOWN,UNKNOWN,UNKNOWN,UNKNOWN,UNKNOWN,PDF,ZH,UNKNOWN,HFM-A000231,1,99c5e360728ad58ac5e148de06a024ba6011c21ea436bf6b1f76d52c60d6fb16,SUCCESS,NEEDS_REVIEW
DOC-HFM-A000232,457-柳氏广意派小儿推拿辨证施治小儿脑瘫,UNKNOWN,UNKNOWN,UNKNOWN,UNKNOWN,UNKNOWN,PDF,ZH,UNKNOWN,HFM-A000232,5,fbb48fac336c9964ea0411a892c460b7ea43f56040e6b3774ab6d586cbe4ae4e,SUCCESS,NEEDS_REVIEW
DOC-HFM-A000233,458-(譩)(譆)穴古代文献研究,UNKNOWN,UNKNOWN,UNKNOWN,UNKNOWN,UNKNOWN,PDF,ZH,UNKNOWN,HFM-A000233,3,01a28d07731f6c09ca2b75f00117f1a94c0aa87ae596f6b3e3b75d783b913257,SUCCESS,NEEDS_REVIEW
DOC-HFM-A000234,459-八髎穴的临床运用,UNKNOWN,UNKNOWN,UNKNOWN,UNKNOWN,UNKNOWN,PDF,ZH,UNKNOWN,HFM-A000234,1,cf23d3f5e25959b566ea46c88f126145eaa09a5ad9cc169b8611e09cf06c265c,SUCCESS,NEEDS_REVIEW
DOC-HFM-A000235,46-《针灸甲乙经》的针灸理论框架分析,UNKNOWN,UNKNOWN,UNKNOWN,UNKNOWN,UNKNOWN,PDF,ZH,UNKNOWN,HFM-A000235,2,9849da340c897c293ae2d6f65f9285471c1bd59e5820bd768d7a0c233c1ee132,SUCCESS,NEEDS_REVIEW
DOC-HFM-A000236,460-灸疮_考辩,UNKNOWN,UNKNOWN,UNKNOWN,UNKNOWN,UNKNOWN,PDF,ZH,UNKNOWN,HFM-A000236,5,45388c75ce46c67c30fff9ac41cbff5a84dbf73f5dfbafced3e9701c79071664,SUCCESS,NEEDS_REVIEW
DOC-HFM-A000237,461-沈彤《释骨》考略,UNKNOWN,UNKNOWN,UNKNOWN,UNKNOWN,UNKNOWN,PDF,ZH,UNKNOWN,HFM-A000237,6,470b06969c9aa497d9b8a1564d52f62be4b984eb94a92de9bfa9b761d83ec622,SUCCESS,NEEDS_REVIEW
DOC-HFM-A000238,465-志室穴在蜂针中的应用,UNKNOWN,UNKNOWN,UNKNOWN,UNKNOWN,UNKNOWN,PDF,ZH,UNKNOWN,HFM-A000238,2,4973d024176f01ae003471aff2be429b34ef952552c19546cec04e45f44c81ae,SUCCESS,NEEDS_REVIEW
DOC-HFM-A000239,466-《黄帝内经》三阴三阳关阖枢说新论,UNKNOWN,UNKNOWN,UNKNOWN,UNKNOWN,UNKNOWN,PDF,ZH,UNKNOWN,HFM-A000239,3,2aa599b561a89d8525cd669276e3ab6a05b9a0d8e8f308fc54fd6db84737611a,SUCCESS,NEEDS_REVIEW
DOC-HFM-A000240,467-上星穴穴性及临床应用,UNKNOWN,UNKNOWN,UNKNOWN,UNKNOWN,UNKNOWN,PDF,ZH,UNKNOWN,HFM-A000240,3,20fc538093df16851b10735f9616af4bb342d4d914aa97ed9b2eed2f124876f0,SUCCESS,NEEDS_REVIEW
DOC-HFM-A000241,468-素髎穴的现代临床应用及研究,UNKNOWN,UNKNOWN,UNKNOWN,UNKNOWN,UNKNOWN,PDF,ZH,UNKNOWN,HFM-A000241,4,323a03335e40c0989100664118fca9fce2bb786f2df7d80fea8f4b44f9264add,SUCCESS,NEEDS_REVIEW
DOC-HFM-A000242,469-腕踝上三寸内外侧各有一个三经交会穴,UNKNOWN,UNKNOWN,UNKNOWN,UNKNOWN,UNKNOWN,PDF,ZH,UNKNOWN,HFM-A000242,4,a71c9a78abd2b6c9758ef4f8f203827aa18db91d075e6a87daeddb192a5ce124,SUCCESS,NEEDS_REVIEW
DOC-HFM-A000243,47-论《针灸甲乙经》配穴方法对后世的影响,UNKNOWN,UNKNOWN,UNKNOWN,UNKNOWN,UNKNOWN,PDF,ZH,UNKNOWN,HFM-A000243,4,a1a2d855fe2144a5b80755d2c5e0e738e7253242a7c0be777c3f14f38c5576cb,SUCCESS,NEEDS_REVIEW
DOC-HFM-A000244,470-百会穴_顶中央旋毛中_考释,UNKNOWN,UNKNOWN,UNKNOWN,UNKNOWN,UNKNOWN,PDF,ZH,UNKNOWN,HFM-A000244,3,70b5bf1a7265e33fb7786c240fe037222c3293a84df0b1c9e67b2654bd386a18,SUCCESS,NEEDS_REVIEW
DOC-HFM-A000245,471-试论胸部经穴命名与古代建筑的关系,UNKNOWN,UNKNOWN,UNKNOWN,UNKNOWN,UNKNOWN,PDF,ZH,UNKNOWN,HFM-A000245,5,03ebe979dca7ac48e9e0336efe67ea11fa39e953a9ddbafd845ccc152f771c9b,SUCCESS,NEEDS_REVIEW
DOC-HFM-A000246,472-瓜蒌不同入药部位的药用价值及临床应用,UNKNOWN,UNKNOWN,UNKNOWN,UNKNOWN,UNKNOWN,PDF,ZH,UNKNOWN,HFM-A000246,2,823228afa4be9a6eb4622a16eb7ba06940f483262c1d54b34dfe636d7f49c68d,SUCCESS,NEEDS_REVIEW
DOC-HFM-A000247,473-Combined+Use+of+the+Points+Shenmai+and+Zhaohai+for,UNKNOWN,UNKNOWN,UNKNOWN,UNKNOWN,UNKNOWN,PDF,ZH,UNKNOWN,HFM-A000247,3,89c5e268931d95ae3326931e68ad1d1f37c63fde4f0f6387d712387a2a77b4e4,SUCCESS,NEEDS_REVIEW
DOC-HFM-A000248,475-中脘穴的古今应用与研究,UNKNOWN,UNKNOWN,UNKNOWN,UNKNOWN,UNKNOWN,PDF,ZH,UNKNOWN,HFM-A000248,3,7987e08b81f8b6789743a8080cb0352300520692f3981ec02210a3d465780860,SUCCESS,NEEDS_REVIEW
DOC-HFM-A000249,476-经穴详解系列篇(2),UNKNOWN,UNKNOWN,UNKNOWN,UNKNOWN,UNKNOWN,PDF,ZH,UNKNOWN,HFM-A000249,2,2c683643761fc9af306daaf760eb836238a4baebca33bf00ed28aa756acbfafa,SUCCESS,NEEDS_REVIEW
DOC-HFM-A000250,477-对分类研究《内经》文献的评析,UNKNOWN,UNKNOWN,UNKNOWN,UNKNOWN,UNKNOWN,PDF,ZH,UNKNOWN,HFM-A000250,3,23449bf75c44f07966fb3f9731c0950c3aabefef44b07b62c1ee9956eff88300,SUCCESS,NEEDS_REVIEW
DOC-HFM-A000251,478-悬钟穴的应用及定位考证,UNKNOWN,UNKNOWN,UNKNOWN,UNKNOWN,UNKNOWN,PDF,ZH,UNKNOWN,HFM-A000251,3,65f5b3a8c882012c911fef99416f49f7cb98b2df26505d4af1f8c0bbf62ea24e,SUCCESS,NEEDS_REVIEW
DOC-HFM-A000252,479-百会穴的临证应用与研究述要,UNKNOWN,UNKNOWN,UNKNOWN,UNKNOWN,UNKNOWN,PDF,ZH,UNKNOWN,HFM-A000252,3,8ef91d14ecab47b62e8e358c98c70f1a33416c6d0016d5bbb030a176332f5357,SUCCESS,NEEDS_REVIEW
DOC-HFM-A000253,480-神阙穴拔罐调气作用的理论认识与临床应用,UNKNOWN,UNKNOWN,UNKNOWN,UNKNOWN,UNKNOWN,PDF,ZH,UNKNOWN,HFM-A000253,1,fde08e24ae3813b654accff6072c8979f79e5d9bb36ee3b41372084fb4cb67a8,SUCCESS,NEEDS_REVIEW
DOC-HFM-A000254,481-天突穴刺法述要,UNKNOWN,UNKNOWN,UNKNOWN,UNKNOWN,UNKNOWN,PDF,ZH,UNKNOWN,HFM-A000254,2,254b98a15c1e1d2b487972c2c47ac8d03643635527484eb3e15102bfea5f63c0,SUCCESS,NEEDS_REVIEW
DOC-HFM-A000255,482-鸠尾穴的古代文献研究,UNKNOWN,UNKNOWN,UNKNOWN,UNKNOWN,UNKNOWN,PDF,ZH,UNKNOWN,HFM-A000255,4,d620afed0d66e1fc6c875829a2892e5f5859027c6b497dc07d18388df9cfad25,SUCCESS,NEEDS_REVIEW
DOC-HFM-A000256,483-关于慢性前列腺炎中医病名的两点商榷,UNKNOWN,UNKNOWN,UNKNOWN,UNKNOWN,UNKNOWN,PDF,ZH,UNKNOWN,HFM-A000256,3,6b035dc83be58a3c9177bf9ab6aa816dd8add976c57a0246d2bc64a29260bbac,SUCCESS,NEEDS_REVIEW
DOC-HFM-A000257,484-四渎穴穴性辑考及临床发挥,UNKNOWN,UNKNOWN,UNKNOWN,UNKNOWN,UNKNOWN,PDF,ZH,UNKNOWN,HFM-A000257,4,b2133ba9714f18c9bf48ef2132a6f75a48c69d2c233dad3cdbe7d43398db7f03,SUCCESS,NEEDS_REVIEW
DOC-HFM-A000258,485-《医学六经》考,UNKNOWN,UNKNOWN,UNKNOWN,UNKNOWN,UNKNOWN,PDF,ZH,UNKNOWN,HFM-A000258,3,8e15a0f0bb45e8453f6e470325057c9487fcc0357b290eaefc643de15e511958,SUCCESS,NEEDS_REVIEW
DOC-HFM-A000259,486-中医非药物疗法急诊应用专家共识,UNKNOWN,UNKNOWN,UNKNOWN,UNKNOWN,UNKNOWN,PDF,ZH,UNKNOWN,HFM-A000259,6,a06f66c09aa24d70caffde7bd231507de05675cb182987cc5084554753ce89c6,SUCCESS,NEEDS_REVIEW
DOC-HFM-A000260,487-简帛踝部诊脉法发微,UNKNOWN,UNKNOWN,UNKNOWN,UNKNOWN,UNKNOWN,PDF,ZH,UNKNOWN,HFM-A000260,4,3fc9de2b161340e65c22abb751dee77b68bd9b12de47ab9d19f74825d68f22d1,SUCCESS,NEEDS_REVIEW
DOC-HFM-A000261,489-  基于古今文献和解剖数据考证箕门穴定位及其变革,UNKNOWN,UNKNOWN,UNKNOWN,UNKNOWN,UNKNOWN,PDF,ZH,UNKNOWN,HFM-A000261,5,4edd07189ad39b703132e382fff3a96e2a0c057cfa0c6e3930fc60851d72699e,SUCCESS,NEEDS_REVIEW
DOC-HFM-A000262,49-《针灸甲乙经》腧穴主治条文勘误,UNKNOWN,UNKNOWN,UNKNOWN,UNKNOWN,UNKNOWN,PDF,ZH,UNKNOWN,HFM-A000262,2,94d7a3ee1f2a8ef3a58fefc80455820a6bc074dda5b0cd4a211a6de1be22bb9f,SUCCESS,NEEDS_REVIEW
DOC-HFM-A000263,490-肉瘤源流考,UNKNOWN,UNKNOWN,UNKNOWN,UNKNOWN,UNKNOWN,PDF,ZH,UNKNOWN,HFM-A000263,3,68935bc980322488a98ad19af808d0c95fa09450153f177b1b4d2739af9b8f66,SUCCESS,NEEDS_REVIEW
DOC-HFM-A000264,491-浅谈中医针刺麻醉方法与应用,UNKNOWN,UNKNOWN,UNKNOWN,UNKNOWN,UNKNOWN,PDF,ZH,UNKNOWN,HFM-A000264,1,72730fe2cde17e9ea7840e35e33a4d47088a61affee979e6eda57817734b7501,SUCCESS,NEEDS_REVIEW
DOC-HFM-A000265,492-纵论_卫出下焦_乃《黄帝内经》本义,UNKNOWN,UNKNOWN,UNKNOWN,UNKNOWN,UNKNOWN,PDF,ZH,UNKNOWN,HFM-A000265,5,9641fcfb3182d587a06de6473e8bb1ae3f749253cd1a77c87dc4de1dca6e93f3,SUCCESS,NEEDS_REVIEW
DOC-HFM-A000266,493-取穴方法的文献研究,UNKNOWN,UNKNOWN,UNKNOWN,UNKNOWN,UNKNOWN,PDF,ZH,UNKNOWN,HFM-A000266,4,4c942469fdfe793706da8d612c188fb324c0ef4dfbe6b3c695f4130572ba628e,SUCCESS,NEEDS_REVIEW
DOC-HFM-A000267,494-高职高专《经络腧穴学》课程教学改革实践研究,UNKNOWN,UNKNOWN,UNKNOWN,UNKNOWN,UNKNOWN,PDF,ZH,UNKNOWN,HFM-A000267,2,0671a4a58b4d730c1b3704d5e65e4fd1a2c942ef340dda44ce83ebab8f15a852,SUCCESS,NEEDS_REVIEW
DOC-HFM-A000268,495-探析百会穴在中风病后遗症中的临床作用,UNKNOWN,UNKNOWN,UNKNOWN,UNKNOWN,UNKNOWN,PDF,ZH,UNKNOWN,HFM-A000268,4,3b3db1b92b5d09ee36ca83334733f86d651e4dbb7412392cd697fb07f44df003,SUCCESS,NEEDS_REVIEW
DOC-HFM-A000269,496-中医中药对糖尿病足溃疡治疗进展,UNKNOWN,UNKNOWN,UNKNOWN,UNKNOWN,UNKNOWN,PDF,ZH,UNKNOWN,HFM-A000269,2,9b419ca2b42e8e8af394a901f2a9b740b3970bd59d1f6136c81ed245eadd10c4,SUCCESS,NEEDS_REVIEW
DOC-HFM-A000270,"497-基于内关治疗肩周炎解读_淫气忧思,痹聚在心_",UNKNOWN,UNKNOWN,UNKNOWN,UNKNOWN,UNKNOWN,PDF,ZH,UNKNOWN,HFM-A000270,3,b371f2043ff848e29e507e08c2534f8af835792ec9e75865e1bbe40a160825e0,SUCCESS,NEEDS_REVIEW
DOC-HFM-A000271,498-陶道穴的临床应用,UNKNOWN,UNKNOWN,UNKNOWN,UNKNOWN,UNKNOWN,PDF,ZH,UNKNOWN,HFM-A000271,3,fa2032f2a70ae3999a426b5bac662c36b91d657b2ee192df7a4600ca890eaad1,SUCCESS,NEEDS_REVIEW
DOC-HFM-A000272,499-妙在__脐_中,UNKNOWN,UNKNOWN,UNKNOWN,UNKNOWN,UNKNOWN,PDF,ZH,UNKNOWN,HFM-A000272,3,1cc253acdb248205f59a07d7c56da8ebd9dfa1398997a81bb50c3d1f1918f0d1,SUCCESS,NEEDS_REVIEW
DOC-HFM-A000273,5-论《针灸甲乙经》之灸法特色,UNKNOWN,UNKNOWN,UNKNOWN,UNKNOWN,UNKNOWN,PDF,ZH,UNKNOWN,HFM-A000273,5,7f0f9970143c74e8da95525d4101bb5283e0c04b7dda32936df24b75c1c3b40c,SUCCESS,NEEDS_REVIEW
DOC-HFM-A000274,50-《针灸甲乙经》腰痛的诊治特点探析,UNKNOWN,UNKNOWN,UNKNOWN,UNKNOWN,UNKNOWN,PDF,ZH,UNKNOWN,HFM-A000274,3,9fd1afed4d42f610b346740914f33ecfac13c12b52dbcba975ca0ac92f03ea66,SUCCESS,NEEDS_REVIEW
DOC-HFM-A000275,"500-地形拟名,浅洼之泽穴",UNKNOWN,UNKNOWN,UNKNOWN,UNKNOWN,UNKNOWN,PDF,ZH,UNKNOWN,HFM-A000275,3,942c4ebd3221243a3ae4cafeea0f0e97381bd2c946d4b816d7e2832364919675,SUCCESS,NEEDS_REVIEW
DOC-HFM-A000276,501-大巨穴的临床应用,UNKNOWN,UNKNOWN,UNKNOWN,UNKNOWN,UNKNOWN,PDF,ZH,UNKNOWN,HFM-A000276,2,a05e0258e62848c3f78e6affd36ba35a12e0c1a4bca3553beb7a09672b6cd757,SUCCESS,NEEDS_REVIEW
DOC-HFM-A000277,502-白涩症源流浅析,UNKNOWN,UNKNOWN,UNKNOWN,UNKNOWN,UNKNOWN,PDF,ZH,UNKNOWN,HFM-A000277,4,bd1e401d658cbb9af4fe02f21f6ad0a9a9db613aed59f41b016d74d4da14e8e5,SUCCESS,NEEDS_REVIEW
DOC-HFM-A000278,503-历节病并发奔豚病的病机及证治探讨,UNKNOWN,UNKNOWN,UNKNOWN,UNKNOWN,UNKNOWN,PDF,ZH,UNKNOWN,HFM-A000278,5,6ed96b52736d4a44f77e1711c0e63f312247ae84903d1a9f858e12ea8a3ef96b,SUCCESS,NEEDS_REVIEW
DOC-HFM-A000279,504-基于复杂网络的智能配穴数目探讨,UNKNOWN,UNKNOWN,UNKNOWN,UNKNOWN,UNKNOWN,PDF,ZH,UNKNOWN,HFM-A000279,5,4b4036ef7ecb4be309a6988fd894182eb25b26d7cda0b3cd815def9aaa750241,SUCCESS,NEEDS_REVIEW
DOC-HFM-A000280,505-针药并用治疗慢性肾风风湿伤肾证临证经验述要,UNKNOWN,UNKNOWN,UNKNOWN,UNKNOWN,UNKNOWN,PDF,ZH,UNKNOWN,HFM-A000280,3,de9b20e27e4e4fafc367247a8027d61873b0a79a0e854503dd24128b04cf5129,SUCCESS,NEEDS_REVIEW
DOC-HFM-A000281,506-中医名词术语（三）,UNKNOWN,UNKNOWN,UNKNOWN,UNKNOWN,UNKNOWN,PDF,ZH,UNKNOWN,HFM-A000281,1,ac49816fbbc064563aa45123b095e7987c6c0c8668c72996aab61315c461e825,SUCCESS,NEEDS_REVIEW
DOC-HFM-A000282,507-敦煌《灸经图》足太阳经理论源流探析,UNKNOWN,UNKNOWN,UNKNOWN,UNKNOWN,UNKNOWN,PDF,ZH,UNKNOWN,HFM-A000282,3,db12e2290c0d63cb9f85bd29126779d2f136c61618378c8ed819d07be538c0ae,SUCCESS,NEEDS_REVIEW
DOC-HFM-A000283,508-不乳儿乳痈的古代中医文献初探,UNKNOWN,UNKNOWN,UNKNOWN,UNKNOWN,UNKNOWN,PDF,ZH,UNKNOWN,HFM-A000283,3,de68acd4f33d56204064db9cc51c594ff45a2b7adb94c12ea4d6c00bbea9b6af,SUCCESS,NEEDS_REVIEW
DOC-HFM-A000284,509-《金匮要略直解》述要,UNKNOWN,UNKNOWN,UNKNOWN,UNKNOWN,UNKNOWN,PDF,ZH,UNKNOWN,HFM-A000284,2,bdd0727dccc8ca08ddd83fe41d1ec30162cdb33dbfecad34c21ef7b4dedd8aca,SUCCESS,NEEDS_REVIEW
DOC-HFM-A000285,51-《针灸甲乙经》的针灸理论框架研究,UNKNOWN,UNKNOWN,UNKNOWN,UNKNOWN,UNKNOWN,PDF,ZH,UNKNOWN,HFM-A000285,4,d52ecc796b256fcf39bae4c54355d2ea0acb3cf54865c60375a1acdd5e172ae7,SUCCESS,NEEDS_REVIEW
DOC-HFM-A000286,510-李顺保教授奇经八脉腧穴考证研究,UNKNOWN,UNKNOWN,UNKNOWN,UNKNOWN,UNKNOWN,PDF,ZH,UNKNOWN,HFM-A000286,3,5caa15b21817a3001db4a11c05d66e29e3ff3227b004997eb8d74dede9a2d153,SUCCESS,NEEDS_REVIEW
DOC-HFM-A000287,511-“凥”、“尻”义考,UNKNOWN,UNKNOWN,UNKNOWN,UNKNOWN,UNKNOWN,PDF,ZH,UNKNOWN,HFM-A000287,3,40202dc2ef955eb44737985e780e1b285e2d26c078bea9af8c4b802e38cad810,SUCCESS,NEEDS_REVIEW
DOC-HFM-A000288,512-《备急千金要方校释》读后的几点商榷（二）,UNKNOWN,UNKNOWN,UNKNOWN,UNKNOWN,UNKNOWN,PDF,ZH,UNKNOWN,HFM-A000288,3,13d114b33043160058f4a67c25060707bdf40f86b5523fd43c96c8646a16dcac,SUCCESS,NEEDS_REVIEW
DOC-HFM-A000289,513-《脉经》脉诊探微,UNKNOWN,UNKNOWN,UNKNOWN,UNKNOWN,UNKNOWN,PDF,ZH,UNKNOWN,HFM-A000289,2,4f8f1825ac2f337f1c63b126deeb4d552b9b9b0de99c883631923b6384596451,SUCCESS,NEEDS_REVIEW
DOC-HFM-A000290,514-浅谈至阳穴治疗胸痹,UNKNOWN,UNKNOWN,UNKNOWN,UNKNOWN,UNKNOWN,PDF,ZH,UNKNOWN,HFM-A000290,1,c7191c255d7a616373ee7ef359dc97c51356a25e18d674fb94f83b35c4443791,SUCCESS,NEEDS_REVIEW
DOC-HFM-A000291,515-粗针平刺身柱穴治疗肌张力增高验案举隅,UNKNOWN,UNKNOWN,UNKNOWN,UNKNOWN,UNKNOWN,PDF,ZH,UNKNOWN,HFM-A000291,1,1f3574f8800e9ab82d2bc2d05b30a5d3b5b9d5641c26f5045200f5a483d50736,SUCCESS,NEEDS_REVIEW
DOC-HFM-A000292,516-耳鸣耳聋从三焦经论治初探,UNKNOWN,UNKNOWN,UNKNOWN,UNKNOWN,UNKNOWN,PDF,ZH,UNKNOWN,HFM-A000292,3,0ba0172ac6ee5480dadc57649940fcb531229dab0ee05616f82ddc5c86db4510,SUCCESS,NEEDS_REVIEW
DOC-HFM-A000293,517-中医中药治愈不孕（IVF准备期间）症验案--李祥云教授临证验案撷英,UNKNOWN,UNKNOWN,UNKNOWN,UNKNOWN,UNKNOWN,PDF,ZH,UNKNOWN,HFM-A000293,2,bd46d94ea6448c178fe03294115672fdf2caf6da4e91693b391592d8a4059161,SUCCESS,NEEDS_REVIEW
DOC-HFM-A000294,518-地仓穴定位探赜,UNKNOWN,UNKNOWN,UNKNOWN,UNKNOWN,UNKNOWN,PDF,ZH,UNKNOWN,HFM-A000294,1,386ce3ffa00562fa56b5b5298abc1411d193d8b260a9bb1694c22866932acad7,SUCCESS,NEEDS_REVIEW
DOC-HFM-A000295,519-风池穴治疗眼疾验案举隅,UNKNOWN,UNKNOWN,UNKNOWN,UNKNOWN,UNKNOWN,PDF,ZH,UNKNOWN,HFM-A000295,2,8a86864cfea496d9f3f17b3a11e9966e7265ef4c803eaa967e79f0188323d635,SUCCESS,NEEDS_REVIEW
DOC-HFM-A000296,52-《针灸甲乙经》皇甫谧序纠谬一则,UNKNOWN,UNKNOWN,UNKNOWN,UNKNOWN,UNKNOWN,PDF,ZH,UNKNOWN,HFM-A000296,4,c08f39b4ab5bf06d1d01ac59ab715968ee6083c35d2a0a9438996785b60711f2,SUCCESS,NEEDS_REVIEW
DOC-HFM-A000297,520-读《黄帝内经》札记(十),UNKNOWN,UNKNOWN,UNKNOWN,UNKNOWN,UNKNOWN,PDF,ZH,UNKNOWN,HFM-A000297,3,bff3a1e95a88f7856e14f62d68e733dba76c60cb64d52dee8c7c940a604a35a2,SUCCESS,NEEDS_REVIEW
DOC-HFM-A000298,521-照海穴在五官疾病中的应用,UNKNOWN,UNKNOWN,UNKNOWN,UNKNOWN,UNKNOWN,PDF,ZH,UNKNOWN,HFM-A000298,2,a49a55a92ec9d02a6cdf37ee8a67fa8550c61d9c289e89d51f702168daf3c6fb,SUCCESS,NEEDS_REVIEW
DOC-HFM-A000299,522-头针疗法为主的临床应用研究进展,UNKNOWN,UNKNOWN,UNKNOWN,UNKNOWN,UNKNOWN,PDF,ZH,UNKNOWN,HFM-A000299,4,355c01a8816fe63988b7c9a505ee7b110fdb6010e1bea24535fdf60eaa6c8bff,SUCCESS,NEEDS_REVIEW
DOC-HFM-A000300,523-一针一灸有奇功——贺新编历史剧《皇甫谧》北京展演成功,UNKNOWN,UNKNOWN,UNKNOWN,UNKNOWN,UNKNOWN,PDF,ZH,UNKNOWN,HFM-A000300,1,42610de3f8c3ef2998ea67606e38d6ded6e30c8fe094c2c9433724453ba935ba,SUCCESS,NEEDS_REVIEW
DOC-HFM-A000301,524-原络配穴及其现代临床应用,UNKNOWN,UNKNOWN,UNKNOWN,UNKNOWN,UNKNOWN,PDF,ZH,UNKNOWN,HFM-A000301,2,330976d8056551dab36c75a8629e599675afe53cbfe25749f671d0b4c257ddb3,SUCCESS,NEEDS_REVIEW
DOC-HFM-A000302,525-水沟穴临证运用举隅,UNKNOWN,UNKNOWN,UNKNOWN,UNKNOWN,UNKNOWN,PDF,ZH,UNKNOWN,HFM-A000302,2,d9521b040ef942fc606293b490254132d6b8cf4ea331402119c969061924bec4,SUCCESS,NEEDS_REVIEW
DOC-HFM-A000303,526-谈_张仲景见王粲_故事之真伪,UNKNOWN,UNKNOWN,UNKNOWN,UNKNOWN,UNKNOWN,PDF,ZH,UNKNOWN,HFM-A000303,2,63a3bc7b3ff56212ed3c81832e778cede3d625172b1677178230f143e6948b61,SUCCESS,NEEDS_REVIEW
DOC-HFM-A000304,527-罗灵松老中医临证经验拾贝,UNKNOWN,UNKNOWN,UNKNOWN,UNKNOWN,UNKNOWN,PDF,ZH,UNKNOWN,HFM-A000304,2,566abe17463db3a0da0e41ba3322ffd28b5c1ddcd3e77f33da9c9b76956e749b,SUCCESS,NEEDS_REVIEW
DOC-HFM-A000305,528-宋人增补《千金要方》内容考证,UNKNOWN,UNKNOWN,UNKNOWN,UNKNOWN,UNKNOWN,PDF,ZH,UNKNOWN,HFM-A000305,3,7485f7cae827ff0fa13360a39f71ef931e881c09e288a3e21deb1359d0bcd988,SUCCESS,NEEDS_REVIEW
DOC-HFM-A000306,529-神阙穴在急症中运用举隅,UNKNOWN,UNKNOWN,UNKNOWN,UNKNOWN,UNKNOWN,PDF,ZH,UNKNOWN,HFM-A000306,2,1cd6798e80207ab572985fc54d08d4af56bb1c8aa2b8da3ef469bfadf488a7a4,SUCCESS,NEEDS_REVIEW
DOC-HFM-A000307,530-四肢部古代解剖学名词今译,UNKNOWN,UNKNOWN,UNKNOWN,UNKNOWN,UNKNOWN,PDF,ZH,UNKNOWN,HFM-A000307,3,417b38718f123b943ba5548bbe20ca6bee645a29c90bdc76a65e82d7ab5f186d,SUCCESS,NEEDS_REVIEW
DOC-HFM-A000308,531-头针的临床应用与研究进展,UNKNOWN,UNKNOWN,UNKNOWN,UNKNOWN,UNKNOWN,PDF,ZH,UNKNOWN,HFM-A000308,3,c497a2757679190300118aa88e058f448558502248e196c61f16b3d2e6521afc,SUCCESS,NEEDS_REVIEW
DOC-HFM-A000309,532-李平教授水沟穴治验举隅,UNKNOWN,UNKNOWN,UNKNOWN,UNKNOWN,UNKNOWN,PDF,ZH,UNKNOWN,HFM-A000309,3,635ffb66f8274174ce4e495a9a1c5f170f43db41a30727023e5c488bc3ef64eb,SUCCESS,NEEDS_REVIEW
DOC-HFM-A000310,533-论运气_七篇大论_与《素问》的关系,UNKNOWN,UNKNOWN,UNKNOWN,UNKNOWN,UNKNOWN,PDF,ZH,UNKNOWN,HFM-A000310,2,7bd620b57ab9805e0dc8526bd9b6ec3c22dbc4710bb7d70bb9bdfaa6bab95a39,SUCCESS,NEEDS_REVIEW
DOC-HFM-A000311,534-古代文献中百会穴的记载,UNKNOWN,UNKNOWN,UNKNOWN,UNKNOWN,UNKNOWN,PDF,ZH,UNKNOWN,HFM-A000311,2,9707e44670ced5af0918f2ea628af8141cff24892f6270a5c6a7b511a28ce335,SUCCESS,NEEDS_REVIEW
DOC-HFM-A000312,535-合谷配穴谈,UNKNOWN,UNKNOWN,UNKNOWN,UNKNOWN,UNKNOWN,PDF,ZH,UNKNOWN,HFM-A000312,2,8895e836eacba99ce10cb13d334671d4ef88d8962e26a1e0def2d95b03fad7ea,SUCCESS,NEEDS_REVIEW
DOC-HFM-A000313,536-《黄帝内经》论经络学说浅析(下),UNKNOWN,UNKNOWN,UNKNOWN,UNKNOWN,UNKNOWN,PDF,ZH,UNKNOWN,HFM-A000313,4,db29443d377e0356d781baa1ab95a14c50586266f9040ea483ddd52c2c315b11,SUCCESS,NEEDS_REVIEW
DOC-HFM-A000314,537-浅析十二原穴主治作用,UNKNOWN,UNKNOWN,UNKNOWN,UNKNOWN,UNKNOWN,PDF,ZH,UNKNOWN,HFM-A000314,3,8270365c94041b2e49c955eb76d813a58064b3772ab8ee7826377bfcc5f1d8e8,SUCCESS,NEEDS_REVIEW
DOC-HFM-A000315,538-宋以前中医小儿外治法发展概述,UNKNOWN,UNKNOWN,UNKNOWN,UNKNOWN,UNKNOWN,PDF,ZH,UNKNOWN,HFM-A000315,4,f21089701acc470b67fb77aec39bc7991a74b691aebdc40f7c8790cbee61bba9,SUCCESS,NEEDS_REVIEW
DOC-HFM-A000316,539-杨骏教授运用益气养血通络法治疗格林-巴利综合征的经验,UNKNOWN,UNKNOWN,UNKNOWN,UNKNOWN,UNKNOWN,PDF,ZH,UNKNOWN,HFM-A000316,3,38a65f6935a5e186a1226820cbff09c5aa745c563f46da33969b9b17b9f2d780,SUCCESS,NEEDS_REVIEW
DOC-HFM-A000317,54-《黄帝针灸甲乙经》论治妇科疾病浅释,UNKNOWN,UNKNOWN,UNKNOWN,UNKNOWN,UNKNOWN,PDF,ZH,UNKNOWN,HFM-A000317,3,293f47f6f5dc121c5717da8882d70b94ad1dbd7d978f11ad6a8783a4669eb1f7,SUCCESS,NEEDS_REVIEW
DOC-HFM-A000318,540-点按手三里治疗急性腹痛的机制探讨,UNKNOWN,UNKNOWN,UNKNOWN,UNKNOWN,UNKNOWN,PDF,ZH,UNKNOWN,HFM-A000318,3,693519f2b6c9e31555f58bac3ddcacce3da2490bf84bdda2478adc94b510a977,SUCCESS,NEEDS_REVIEW
DOC-HFM-A000319,541-针药并治老年性肺炎验案一则探析,UNKNOWN,UNKNOWN,UNKNOWN,UNKNOWN,UNKNOWN,PDF,ZH,UNKNOWN,HFM-A000319,2,5959d957144dc6fd1ccc6e7b3a6df09f246e41fd73c90b934095b6491e9a032e,SUCCESS,NEEDS_REVIEW
DOC-HFM-A000320,542-杨骏教授应用滋肾益髓法治疗亨廷顿舞蹈病经验,UNKNOWN,UNKNOWN,UNKNOWN,UNKNOWN,UNKNOWN,PDF,ZH,UNKNOWN,HFM-A000320,3,3f482597bcb7856432fd3f6fbdf5eb763564e299b38398a38d39fad6b60d05ad,SUCCESS,NEEDS_REVIEW
DOC-HFM-A000321,543-浅谈人体的阴阳五行,UNKNOWN,UNKNOWN,UNKNOWN,UNKNOWN,UNKNOWN,PDF,ZH,UNKNOWN,HFM-A000321,1,248ddbb75fa438e0fac072a9ff587588d484516673745f4b6ed8205f588c9027,SUCCESS,NEEDS_REVIEW
DOC-HFM-A000322,544-睛明穴的解剖学研究及针刺应用,UNKNOWN,UNKNOWN,UNKNOWN,UNKNOWN,UNKNOWN,PDF,ZH,UNKNOWN,HFM-A000322,2,081c24e35b81c370d9b0c0c1b1202a8a48327309754dbc4ae55170d5d521d9bd,SUCCESS,NEEDS_REVIEW
DOC-HFM-A000323,545-略论_缪刺_与_巨刺_,UNKNOWN,UNKNOWN,UNKNOWN,UNKNOWN,UNKNOWN,PDF,ZH,UNKNOWN,HFM-A000323,2,d0ed848cc554aef54ca13f597699fa5a64db050ba5649678cab008db6e84ea53,SUCCESS,NEEDS_REVIEW
DOC-HFM-A000324,546-古朝(zh(u))那县址及皇甫谧籍贯又考,UNKNOWN,UNKNOWN,UNKNOWN,UNKNOWN,UNKNOWN,PDF,ZH,UNKNOWN,HFM-A000324,2,e22c22c24ff799105d1a8d5b32e58cf257fbace92b39739ea18e5a413d3bfe28,SUCCESS,NEEDS_REVIEW
DOC-HFM-A000325,547-胸痹心痛的病名演变,UNKNOWN,UNKNOWN,UNKNOWN,UNKNOWN,UNKNOWN,PDF,ZH,UNKNOWN,HFM-A000325,4,6c8c1480bebde814f5ea04b2dcec688ae147661630bd871932ffb96787eebd73,SUCCESS,NEEDS_REVIEW
DOC-HFM-A000326,548-针刺长强穴为主治疗神经系统疾病验案2则,UNKNOWN,UNKNOWN,UNKNOWN,UNKNOWN,UNKNOWN,PDF,ZH,UNKNOWN,HFM-A000326,2,15e26bcba52b7987c34d6e2f9702fcb2a80731fb16eefd8c9d9c8977000ebb37,SUCCESS,NEEDS_REVIEW
DOC-HFM-A000327,549-关于髓会所在的思考,UNKNOWN,UNKNOWN,UNKNOWN,UNKNOWN,UNKNOWN,PDF,ZH,UNKNOWN,HFM-A000327,4,2a4536b6f02cd00ec1412bfa6993f35fe7663f10321f77fd5130dfeb41b09944,SUCCESS,NEEDS_REVIEW
DOC-HFM-A000328,55-《针灸甲乙经》中心痛的疗法特点分析,UNKNOWN,UNKNOWN,UNKNOWN,UNKNOWN,UNKNOWN,PDF,ZH,UNKNOWN,HFM-A000328,2,b845cb6a3367f1920f3e9af383d87d66ae444b00a3e379c93124d4cd4b8d481f,SUCCESS,NEEDS_REVIEW
DOC-HFM-A000329,550-王冰次注《素问》条例简析,UNKNOWN,UNKNOWN,UNKNOWN,UNKNOWN,UNKNOWN,PDF,ZH,UNKNOWN,HFM-A000329,2,7e8a41220decfc505b14148a25ba9ff2f0f9615e240a0a05ef2c25886508a76c,SUCCESS,NEEDS_REVIEW
DOC-HFM-A000330,551-浅谈人迎穴的应用,UNKNOWN,UNKNOWN,UNKNOWN,UNKNOWN,UNKNOWN,PDF,ZH,UNKNOWN,HFM-A000330,3,21a200427042d3c1333dad77ca11f69a5d1e5f0cf4392453f75d334ce9502a6b,SUCCESS,NEEDS_REVIEW
DOC-HFM-A000331,552-环跳穴的临床应用,UNKNOWN,UNKNOWN,UNKNOWN,UNKNOWN,UNKNOWN,PDF,ZH,UNKNOWN,HFM-A000331,2,9eb02cd42ceaf048c60fe73913a5e119a49a466217dfa0ed98eaca15f8c4ede6,SUCCESS,NEEDS_REVIEW
DOC-HFM-A000332,553-古《明堂经》考析,UNKNOWN,UNKNOWN,UNKNOWN,UNKNOWN,UNKNOWN,PDF,ZH,UNKNOWN,HFM-A000332,3,d461b067850595c82ab7ec25c21c04777e54f49dc3446b30f0d45e22cb518ce4,SUCCESS,NEEDS_REVIEW
DOC-HFM-A000333,554-瘢痕灸预防脑血管病的复发,UNKNOWN,UNKNOWN,UNKNOWN,UNKNOWN,UNKNOWN,PDF,ZH,UNKNOWN,HFM-A000333,1,aa358c2a32b10045df205a2e3010cce180638ff9d181b03370ed2369a49bdf8d,SUCCESS,NEEDS_REVIEW
DOC-HFM-A000334,555-完骨穴的临床应用举隅,UNKNOWN,UNKNOWN,UNKNOWN,UNKNOWN,UNKNOWN,PDF,ZH,UNKNOWN,HFM-A000334,1,04d64c4f483a63acbab8be3fa7736d50cfb700e9f58d6f0d0dfa4f356ce81d25,SUCCESS,NEEDS_REVIEW
DOC-HFM-A000335,556-百会穴的临床应用浅析,UNKNOWN,UNKNOWN,UNKNOWN,UNKNOWN,UNKNOWN,PDF,ZH,UNKNOWN,HFM-A000335,2,9c4414e8a9d7489bcafcbbc1e3fcd708e2900bc4052898284d71c325732ca623,SUCCESS,NEEDS_REVIEW
DOC-HFM-A000336,557-析哑门穴,UNKNOWN,UNKNOWN,UNKNOWN,UNKNOWN,UNKNOWN,PDF,ZH,UNKNOWN,HFM-A000336,2,81de3c8d2805397dd933a827c1233a53718d840b9126b1e6295ef55286730c74,SUCCESS,NEEDS_REVIEW
DOC-HFM-A000337,558-穴法派的形成与发展,UNKNOWN,UNKNOWN,UNKNOWN,UNKNOWN,UNKNOWN,PDF,ZH,UNKNOWN,HFM-A000337,2,1ada58bae1b9cdf7e957d3aad68a5c9bb1765ea2c85311a4d318c7ba3df6ca85,SUCCESS,NEEDS_REVIEW
DOC-HFM-A000338,559-独取神阙穴临床应用体会,UNKNOWN,UNKNOWN,UNKNOWN,UNKNOWN,UNKNOWN,PDF,ZH,UNKNOWN,HFM-A000338,2,921b3f594875d2e54f77410c854ab56f36c101e281d3ddfd0e8791936673cbf0,SUCCESS,NEEDS_REVIEW
DOC-HFM-A000339,56-浅析《针灸甲乙经》中带下病的针灸治疗,UNKNOWN,UNKNOWN,UNKNOWN,UNKNOWN,UNKNOWN,PDF,ZH,UNKNOWN,HFM-A000339,3,fd07c9cdd0eb86d2ec6337e65bdb2321bcc7d6360f36a428f0a3e6146b42f1aa,SUCCESS,NEEDS_REVIEW
DOC-HFM-A000340,560-化脓灸疗法临床应用及研究概况,UNKNOWN,UNKNOWN,UNKNOWN,UNKNOWN,UNKNOWN,PDF,ZH,UNKNOWN,HFM-A000340,4,866fdec73b823a7a7438817edf58e39ef6e1c577410af8c2917ee5687780ec94,SUCCESS,NEEDS_REVIEW
DOC-HFM-A000341,561-支沟穴的临床应用体会,UNKNOWN,UNKNOWN,UNKNOWN,UNKNOWN,UNKNOWN,PDF,ZH,UNKNOWN,HFM-A000341,2,0af059c31f507dcef54f6aa20d901f323bd6caff5ec6cda54f06230c0217f9be,SUCCESS,NEEDS_REVIEW
DOC-HFM-A000342,563-调达全身阴阳气血之会——大椎穴,UNKNOWN,UNKNOWN,UNKNOWN,UNKNOWN,UNKNOWN,PDF,ZH,UNKNOWN,HFM-A000342,2,026b5754193fc59adaf95a0a5beb5350965fe3e4f10f63b8fdcdebb078045360,SUCCESS,NEEDS_REVIEW
DOC-HFM-A000343,564-临床放血疗法举隅,UNKNOWN,UNKNOWN,UNKNOWN,UNKNOWN,UNKNOWN,PDF,ZH,UNKNOWN,HFM-A000343,3,7ba95966f9651c824c3a7011b14fb5b23d52b84387fd7cf2ddbd0b13af6e603e,SUCCESS,NEEDS_REVIEW
DOC-HFM-A000344,565-率然之谷解头痛,UNKNOWN,UNKNOWN,UNKNOWN,UNKNOWN,UNKNOWN,PDF,ZH,UNKNOWN,HFM-A000344,3,b63d385cd151965edda5d80fded4461e9a981431696e48058fcc63e43baeeace,SUCCESS,NEEDS_REVIEW
DOC-HFM-A000345,566-从郄穴论治带状疱疹急性期疼痛的思路探析,UNKNOWN,UNKNOWN,UNKNOWN,UNKNOWN,UNKNOWN,PDF,ZH,UNKNOWN,HFM-A000345,3,a7615170e9888336a5042c62b757de8d8de69000f3037cb3de129d7f3cf57647,SUCCESS,NEEDS_REVIEW
DOC-HFM-A000346,567-强健人体_根基_——_建里穴,UNKNOWN,UNKNOWN,UNKNOWN,UNKNOWN,UNKNOWN,PDF,ZH,UNKNOWN,HFM-A000346,3,16376faf33f792fa77ac1293fed4487588c93d1c0d9b0ba6cfb01adb052d7365,SUCCESS,NEEDS_REVIEW
DOC-HFM-A000347,568-关于龈交穴与上唇系带的探讨,UNKNOWN,UNKNOWN,UNKNOWN,UNKNOWN,UNKNOWN,PDF,ZH,UNKNOWN,HFM-A000347,4,4f8cf25e5b73cc8857e3687983e3bdae03be4b3006e309ecb098ad8d79bf505b,SUCCESS,NEEDS_REVIEW
DOC-HFM-A000348,569-肾经然谷六的效用,UNKNOWN,UNKNOWN,UNKNOWN,UNKNOWN,UNKNOWN,PDF,ZH,UNKNOWN,HFM-A000348,3,366799a1257e34e63f8021d8a07b0ef460b3ee15aae047cf3edd8e0547310ec0,SUCCESS,NEEDS_REVIEW
DOC-HFM-A000349,57-《针灸甲乙经》治热病选穴规律探析,UNKNOWN,UNKNOWN,UNKNOWN,UNKNOWN,UNKNOWN,PDF,ZH,UNKNOWN,HFM-A000349,3,0b6872d436c8a04df6e06b26284c151499429676d9437c5cf2cd3302e9593140,SUCCESS,NEEDS_REVIEW
DOC-HFM-A000350,"570-巧用穴位,护眼养",UNKNOWN,UNKNOWN,UNKNOWN,UNKNOWN,UNKNOWN,PDF,ZH,UNKNOWN,HFM-A000350,3,4957dfb61fa4fc6cd4e4df8a967f1567857d0ffa57e25a77c7b0ea0e936d8360,SUCCESS,NEEDS_REVIEW
DOC-HFM-A000351,571-浅析环跳取穴与针刺特点,UNKNOWN,UNKNOWN,UNKNOWN,UNKNOWN,UNKNOWN,PDF,ZH,UNKNOWN,HFM-A000351,2,f30f615025af55ed6a1d44ab3c9e93e63f93ea5940eb3c8d9eadff791011989f,SUCCESS,NEEDS_REVIEW
DOC-HFM-A000352,572-火针在皮肤病中的临床应用,UNKNOWN,UNKNOWN,UNKNOWN,UNKNOWN,UNKNOWN,PDF,ZH,UNKNOWN,HFM-A000352,3,773dd52a43570ffbebda1d1bcefcf0c8cbe23d7d84dbfdca4b6552cd8dea416f,SUCCESS,NEEDS_REVIEW
DOC-HFM-A000353,573经络和穴位是如何发现的_,UNKNOWN,UNKNOWN,UNKNOWN,UNKNOWN,UNKNOWN,PDF,ZH,UNKNOWN,HFM-A000353,1,4ccdaf48d1eeedc2c7a804a8c5a325b3b4ebffb3de97ec6ba3d999d21a9ac226,SUCCESS,NEEDS_REVIEW
DOC-HFM-A000354,574-腹结穴的临床应用,UNKNOWN,UNKNOWN,UNKNOWN,UNKNOWN,UNKNOWN,PDF,ZH,UNKNOWN,HFM-A000354,2,c17d479895728cf40edefe93be6af27e7a1860154918a7cf4271e37fce188b1b,SUCCESS,NEEDS_REVIEW
DOC-HFM-A000355,575-_脱疽_的历史演变及现代意义,UNKNOWN,UNKNOWN,UNKNOWN,UNKNOWN,UNKNOWN,PDF,ZH,UNKNOWN,HFM-A000355,5,41093bc53cc58d2a1157c659900fd384d259d3dd46ca3aab88b0595c880f685f,SUCCESS,NEEDS_REVIEW
DOC-HFM-A000356,576-身柱穴的临床蜂针治疗功用,UNKNOWN,UNKNOWN,UNKNOWN,UNKNOWN,UNKNOWN,PDF,ZH,UNKNOWN,HFM-A000356,2,72dda9cd1e4ee6d05824efe62f83b1ca8991851236825f2adfe70571ce1789af,SUCCESS,NEEDS_REVIEW
DOC-HFM-A000357,577-《灵枢·刺节真邪》古诗《凡刺痈邪勿迎陇》义证,UNKNOWN,UNKNOWN,UNKNOWN,UNKNOWN,UNKNOWN,PDF,ZH,UNKNOWN,HFM-A000357,3,868191748b5fd797b98e9756ef4b071d587acdf3966871879a8bf16205d58eea,SUCCESS,NEEDS_REVIEW
DOC-HFM-A000358,578关于胸部胃经循行与其经穴关系的思考,UNKNOWN,UNKNOWN,UNKNOWN,UNKNOWN,UNKNOWN,PDF,ZH,UNKNOWN,HFM-A000358,2,18db4a023a882cab801076372c403eff8d266e1706b53b77178b67f9789a5d8a,SUCCESS,NEEDS_REVIEW
DOC-HFM-A000359,579-风池穴临床应用研究,UNKNOWN,UNKNOWN,UNKNOWN,UNKNOWN,UNKNOWN,PDF,ZH,UNKNOWN,HFM-A000359,2,c4840d18c0dd4b83d306e18299427154d7ec7f135799024b91df9f1732e73de3,SUCCESS,NEEDS_REVIEW
DOC-HFM-A000360,58-《针灸甲乙经》_知__纂_考,UNKNOWN,UNKNOWN,UNKNOWN,UNKNOWN,UNKNOWN,PDF,ZH,UNKNOWN,HFM-A000360,3,f08f16a24383ba3516da57ed4c7110346f3bd0c4e1ef11f6b7aee87db2acb4f4,SUCCESS,NEEDS_REVIEW
DOC-HFM-A000361,581-医圣_张仲景,UNKNOWN,UNKNOWN,UNKNOWN,UNKNOWN,UNKNOWN,PDF,ZH,UNKNOWN,HFM-A000361,2,08ac580cbfff3b4a48cbde3a3bdd01e5c39bec556a72a84971d11e0b55f81293,SUCCESS,NEEDS_REVIEW
DOC-HFM-A000362,582-远道取穴法临床运用三则,UNKNOWN,UNKNOWN,UNKNOWN,UNKNOWN,UNKNOWN,PDF,ZH,UNKNOWN,HFM-A000362,2,40a8a95dca8e2186093ee599860add103616e64cb3090548d2415b56f747cff2,SUCCESS,NEEDS_REVIEW
DOC-HFM-A000363,583-以前带下病症文献整理研究,UNKNOWN,UNKNOWN,UNKNOWN,UNKNOWN,UNKNOWN,PDF,ZH,UNKNOWN,HFM-A000363,4,800ce73646652572779671735ebfe82805eacae0d8999f3df414f25c4b210eb4,SUCCESS,NEEDS_REVIEW
DOC-HFM-A000364,584-浅谈人迎穴治疗咽部疾病,UNKNOWN,UNKNOWN,UNKNOWN,UNKNOWN,UNKNOWN,PDF,ZH,UNKNOWN,HFM-A000364,1,7eda13e6efd95cbda03121efec9d6ab8697a193a838641465660a6d38b51dadd,SUCCESS,NEEDS_REVIEW
DOC-HFM-A000365,585-周庆教授舌针临床经验撷要,UNKNOWN,UNKNOWN,UNKNOWN,UNKNOWN,UNKNOWN,PDF,ZH,UNKNOWN,HFM-A000365,2,088e0b15048bc0bde8cbccd1cd7b87e921f30432fa21aaa21e93ecf2fe3fc62d,SUCCESS,NEEDS_REVIEW
DOC-HFM-A000366,586-从肾虚角度探究痴呆的病因病机,UNKNOWN,UNKNOWN,UNKNOWN,UNKNOWN,UNKNOWN,PDF,ZH,UNKNOWN,HFM-A000366,2,ceccba14a2843619cb073ab92d7382b41ec502f9246d6c7b03662d97b6a039cd,SUCCESS,NEEDS_REVIEW
DOC-HFM-A000367,587-王丽平巧用率谷穴_一穴三透法_治疗不同疾病,UNKNOWN,UNKNOWN,UNKNOWN,UNKNOWN,UNKNOWN,PDF,ZH,UNKNOWN,HFM-A000367,1,bdeb3e04f4c8937eac0ec3ff977d60c4df7b6c86c48ae07265fb7ae6643dc24d,SUCCESS,NEEDS_REVIEW
DOC-HFM-A000368,588-三阴交穴临床应用举隅,UNKNOWN,UNKNOWN,UNKNOWN,UNKNOWN,UNKNOWN,PDF,ZH,UNKNOWN,HFM-A000368,1,ecf5c29430dcbac739603fd9d607b49eebd7d39fa24899b7186dfc3e7e4d73e1,SUCCESS,NEEDS_REVIEW
DOC-HFM-A000369,589-试论_经脉、络脉是同时运行的两套系统_,UNKNOWN,UNKNOWN,UNKNOWN,UNKNOWN,UNKNOWN,PDF,ZH,UNKNOWN,HFM-A000369,4,512d8455872441d7dd345c486fd5797450f73c2979cdbf3496ef756191f9665b,SUCCESS,NEEDS_REVIEW
DOC-HFM-A000370,59-《针灸甲乙经》对咳嗽的疗法特点分析,UNKNOWN,UNKNOWN,UNKNOWN,UNKNOWN,UNKNOWN,PDF,ZH,UNKNOWN,HFM-A000370,2,7dd176e9111521d465c09474f1eefaef2a071dbe1ccd4feaa7656f33e3d00f2c,SUCCESS,NEEDS_REVIEW
DOC-HFM-A000371,590-浅谈中药的煎服方法,UNKNOWN,UNKNOWN,UNKNOWN,UNKNOWN,UNKNOWN,PDF,ZH,UNKNOWN,HFM-A000371,2,b8135139856a2481f195a20b94adad2c6bd11fcbc309cb52ddd53036045ee018,SUCCESS,NEEDS_REVIEW
DOC-HFM-A000372,591-针刺中脘穴治疗胃痛83例,UNKNOWN,UNKNOWN,UNKNOWN,UNKNOWN,UNKNOWN,PDF,ZH,UNKNOWN,HFM-A000372,1,9b45a763a62c17bd7cf8b0b9c278d27abdd502e3156e06a87ad42649e6205eca,SUCCESS,NEEDS_REVIEW
DOC-HFM-A000373,592-中药煎煮的正确方法与注意事项,UNKNOWN,UNKNOWN,UNKNOWN,UNKNOWN,UNKNOWN,PDF,ZH,UNKNOWN,HFM-A000373,2,2cc067209af255d5bd5fead607fe9b87d665bd727c7fc7903b6124953be6aae4,SUCCESS,NEEDS_REVIEW
DOC-HFM-A000374,593-上星穴浅析,UNKNOWN,UNKNOWN,UNKNOWN,UNKNOWN,UNKNOWN,PDF,ZH,UNKNOWN,HFM-A000374,1,35fc6c5927ce13d126d0547d28e0970594df53024dc9c561b3312c58a246a125,SUCCESS,NEEDS_REVIEW
DOC-HFM-A000375,594-悬钟穴的临床应用,UNKNOWN,UNKNOWN,UNKNOWN,UNKNOWN,UNKNOWN,PDF,ZH,UNKNOWN,HFM-A000375,2,3ab2991cbbe2e7c9c19065a0f8dd10a14a35b3ea757203c0e654bcc856ba3406,SUCCESS,NEEDS_REVIEW
DOC-HFM-A000376,595-浅析迎香穴治疗胆道蛔虫症,UNKNOWN,UNKNOWN,UNKNOWN,UNKNOWN,UNKNOWN,PDF,ZH,UNKNOWN,HFM-A000376,2,f70ece199c28dba0bbbf418d65e3b05def0ce92d3e3bd6c702184ee9c9377749,SUCCESS,NEEDS_REVIEW
DOC-HFM-A000377,596-浅谈神阙穴拔罐养生,UNKNOWN,UNKNOWN,UNKNOWN,UNKNOWN,UNKNOWN,PDF,ZH,UNKNOWN,HFM-A000377,1,e7ac4e6ac90453cc0cc9b8e815af3371efdfd76578e5d855292f15ac8523d634,SUCCESS,NEEDS_REVIEW
DOC-HFM-A000378,597-皇甫谧哲学思想刍议,UNKNOWN,UNKNOWN,UNKNOWN,UNKNOWN,UNKNOWN,PDF,ZH,UNKNOWN,HFM-A000378,2,dd5a1a7ececea5405d284f5a9b0a3a2a855938ba3e85e474fef3d20290150eeb,SUCCESS,NEEDS_REVIEW
DOC-HFM-A000379,598-悬钟穴临床应用举隅,UNKNOWN,UNKNOWN,UNKNOWN,UNKNOWN,UNKNOWN,PDF,ZH,UNKNOWN,HFM-A000379,3,77e4309812667bc475bcad335c3b0a22f61362ebfb3a386f011df63ba3d591e9,SUCCESS,NEEDS_REVIEW
DOC-HFM-A000380,599-针刺治疗奔豚气1例,UNKNOWN,UNKNOWN,UNKNOWN,UNKNOWN,UNKNOWN,PDF,ZH,UNKNOWN,HFM-A000380,1,3d811026b8a8eaa0c8bdcbc19d71a38d8099b071d8ef89798c76d8e8dbb46fe7,SUCCESS,NEEDS_REVIEW
DOC-HFM-A000381,6-《针灸甲乙经》针灸禁忌浅析,UNKNOWN,UNKNOWN,UNKNOWN,UNKNOWN,UNKNOWN,PDF,ZH,UNKNOWN,HFM-A000381,3,65388529561c65aa1b07ade389f77e7b2ec2980a6d880279587f4cd006d9c512,SUCCESS,NEEDS_REVIEW
DOC-HFM-A000382,60-浅析《针灸甲乙经》中蕴含的调和思想,UNKNOWN,UNKNOWN,UNKNOWN,UNKNOWN,UNKNOWN,PDF,ZH,UNKNOWN,HFM-A000382,3,9df2cf95a87ffabd262110273c6173f81cfdb7f6abcfe9cb396c4b6364196103,SUCCESS,NEEDS_REVIEW
DOC-HFM-A000383,600-刘衡如《灵枢经》校注的成就,UNKNOWN,UNKNOWN,UNKNOWN,UNKNOWN,UNKNOWN,PDF,ZH,UNKNOWN,HFM-A000383,2,85bac49aee76e9b90c5d9edddfd47f556005600fe80e6d8f676549ae5bc31d7b,SUCCESS,NEEDS_REVIEW
DOC-HFM-A000384,601-矢志苦学皇甫谧终成大家,UNKNOWN,UNKNOWN,UNKNOWN,UNKNOWN,UNKNOWN,PDF,ZH,UNKNOWN,HFM-A000384,1,42f991dd4785ab6160c7aac5c7d3da2878fcbcebfce5d8517c682df35257a549,SUCCESS,NEEDS_REVIEW
DOC-HFM-A000385,602-《伤寒论》针刺取穴与配穴浅析,UNKNOWN,UNKNOWN,UNKNOWN,UNKNOWN,UNKNOWN,PDF,ZH,UNKNOWN,HFM-A000385,2,70be421e8f673e68d05565ad7630d56cdf31189d36f3af361c432be111305094,SUCCESS,NEEDS_REVIEW
DOC-HFM-A000386,603-百会穴的临证应用及实验研究,UNKNOWN,UNKNOWN,UNKNOWN,UNKNOWN,UNKNOWN,PDF,ZH,UNKNOWN,HFM-A000386,3,03781d6b21812e852bbc848acc35ffd7c407f02af4fb09f4bef10a25f7d5463a,SUCCESS,NEEDS_REVIEW
DOC-HFM-A000387,604-风门穴的临床应用,UNKNOWN,UNKNOWN,UNKNOWN,UNKNOWN,UNKNOWN,PDF,ZH,UNKNOWN,HFM-A000387,1,ac69b25d7bd228f5ff1480c1f6832283281a370f1afa5dfa4967919d533607e7,SUCCESS,NEEDS_REVIEW
DOC-HFM-A000388,605-刘冠军针挑疗法治验介绍,UNKNOWN,UNKNOWN,UNKNOWN,UNKNOWN,UNKNOWN,PDF,ZH,UNKNOWN,HFM-A000388,2,16d8db411fc98ea8897de51743e9c719f496b016eb9b408f2725ec7bb87d1462,SUCCESS,NEEDS_REVIEW
DOC-HFM-A000389,607-下关穴的应用,UNKNOWN,UNKNOWN,UNKNOWN,UNKNOWN,UNKNOWN,PDF,ZH,UNKNOWN,HFM-A000389,1,128219c665e7bc914fc67dcfda28deb46e4dd28a0c85610f310ef6f6ba11aabd,SUCCESS,NEEDS_REVIEW
DOC-HFM-A000390,608-环跳穴的应用,UNKNOWN,UNKNOWN,UNKNOWN,UNKNOWN,UNKNOWN,PDF,ZH,UNKNOWN,HFM-A000390,2,57d146571a3bbc9b4e0b75f1a62df072a1db54c686a9aec8f88995a2c8c38605,SUCCESS,NEEDS_REVIEW
DOC-HFM-A000391,609-左病治右_法临床运用概况,UNKNOWN,UNKNOWN,UNKNOWN,UNKNOWN,UNKNOWN,PDF,ZH,UNKNOWN,HFM-A000391,3,812344e42aa7a4e32248ef8d5810cb4ad7c155484895c3ec4cd1e31330d26f95,SUCCESS,NEEDS_REVIEW
DOC-HFM-A000392,61-浅析《针灸甲乙经》之郄穴的价值,UNKNOWN,UNKNOWN,UNKNOWN,UNKNOWN,UNKNOWN,PDF,ZH,UNKNOWN,HFM-A000392,4,68e583c42aae35737b0c33f660e16e5871634085e38bae0cd9d771d9cd9e0a22,SUCCESS,NEEDS_REVIEW
DOC-HFM-A000393,610-缪刺_与_巨刺_辨析,UNKNOWN,UNKNOWN,UNKNOWN,UNKNOWN,UNKNOWN,PDF,ZH,UNKNOWN,HFM-A000393,2,f0d5b396d72d9a77dd9bbee1650c6b86f6e5cc69a989e1b0cc8e0f97786842cc,SUCCESS,NEEDS_REVIEW
DOC-HFM-A000394,611-翳风穴及其临床应用,UNKNOWN,UNKNOWN,UNKNOWN,UNKNOWN,UNKNOWN,PDF,ZH,UNKNOWN,HFM-A000394,2,93cc22214961e3ef4f789f945f0fe22353c5e17e5e9dda3f0d44efa88c3f4a35,SUCCESS,NEEDS_REVIEW
DOC-HFM-A000395,612-背腧穴浅析,UNKNOWN,UNKNOWN,UNKNOWN,UNKNOWN,UNKNOWN,PDF,ZH,UNKNOWN,HFM-A000395,2,e23299dd1f4c048fb63696437e0e3501d98d1c7938e54bec83bf81b18613df69,SUCCESS,NEEDS_REVIEW
DOC-HFM-A000396,613-五输穴的临床应用,UNKNOWN,UNKNOWN,UNKNOWN,UNKNOWN,UNKNOWN,PDF,ZH,UNKNOWN,HFM-A000396,3,6faf68d0258a76f59d94fd64f603435518e0bbb9632f4ac9dc4c3171ef607745,SUCCESS,NEEDS_REVIEW
DOC-HFM-A000397,614-中药剂型改革的现状及思考,UNKNOWN,UNKNOWN,UNKNOWN,UNKNOWN,UNKNOWN,PDF,ZH,UNKNOWN,HFM-A000397,3,5a4501277b9df9d4f7a10ab2673d1de3a888b3254444fdd4ae043a9133264968,SUCCESS,NEEDS_REVIEW
DOC-HFM-A000398,615-肝经取穴治疗腰椎骨质增生76例,UNKNOWN,UNKNOWN,UNKNOWN,UNKNOWN,UNKNOWN,PDF,ZH,UNKNOWN,HFM-A000398,2,f4bd777dc0afb374ef556835b73e5ea9a4df825be27c4d246c97f7e806e43ccd,SUCCESS,NEEDS_REVIEW
DOC-HFM-A000399,616-张灿玾对经典医籍研究的贡献,UNKNOWN,UNKNOWN,UNKNOWN,UNKNOWN,UNKNOWN,PDF,ZH,UNKNOWN,HFM-A000399,3,310227754a7f27a401618f5f25a0d542f32ba877827da12fda9601fd943ff973,SUCCESS,NEEDS_REVIEW
DOC-HFM-A000400,617-临床放血疗法举隅,UNKNOWN,UNKNOWN,UNKNOWN,UNKNOWN,UNKNOWN,PDF,ZH,UNKNOWN,HFM-A000400,3,b7ed1f193daaca9b95e9f9cb00798215724596c2f32979f9cdeb2a0aacb0e794,SUCCESS,NEEDS_REVIEW
DOC-HFM-A000401,618-率然之谷解头痛,UNKNOWN,UNKNOWN,UNKNOWN,UNKNOWN,UNKNOWN,PDF,ZH,UNKNOWN,HFM-A000401,3,b11f51157470c658287ec3c8285d6aa912e61e81407d917c9bbfe6479875bb85,SUCCESS,NEEDS_REVIEW
DOC-HFM-A000402,619-从郄穴论治带状疱疹急性期疼痛的思路探析,UNKNOWN,UNKNOWN,UNKNOWN,UNKNOWN,UNKNOWN,PDF,ZH,UNKNOWN,HFM-A000402,3,f81cbd22140a3d18af5b05f1736547b7cd316a43e39741184df33d0daf4597ee,SUCCESS,NEEDS_REVIEW
DOC-HFM-A000403,62-建国后出版的《针灸甲乙经》目录学梳理,UNKNOWN,UNKNOWN,UNKNOWN,UNKNOWN,UNKNOWN,PDF,ZH,UNKNOWN,HFM-A000403,3,732fd8dfc31510c2ac6965bb4107a30b1a13079745eff08b3ed0f52e6143a40e,SUCCESS,NEEDS_REVIEW
DOC-HFM-A000404,620-强健人体_根基_——_建里穴,UNKNOWN,UNKNOWN,UNKNOWN,UNKNOWN,UNKNOWN,PDF,ZH,UNKNOWN,HFM-A000404,3,b93d0b5cbeed6365e446869066de64cc9aa4a6d35f1bd04e920d196c82d0f167,SUCCESS,NEEDS_REVIEW
DOC-HFM-A000405,621-关于龈交穴与上唇系带的探讨,UNKNOWN,UNKNOWN,UNKNOWN,UNKNOWN,UNKNOWN,PDF,ZH,UNKNOWN,HFM-A000405,4,1a92fbb830cdfbfe83aa7340879ceab79d444993e4952b63fa4fe95d58ede9d1,SUCCESS,NEEDS_REVIEW
DOC-HFM-A000406,622-肾经然谷六的效用,UNKNOWN,UNKNOWN,UNKNOWN,UNKNOWN,UNKNOWN,PDF,ZH,UNKNOWN,HFM-A000406,3,4766d17e95cdbef3c3503751c9f041b776191f56721e13cf334fd071ccf4f9ff,SUCCESS,NEEDS_REVIEW
DOC-HFM-A000407,"623-巧用穴位,护眼养",UNKNOWN,UNKNOWN,UNKNOWN,UNKNOWN,UNKNOWN,PDF,ZH,UNKNOWN,HFM-A000407,3,b135cd9b00757d9ea1a189673cf20a33f37579efd2655e80732f9838f3d8ead9,SUCCESS,NEEDS_REVIEW
DOC-HFM-A000408,624-涌泉穴烧山火法的临床应用,UNKNOWN,UNKNOWN,UNKNOWN,UNKNOWN,UNKNOWN,PDF,ZH,UNKNOWN,HFM-A000408,2,cf55466fe5ff23837f740f87e0413db9fecfacabb1046fa8e9dcb71a7f12429e,SUCCESS,NEEDS_REVIEW
DOC-HFM-A000409,625-刘衡如先生《康城十咏》(一),UNKNOWN,UNKNOWN,UNKNOWN,UNKNOWN,UNKNOWN,PDF,ZH,UNKNOWN,HFM-A000409,2,7f23a48dcfa58ea42bc805853a67063d4966dbd1707d72f51489c5bbfb9aae24,SUCCESS,NEEDS_REVIEW
DOC-HFM-A000410,626-内关穴临床应用举隅,UNKNOWN,UNKNOWN,UNKNOWN,UNKNOWN,UNKNOWN,PDF,ZH,UNKNOWN,HFM-A000410,2,0288dd8a7540ad02714349e3090e05f25358417c18105a79561b0ca98ac74ae6,SUCCESS,NEEDS_REVIEW
DOC-HFM-A000411,627-浅析影响中药汤剂疗效的原因,UNKNOWN,UNKNOWN,UNKNOWN,UNKNOWN,UNKNOWN,PDF,ZH,UNKNOWN,HFM-A000411,2,d718f0d6382e8ac9a40e009b4bba16cbef0799acec622e9daa07f36450a415cf,SUCCESS,NEEDS_REVIEW
DOC-HFM-A000412,628-三阴交穴在妇科中的应用,UNKNOWN,UNKNOWN,UNKNOWN,UNKNOWN,UNKNOWN,PDF,ZH,UNKNOWN,HFM-A000412,2,cfdb436b053765995fa0556e42e5699492eac38026fe51bd672dfcd94310fb94,SUCCESS,NEEDS_REVIEW
DOC-HFM-A000413,629-翳风穴证治机理浅探,UNKNOWN,UNKNOWN,UNKNOWN,UNKNOWN,UNKNOWN,PDF,ZH,UNKNOWN,HFM-A000413,1,b566bb2b2a2f8baab2eed9b3afb6047aebd39bc14e4fe73d75bce077050774c4,SUCCESS,NEEDS_REVIEW
DOC-HFM-A000414,630-从王粲病案谈到《黄帝内经》,UNKNOWN,UNKNOWN,UNKNOWN,UNKNOWN,UNKNOWN,PDF,ZH,UNKNOWN,HFM-A000414,3,42a26eac9b0ef1e4e6b7ed9da7bf7aab21c0b21a8dbc2708b9fa2c18e99f0c6d,SUCCESS,NEEDS_REVIEW
DOC-HFM-A000415,631-浅议杨兆钢芒针学术思想,UNKNOWN,UNKNOWN,UNKNOWN,UNKNOWN,UNKNOWN,PDF,ZH,UNKNOWN,HFM-A000415,2,a794e5fce3e0336dc137f26a7bff7ba0c8167480ba75bff8ff914ee991d7f08f,SUCCESS,NEEDS_REVIEW
DOC-HFM-A000416,633-过敏性鼻炎的经络诊察规律性研究_李在荣,UNKNOWN,UNKNOWN,UNKNOWN,UNKNOWN,UNKNOWN,PDF,ZH,UNKNOWN,HFM-A000416,68,24b5665dd3751920f981e1bcc52890c1684d7cb118607622fdf3e786245b57bb,PARTIAL,NEEDS_REVIEW
DOC-HFM-A000417,634-脱疽_的历史演变及现代意义,UNKNOWN,UNKNOWN,UNKNOWN,UNKNOWN,UNKNOWN,PDF,ZH,UNKNOWN,HFM-A000417,5,84f7cc2f6070711a11581ccc3ccfea373ac812f457fe2d03088d264c232ce7db,SUCCESS,NEEDS_REVIEW
DOC-HFM-A000418,635-敦煌針炙文獻研究_王杏林,UNKNOWN,UNKNOWN,UNKNOWN,UNKNOWN,UNKNOWN,PDF,ZH,UNKNOWN,HFM-A000418,236,e260910e90570155c099726aaf95f01210b8771fbd02cf9770a4170021ef229e,PARTIAL,NEEDS_REVIEW
DOC-HFM-A000419,64-《针灸甲乙经》之汗症选穴思路刍议,UNKNOWN,UNKNOWN,UNKNOWN,UNKNOWN,UNKNOWN,PDF,ZH,UNKNOWN,HFM-A000419,3,936aa3e908238630baf9e2ff33fac76dfd3b3d09517dc8e9a15a44786e0b36de,SUCCESS,NEEDS_REVIEW
DOC-HFM-A000420,640-郭耀康学术思想与临床经验总结及针剌治疗顽固性面瘫的临床研究_郭霞,UNKNOWN,UNKNOWN,UNKNOWN,UNKNOWN,UNKNOWN,PDF,ZH,UNKNOWN,HFM-A000420,79,dbde2a071a7e0f9508c388ad108581858673369fe588da35ae8ec18abdfcd014,PARTIAL,NEEDS_REVIEW
DOC-HFM-A000421,641-周德安学术思想与临床经验总结及隔姜隔盐灸神阙法治疗中风后排尿障碍的临床研究_刘慧林,UNKNOWN,UNKNOWN,UNKNOWN,UNKNOWN,UNKNOWN,PDF,ZH,UNKNOWN,HFM-A000421,97,f927fb31d3f07c2273983e47ec080dc434777424ef8b1b070181e60799367838,PARTIAL,NEEDS_REVIEW
DOC-HFM-A000422,645定喘、天突穴平喘作用及机制研究进展,UNKNOWN,UNKNOWN,UNKNOWN,UNKNOWN,UNKNOWN,PDF,ZH,UNKNOWN,HFM-A000422,3,01ea34f96c4f914fbccac01f36ff3b79bf3ab33503881a4f17f8fba9fd14f546,SUCCESS,NEEDS_REVIEW
DOC-HFM-A000423,646-脐针布针思维浅析与临床应用举隅,UNKNOWN,UNKNOWN,UNKNOWN,UNKNOWN,UNKNOWN,PDF,ZH,UNKNOWN,HFM-A000423,2,7dd1d776156ed3c002acff9b853bed4c73b1628809a057a1581ed062811ac103,SUCCESS,NEEDS_REVIEW
DOC-HFM-A000424,647-李志道教授太溪穴定位与临床应用拾贝,UNKNOWN,UNKNOWN,UNKNOWN,UNKNOWN,UNKNOWN,PDF,ZH,UNKNOWN,HFM-A000424,2,340793021b526b60c1aca56879df80de023639c697284ab7a821dac7c08eec99,SUCCESS,NEEDS_REVIEW
DOC-HFM-A000425,648-井穴的施术方法考,UNKNOWN,UNKNOWN,UNKNOWN,UNKNOWN,UNKNOWN,PDF,ZH,UNKNOWN,HFM-A000425,4,3bfbf04142515bd4cf877385c66f451b55f7dae122ba5b439dfaac2e2d49aabf,SUCCESS,NEEDS_REVIEW
DOC-HFM-A000426,649-翳风穴临床应用体会,UNKNOWN,UNKNOWN,UNKNOWN,UNKNOWN,UNKNOWN,PDF,ZH,UNKNOWN,HFM-A000426,2,282b722532ef5c465ec88650590b45c11d6588b8b84cb89fdddfda7ded1057a6,SUCCESS,NEEDS_REVIEW
DOC-HFM-A000427,65-《针灸甲乙经》甲乙两字之我见,UNKNOWN,UNKNOWN,UNKNOWN,UNKNOWN,UNKNOWN,PDF,ZH,UNKNOWN,HFM-A000427,2,0c55c65a1df72611b5ce023b5a4d4844f71a6d28ab45a38f73457d131a4472d2,SUCCESS,NEEDS_REVIEW
DOC-HFM-A000428,651-《黄帝内经》与针炙临床轨范_包艳燕,UNKNOWN,UNKNOWN,UNKNOWN,UNKNOWN,UNKNOWN,PDF,ZH,UNKNOWN,HFM-A000428,49,5877083b30ca1b2dfc716f9497436e172492571d72734fda37fe6c4578f52215,PARTIAL,NEEDS_REVIEW
DOC-HFM-A000429,652-论肾风病的现代观,UNKNOWN,UNKNOWN,UNKNOWN,UNKNOWN,UNKNOWN,PDF,ZH,UNKNOWN,HFM-A000429,4,e8965678d650b8fdd2e6ba22ffc4f2cf0ad661031b8e03b7acb97b0e6b7c96b9,SUCCESS,NEEDS_REVIEW
DOC-HFM-A000430,653-宋校本《千金要方》增补文献初考,UNKNOWN,UNKNOWN,UNKNOWN,UNKNOWN,UNKNOWN,PDF,ZH,UNKNOWN,HFM-A000430,3,44ef451dadd7aa95de0fc8cc432a20d05f0cbcda7c65294237a2c7358e4a706c,SUCCESS,NEEDS_REVIEW
DOC-HFM-A000431,654-壮医脐环穴的历史渊源、理论基础与临床研究,UNKNOWN,UNKNOWN,UNKNOWN,UNKNOWN,UNKNOWN,PDF,ZH,UNKNOWN,HFM-A000431,3,06a2da16c7d4e49cc18d830de2bb52667d4baf04b964c11cd704d3b277a6a293,SUCCESS,NEEDS_REVIEW
DOC-HFM-A000432,655-手三里六临床应用,UNKNOWN,UNKNOWN,UNKNOWN,UNKNOWN,UNKNOWN,PDF,ZH,UNKNOWN,HFM-A000432,2,ec893fe61d3d1467522b88801053c221aa232100c4fcac7fb30ff11131a2e256,SUCCESS,NEEDS_REVIEW
DOC-HFM-A000433,656-孙思邈_“药王”桂冠的由来,UNKNOWN,UNKNOWN,UNKNOWN,UNKNOWN,UNKNOWN,PDF,ZH,UNKNOWN,HFM-A000433,2,11bdc06980861e6ab73ee77723ce97c6a8f3949eb2c9c3ae8ca0657b32c8ba27,SUCCESS,NEEDS_REVIEW
DOC-HFM-A000434,657-考“(宀免)”,UNKNOWN,UNKNOWN,UNKNOWN,UNKNOWN,UNKNOWN,PDF,ZH,UNKNOWN,HFM-A000434,2,982ea04e0bff0e4db7c142b0c9ce6fc3590988db33a6092dbd41e0ea3444c651,SUCCESS,NEEDS_REVIEW
DOC-HFM-A000435,658-膻中穴的古今研究,UNKNOWN,UNKNOWN,UNKNOWN,UNKNOWN,UNKNOWN,PDF,ZH,UNKNOWN,HFM-A000435,2,ee0f2b48934cacdad2c5c9a6a508d8d53ddfc2d09bf106b6f47963c71f12e40d,SUCCESS,NEEDS_REVIEW
DOC-HFM-A000436,659-上星穴的临床应用,UNKNOWN,UNKNOWN,UNKNOWN,UNKNOWN,UNKNOWN,PDF,ZH,UNKNOWN,HFM-A000436,3,039863f7a1a4bf727e3787600dd5b03d6c611a50bf34fe8f6ef13b57234ef779,SUCCESS,NEEDS_REVIEW
DOC-HFM-A000437,66-《针灸甲乙经》胸痹心痛的诊治特点探析,UNKNOWN,UNKNOWN,UNKNOWN,UNKNOWN,UNKNOWN,PDF,ZH,UNKNOWN,HFM-A000437,4,2b2bba8ba004e9d208b796c788cc2331a6a3eb5b655169b2fbfafe8ade01e930,SUCCESS,NEEDS_REVIEW
DOC-HFM-A000438,660-率谷六临床应用,UNKNOWN,UNKNOWN,UNKNOWN,UNKNOWN,UNKNOWN,PDF,ZH,UNKNOWN,HFM-A000438,3,d414c6ff2c49b87e1a9b9a42419d50549ab1d0d227d77a394efa28f38beef857,SUCCESS,NEEDS_REVIEW
DOC-HFM-A000439,661-艾灸地机穴治疗原发性痛经,UNKNOWN,UNKNOWN,UNKNOWN,UNKNOWN,UNKNOWN,PDF,ZH,UNKNOWN,HFM-A000439,1,0f02a1af3e8706040b292c31e8ec944fb13df36a645c1ea3d5ba7106aab87f92,SUCCESS,NEEDS_REVIEW
DOC-HFM-A000440,662-浅谈针刺与艾灸并用,UNKNOWN,UNKNOWN,UNKNOWN,UNKNOWN,UNKNOWN,PDF,ZH,UNKNOWN,HFM-A000440,2,8dc2c69b10df76d82912c3c15508ee68a4979572b240569b406e7b4df54faf7c,SUCCESS,NEEDS_REVIEW
DOC-HFM-A000441,663-小议百会穴取穴法,UNKNOWN,UNKNOWN,UNKNOWN,UNKNOWN,UNKNOWN,PDF,ZH,UNKNOWN,HFM-A000441,1,55fb0d5abb5cb155bd07553d3a763b91b2e9518fd0cc4bf579e0d1a8fabd4db1,SUCCESS,NEEDS_REVIEW
DOC-HFM-A000442,664-李志道教授冲门穴定位存异及临床应用_杨俊涛,UNKNOWN,UNKNOWN,UNKNOWN,UNKNOWN,UNKNOWN,PDF,ZH,UNKNOWN,HFM-A000442,3,d5943eab3f9ffeab10ae895e9edfb8ba632417994d637daaeeab770d103b77be,SUCCESS,NEEDS_REVIEW
DOC-HFM-A000443,665-次髎穴的临床应用,UNKNOWN,UNKNOWN,UNKNOWN,UNKNOWN,UNKNOWN,PDF,ZH,UNKNOWN,HFM-A000443,2,15583f71899424db221bbcafb12ef7bded2f35e61f939919bdf1016a56ac5528,SUCCESS,NEEDS_REVIEW
DOC-HFM-A000444,666-对“头不可多灸”的认识_高希言,UNKNOWN,UNKNOWN,UNKNOWN,UNKNOWN,UNKNOWN,PDF,ZH,UNKNOWN,HFM-A000444,2,1b7ebbd49fa04814f5d8a97fbb688ce67b834facdaae7e32ed6de185246c14be,SUCCESS,NEEDS_REVIEW
DOC-HFM-A000445,"667-人中穴,不只是用于急救",UNKNOWN,UNKNOWN,UNKNOWN,UNKNOWN,UNKNOWN,PDF,ZH,UNKNOWN,HFM-A000445,2,559b188bcca74a5735cf784dad2084fd5d91500bc85be7302e6e86d45e8e1790,SUCCESS,NEEDS_REVIEW
DOC-HFM-A000446,668-针刺在中医急症中的应用,UNKNOWN,UNKNOWN,UNKNOWN,UNKNOWN,UNKNOWN,PDF,ZH,UNKNOWN,HFM-A000446,3,98d86f298a529855e1adabdf713b7f896c85c2a3f994b638a9026616078b1ce1,SUCCESS,NEEDS_REVIEW
DOC-HFM-A000447,67-《针灸甲乙经》论治溏泄下痢的探析,UNKNOWN,UNKNOWN,UNKNOWN,UNKNOWN,UNKNOWN,PDF,ZH,UNKNOWN,HFM-A000447,4,e837aef84c032904d0140aff799825aaeeea5a84ac6b727593332682b2bd3b01,SUCCESS,NEEDS_REVIEW
DOC-HFM-A000448,670-大肠俞的临床应用,UNKNOWN,UNKNOWN,UNKNOWN,UNKNOWN,UNKNOWN,PDF,ZH,UNKNOWN,HFM-A000448,1,3735ccbf96fe60ece24da30b5a20ae898994b7f413c7f840d6f012824f725286,SUCCESS,NEEDS_REVIEW
DOC-HFM-A000449,671-百会穴的蜂针临床应用,UNKNOWN,UNKNOWN,UNKNOWN,UNKNOWN,UNKNOWN,PDF,ZH,UNKNOWN,HFM-A000449,2,33f73dd894c0d1a84f721b49ae240ed1d0b5b70deea3cf44422ea38177030bed,SUCCESS,NEEDS_REVIEW
DOC-HFM-A000450,672-条口穴主治肩周炎经验的追本溯源_彭增福,UNKNOWN,UNKNOWN,UNKNOWN,UNKNOWN,UNKNOWN,PDF,ZH,UNKNOWN,HFM-A000450,1,54f180e369554b6a14409aa5c980d58eb9ace8dbfa758421c3493014f97de025,SUCCESS,NEEDS_REVIEW
DOC-HFM-A000451,673-道法自然_从治水到针刺治病_白兴华,UNKNOWN,UNKNOWN,UNKNOWN,UNKNOWN,UNKNOWN,PDF,ZH,UNKNOWN,HFM-A000451,1,7b7af92926da3d6f104686497b827fd4955e43baff7c98ad167daf383ef72332,SUCCESS,NEEDS_REVIEW
DOC-HFM-A000452,676-石门以何称丹田_朱中书,UNKNOWN,UNKNOWN,UNKNOWN,UNKNOWN,UNKNOWN,PDF,ZH,UNKNOWN,HFM-A000452,2,415e90c921256b9dac1eb0dfaa766857a892b424d5185fb1f82f769c462ccbde,SUCCESS,NEEDS_REVIEW
DOC-HFM-A000453,678-针药结合治疗抽动秽语综合征验案,UNKNOWN,UNKNOWN,UNKNOWN,UNKNOWN,UNKNOWN,PDF,ZH,UNKNOWN,HFM-A000453,1,48907ba9a82f85e6202aec1e6f7af7b983a60f7b38611efda46fcae03e952b16,SUCCESS,NEEDS_REVIEW
DOC-HFM-A000454,679-关于血海穴简便取穴法准确性的探讨_胡成想,UNKNOWN,UNKNOWN,UNKNOWN,UNKNOWN,UNKNOWN,PDF,ZH,UNKNOWN,HFM-A000454,1,67b259fda6226696f5c2a6656ebf8f56f3b02516ecd5529ccf9bc37f3611b945,SUCCESS,NEEDS_REVIEW
DOC-HFM-A000455,68-《针灸甲乙经》对现代针灸临床的影响,UNKNOWN,UNKNOWN,UNKNOWN,UNKNOWN,UNKNOWN,PDF,ZH,UNKNOWN,HFM-A000455,3,21f4a62d53eb69d12426596ec7dada4c4a8a134576038a2435139cb5dfaad85f,SUCCESS,NEEDS_REVIEW
DOC-HFM-A000456,680-从少商穴文献考证谈井穴之定位_王欣,UNKNOWN,UNKNOWN,UNKNOWN,UNKNOWN,UNKNOWN,PDF,ZH,UNKNOWN,HFM-A000456,1,eb9cec0b96f2ac0f1d657e8f50427c0ad08e2df81b249142f48be85af43ce836,SUCCESS,NEEDS_REVIEW
DOC-HFM-A000457,681-中髎穴定位、进针点和操作刍议_李汪,UNKNOWN,UNKNOWN,UNKNOWN,UNKNOWN,UNKNOWN,PDF,ZH,UNKNOWN,HFM-A000457,2,759aa008b7d62b9ffadb66f418182d7ce9c9bd7ecd2a42c12f0cef2a91bbc37f,SUCCESS,NEEDS_REVIEW
DOC-HFM-A000458,682-上关穴定位考订_牛淑平,UNKNOWN,UNKNOWN,UNKNOWN,UNKNOWN,UNKNOWN,PDF,ZH,UNKNOWN,HFM-A000458,1,ea7810f29c90da25479c7b9cb86502d01e9f319f1edff0c133d64f2c09b32b62,SUCCESS,NEEDS_REVIEW
DOC-HFM-A000459,686-合谷穴的临床应用_侯乔宽,UNKNOWN,UNKNOWN,UNKNOWN,UNKNOWN,UNKNOWN,PDF,ZH,UNKNOWN,HFM-A000459,1,58b118c363c137cbb8bb5bf7b749f21b041dfca39e8a37ee6212d70d23b188e4,SUCCESS,NEEDS_REVIEW
DOC-HFM-A000460,69-《针灸甲乙经》在针灸史上的重要地位,UNKNOWN,UNKNOWN,UNKNOWN,UNKNOWN,UNKNOWN,PDF,ZH,UNKNOWN,HFM-A000460,2,ad46c68713ce93e02ecee611b775fcc9caf17cadf0fbd96380069fed2ee07b43,SUCCESS,NEEDS_REVIEW
DOC-HFM-A000461,690-手少阴心经神门穴对冠心病患者的影响_冷俊艳,UNKNOWN,UNKNOWN,UNKNOWN,UNKNOWN,UNKNOWN,PDF,ZH,UNKNOWN,HFM-A000461,3,b9f563561b0ce7313618e97332621485fa153b52ca510adb20a37aa8bc2b9081,SUCCESS,NEEDS_REVIEW
DOC-HFM-A000462,692-募穴的临床应用及作用机制研究概况_刘小艳,UNKNOWN,UNKNOWN,UNKNOWN,UNKNOWN,UNKNOWN,PDF,ZH,UNKNOWN,HFM-A000462,3,57694596752ef978532e0bab284e05e00564000174db1eb4c83d0e734f0b3da9,SUCCESS,NEEDS_REVIEW
DOC-HFM-A000463,693-神阙穴古今临床应用探析_高秀花,UNKNOWN,UNKNOWN,UNKNOWN,UNKNOWN,UNKNOWN,PDF,ZH,UNKNOWN,HFM-A000463,2,386c9517febeeeeb58704fc23da4fffa76da17f524b9c5be90f77da81ee3b65a,SUCCESS,NEEDS_REVIEW
DOC-HFM-A000464,697-浅议百会穴的主治规律_江澎湃,UNKNOWN,UNKNOWN,UNKNOWN,UNKNOWN,UNKNOWN,PDF,ZH,UNKNOWN,HFM-A000464,5,a5b368baf158d6427fcb165b2b88916009f6c39e4b2193c943c8b626720eb805,SUCCESS,NEEDS_REVIEW
DOC-HFM-A000465,7-依韵校勘《针灸甲乙经》,UNKNOWN,UNKNOWN,UNKNOWN,UNKNOWN,UNKNOWN,PDF,ZH,UNKNOWN,HFM-A000465,8,aa760c686f0f582624ce452a5e7f8dcfdc83cf440a1addde3b2faa5f15c7c155,SUCCESS,NEEDS_REVIEW
DOC-HFM-A000466,70-《针灸甲乙经》有关浅刺针法理论的研究探析,UNKNOWN,UNKNOWN,UNKNOWN,UNKNOWN,UNKNOWN,PDF,ZH,UNKNOWN,HFM-A000466,2,241b3f2aeac3b918d5af25b7fc74b20a3a2ca67820f5a1bef0ca17f27ca43f5c,SUCCESS,NEEDS_REVIEW
DOC-HFM-A000467,700-大椎穴的临床应用_曹文忠,UNKNOWN,UNKNOWN,UNKNOWN,UNKNOWN,UNKNOWN,PDF,ZH,UNKNOWN,HFM-A000467,4,b74310bb9ce8f0f41a4469c02326edfbf8b0cc60005fbbf7ab06bf9ae0a3e14a,SUCCESS,NEEDS_REVIEW
DOC-HFM-A000468,701-刺激合谷穴在临床上注意事项探析_尹利华,UNKNOWN,UNKNOWN,UNKNOWN,UNKNOWN,UNKNOWN,PDF,ZH,UNKNOWN,HFM-A000468,3,bf1242b307401cfaaaaa156c453c7361f2f5817c90a9c07c45ee15db816904a3,SUCCESS,NEEDS_REVIEW
DOC-HFM-A000469,703- 小小银针扎出好身体 ,UNKNOWN,UNKNOWN,UNKNOWN,UNKNOWN,UNKNOWN,PDF,ZH,UNKNOWN,HFM-A000469,1,ea080d3371d7b61b584fcbd90bd74790be1a6a1830fb8fd61b204c35c317405d,SUCCESS,NEEDS_REVIEW
DOC-HFM-A000470,71-《针灸甲乙经》为中国现存最早类书初探,UNKNOWN,UNKNOWN,UNKNOWN,UNKNOWN,UNKNOWN,PDF,ZH,UNKNOWN,HFM-A000470,3,31e6f0a3d3b2b8fbb631bb7dbe293e98b985840dcb229cc445bef0817e150ff6,SUCCESS,NEEDS_REVIEW
DOC-HFM-A000471,713-解溪穴新悟_刘亮,UNKNOWN,UNKNOWN,UNKNOWN,UNKNOWN,UNKNOWN,PDF,ZH,UNKNOWN,HFM-A000471,1,b48bc0055312d522d3a102aa2792c8905bbfc19288dca3d60c4b7661bade09bf,SUCCESS,NEEDS_REVIEW
DOC-HFM-A000472,715-从敦煌《灸经图》看早期膀胱经脉循行_王天生,UNKNOWN,UNKNOWN,UNKNOWN,UNKNOWN,UNKNOWN,PDF,ZH,UNKNOWN,HFM-A000472,1,fc5fbe874f7654eebcc6520039d8b7244f7bbd487402dc6701ce1b04a4c761eb,SUCCESS,NEEDS_REVIEW
DOC-HFM-A000473,72-《针灸甲乙经》中精神疾病病名浅释,UNKNOWN,UNKNOWN,UNKNOWN,UNKNOWN,UNKNOWN,PDF,ZH,UNKNOWN,HFM-A000473,2,6db9c72d28fb6c31175e3b3eccd25496985165eb52a94929170f33d6c69c043a,SUCCESS,NEEDS_REVIEW
DOC-HFM-A000474,720-浮郄穴治疗不寐症机制浅谈_程剑,UNKNOWN,UNKNOWN,UNKNOWN,UNKNOWN,UNKNOWN,PDF,ZH,UNKNOWN,HFM-A000474,2,543ef5110a2a225f05df7ab532615f5ba9bf3162457ffb768a207b742e31e79a,SUCCESS,NEEDS_REVIEW
DOC-HFM-A000475,73-《针灸甲乙经》治疗癫病的疗法特点分析,UNKNOWN,UNKNOWN,UNKNOWN,UNKNOWN,UNKNOWN,PDF,ZH,UNKNOWN,HFM-A000475,2,29cc7032c72c42423a2af87c03981e7be862a367b38452abebfca6570487fc14,SUCCESS,NEEDS_REVIEW
DOC-HFM-A000476,730-中脘穴的临床应用概况_秦会帮,UNKNOWN,UNKNOWN,UNKNOWN,UNKNOWN,UNKNOWN,PDF,ZH,UNKNOWN,HFM-A000476,3,9bcaf1bcf9be84879002ab0eed853c16ca922c340c9d3711ef7f967b9c4f6865,SUCCESS,NEEDS_REVIEW
DOC-HFM-A000477,74-《针灸甲乙经》中《明堂》重言词义考释,UNKNOWN,UNKNOWN,UNKNOWN,UNKNOWN,UNKNOWN,PDF,ZH,UNKNOWN,HFM-A000477,3,e0262ea8b0c1a64eb2068625891525a761d23f9d6e53790ed9b5a1efc5350a52,SUCCESS,NEEDS_REVIEW
DOC-HFM-A000478,75-探析《针灸甲乙经》治疗头痛的选穴规律,UNKNOWN,UNKNOWN,UNKNOWN,UNKNOWN,UNKNOWN,PDF,ZH,UNKNOWN,HFM-A000478,3,a2947ea85b60414684a7a1d32675a26df8dd0fc722b0070d0039f18ffa490cdf,SUCCESS,NEEDS_REVIEW
DOC-HFM-A000479,76-《针灸甲乙经》治疗咽喉部病症选穴特点探析,UNKNOWN,UNKNOWN,UNKNOWN,UNKNOWN,UNKNOWN,PDF,ZH,UNKNOWN,HFM-A000479,4,dc02be58f41af7d2e7b7c00d2d489c72e6b34fb501d158eb3752a6cf2588fa7a,SUCCESS,NEEDS_REVIEW
DOC-HFM-A000480,763-《帛书·经脉》在经络腧穴发展史中的意义,UNKNOWN,UNKNOWN,UNKNOWN,UNKNOWN,UNKNOWN,PDF,ZH,UNKNOWN,HFM-A000480,3,c1357bcd272bff9d4aab5579d107b14251ba730342eb24247b6ed52d5c6e291b,SUCCESS,NEEDS_REVIEW
DOC-HFM-A000481,77-《针灸甲乙经》中牙痛的诊治特点探析,UNKNOWN,UNKNOWN,UNKNOWN,UNKNOWN,UNKNOWN,PDF,ZH,UNKNOWN,HFM-A000481,3,9aeab9fcbfcd52a3cfe47dacdee67f05acdd26bc70c6175c1f900cf397148a2a,SUCCESS,NEEDS_REVIEW
DOC-HFM-A000482,776-三阴交单穴急诊应用_罗丹,UNKNOWN,UNKNOWN,UNKNOWN,UNKNOWN,UNKNOWN,PDF,ZH,UNKNOWN,HFM-A000482,1,1da76f591470ca111a140b3c69bf11d7673dd92621f33ba91951fefce74e6304,SUCCESS,NEEDS_REVIEW
DOC-HFM-A000483,777-庞安时与《伤寒总病论》_相鲁闽,UNKNOWN,UNKNOWN,UNKNOWN,UNKNOWN,UNKNOWN,PDF,ZH,UNKNOWN,HFM-A000483,1,fc09ff1f2d6f8ed19aaaa345787c3eda3090c832f38bc443bc0ccfcc1c2dc30e,SUCCESS,NEEDS_REVIEW
DOC-HFM-A000484,783-吴崑《针方六集》学术思想探析_张倩,UNKNOWN,UNKNOWN,UNKNOWN,UNKNOWN,UNKNOWN,PDF,ZH,UNKNOWN,HFM-A000484,3,8e35d1c3e171e0c011df7d6fee44bb1fd822200a472bcecd8684926075ba3045,SUCCESS,NEEDS_REVIEW
DOC-HFM-A000485,79-现代针灸学视域下《针灸甲乙经》以部论穴的临床价值,UNKNOWN,UNKNOWN,UNKNOWN,UNKNOWN,UNKNOWN,PDF,ZH,UNKNOWN,HFM-A000485,5,3efbcd14cb35c0de65b86d6ab0f2a3fdbbb7f63722c84dd95d67795ba322f2b0,SUCCESS,NEEDS_REVIEW
DOC-HFM-A000486,793-环跳穴临床应用举隅_郑渝凡,UNKNOWN,UNKNOWN,UNKNOWN,UNKNOWN,UNKNOWN,PDF,ZH,UNKNOWN,HFM-A000486,2,ac85f36ad11bb92a6b0af426ef9978beae50624f19979f43a465bed936ae6228,SUCCESS,NEEDS_REVIEW
DOC-HFM-A000487,8-《针灸甲乙经》之研究现状,UNKNOWN,UNKNOWN,UNKNOWN,UNKNOWN,UNKNOWN,PDF,ZH,UNKNOWN,HFM-A000487,3,47bcb988cefdc7ac9c9467230c222dff2a9bc83f81607705e5d4eeb87372be97,SUCCESS,NEEDS_REVIEW
DOC-HFM-A000488,80-《针灸甲乙经》_搏__搏_正误辨,UNKNOWN,UNKNOWN,UNKNOWN,UNKNOWN,UNKNOWN,PDF,ZH,UNKNOWN,HFM-A000488,2,0c8b5c6b49a4523640b78d3d3f9c4673453c8d5ed21c54bf3cdfa07c0901cc09,SUCCESS,NEEDS_REVIEW
DOC-HFM-A000489,802-杨兆钢调神针刺法治疗焦虑症验案1则_郭士明,UNKNOWN,UNKNOWN,UNKNOWN,UNKNOWN,UNKNOWN,PDF,ZH,UNKNOWN,HFM-A000489,2,017f2afea70cbd3d196424c4754488ac4a07a651a46e22ababa266edcde5da6c,SUCCESS,NEEDS_REVIEW
DOC-HFM-A000490,804-针刺得气与补泻之基础文献研究_蔡曦庆Tsai_His-Ching,UNKNOWN,UNKNOWN,UNKNOWN,UNKNOWN,UNKNOWN,PDF,ZH,UNKNOWN,HFM-A000490,52,d97594c9b860ff59a9b9ef97cb5ec3a42a227dc444d0d62795aea5ac3d7127b7,PARTIAL,NEEDS_REVIEW
DOC-HFM-A000491,805-水肿的古代文献研究与学术源流探讨_赵珊,UNKNOWN,UNKNOWN,UNKNOWN,UNKNOWN,UNKNOWN,PDF,ZH,UNKNOWN,HFM-A000491,170,4959f7b71a82145d830a5343c1bae1bc232ce3b71457e159cfe1e9a967d68751,PARTIAL,NEEDS_REVIEW
DOC-HFM-A000492,806-郭剑华教授学术思想与临床经验总结及针刺颈段足太阳膀胱经为主治疗神经根型颈椎病60例临床观察_吴春宝,UNKNOWN,UNKNOWN,UNKNOWN,UNKNOWN,UNKNOWN,PDF,ZH,UNKNOWN,HFM-A000492,72,f4bf2a78440adedaedd42b6a4bbd1543c22f5fe99ac113c5e876397869c59f91,PARTIAL,NEEDS_REVIEW
DOC-HFM-A000493,81-剖析《针灸甲乙经》禁针穴的形态学依据,UNKNOWN,UNKNOWN,UNKNOWN,UNKNOWN,UNKNOWN,PDF,ZH,UNKNOWN,HFM-A000493,2,867b1915e8b6c02f16c45ffc2d15cf65078bfb111677672f503e5c18a583466c,SUCCESS,NEEDS_REVIEW
DOC-HFM-A000494,810-针刺在围术期应用及相关机制研究进展_王颖,UNKNOWN,UNKNOWN,UNKNOWN,UNKNOWN,UNKNOWN,PDF,ZH,UNKNOWN,HFM-A000494,2,dbee2604edfd341334fd4d617e8bc28507eebcc5e54415237471e25afbeda00d,SUCCESS,NEEDS_REVIEW
DOC-HFM-A000495,814-敦煌《灸经图》足太阳经理论研究_赵小强,UNKNOWN,UNKNOWN,UNKNOWN,UNKNOWN,UNKNOWN,PDF,ZH,UNKNOWN,HFM-A000495,3,da249c3ed95871062d6fa6819b61368121ab8758078b25c61722741887667409,SUCCESS,NEEDS_REVIEW
DOC-HFM-A000496,815-人迎穴临床应用研究进展_谷文龙,UNKNOWN,UNKNOWN,UNKNOWN,UNKNOWN,UNKNOWN,PDF,ZH,UNKNOWN,HFM-A000496,3,f87862884c1645b674f7bbafb5e48974475ccd606a5cdc3f145e01487430d3a7,SUCCESS,NEEDS_REVIEW
DOC-HFM-A000497,818-北宋校正医书局研究_孟永亮,UNKNOWN,UNKNOWN,UNKNOWN,UNKNOWN,UNKNOWN,PDF,ZH,UNKNOWN,HFM-A000497,572,994d37b60acf9a42058564a7a85041f178e0329ae263b68f78c68e7c2971e8a6,PARTIAL,NEEDS_REVIEW
DOC-HFM-A000498,819-肛裂的中西医治疗研究进展_何孝康,UNKNOWN,UNKNOWN,UNKNOWN,UNKNOWN,UNKNOWN,PDF,ZH,UNKNOWN,HFM-A000498,32,aac1aac9671fd0241b189ecf8df1c31d4308e0baf509e2a9fef2c3a81f0e1257,PARTIAL,NEEDS_REVIEW
DOC-HFM-A000499,82-《针灸甲乙经》的成因及对后世的影响,UNKNOWN,UNKNOWN,UNKNOWN,UNKNOWN,UNKNOWN,PDF,ZH,UNKNOWN,HFM-A000499,3,312917cf3552366f561165be0204cb67144a36dabc34cfcfe8a375fa23cb34c4,SUCCESS,NEEDS_REVIEW
DOC-HFM-A000500,821-《灵枢》“心胀”探析_陆曙,UNKNOWN,UNKNOWN,UNKNOWN,UNKNOWN,UNKNOWN,PDF,ZH,UNKNOWN,HFM-A000500,1,e69053f68d0165eb485d3baab1086645c56693cf2cdf8de5e0905d7c044bcbc7,SUCCESS,NEEDS_REVIEW
DOC-HFM-A000501,824-“肾藏精”藏象基础理论核心概念诠释_师双斌,UNKNOWN,UNKNOWN,UNKNOWN,UNKNOWN,UNKNOWN,PDF,ZH,UNKNOWN,HFM-A000501,131,96d289ced43eda489a5c014c579c953bdafa2f5ac00df23a6815c02adde66cbb,SUCCESS,NEEDS_REVIEW
DOC-HFM-A000502,826-任、督二脉源流探析_刘怡彣,UNKNOWN,UNKNOWN,UNKNOWN,UNKNOWN,UNKNOWN,PDF,ZH,UNKNOWN,HFM-A000502,85,ed5ded39874123c53ae51cfd2144f3ec41d0a5ac7123f98a9ab865ac5dd1aff9,PARTIAL,NEEDS_REVIEW
DOC-HFM-A000503,827-中医理论和气功理论中任督二脉的差别_葛鹏,UNKNOWN,UNKNOWN,UNKNOWN,UNKNOWN,UNKNOWN,PDF,ZH,UNKNOWN,HFM-A000503,4,7a62f2a811149bb77de647b130ac8ba0e0f8bd904e725dc6fc4d976cffb084c7,SUCCESS,NEEDS_REVIEW
DOC-HFM-A000504,828-《伤寒论》“胃气”思想概探和保胃气丸对胃溃疡的实验研究_方春平,UNKNOWN,UNKNOWN,UNKNOWN,UNKNOWN,UNKNOWN,PDF,ZH,UNKNOWN,HFM-A000504,94,f796672c739a3e7d0230c9867ecdee663947028a59575816632a7380459ffa54,PARTIAL,NEEDS_REVIEW
DOC-HFM-A000505,829-中风治未病理论的文献研究及其在临床中的应用探讨_郑永亮,UNKNOWN,UNKNOWN,UNKNOWN,UNKNOWN,UNKNOWN,PDF,ZH,UNKNOWN,HFM-A000505,125,4c9a35deb3eb6cc4e752d9e886b7b2ae8f5b075265b5e0af3a331d6d2300a84a,PARTIAL,NEEDS_REVIEW
DOC-HFM-A000506,83-现代针灸学视域下《针灸甲乙经》以部论穴的临床价值 (1),UNKNOWN,UNKNOWN,UNKNOWN,UNKNOWN,UNKNOWN,PDF,ZH,UNKNOWN,HFM-A000506,1,8206e7a453a42f3d7c1e0d6ff85ac8220a2048123f296f1f8d67c44c1c2043cc,SUCCESS,NEEDS_REVIEW
DOC-HFM-A000507,830-吕景山学术思想与临床经验总结及降糖调脂对药方干预2型糖尿病脂代谢紊乱的临床研究_郝重耀,UNKNOWN,UNKNOWN,UNKNOWN,UNKNOWN,UNKNOWN,PDF,ZH,UNKNOWN,HFM-A000507,101,1bd7a722671cd4ef22b2bb7ec2799b180e548dcd30d3bb56b643a632f53e51ab,PARTIAL,NEEDS_REVIEW
DOC-HFM-A000508,831-《内经》“病变于色者取之荥”的理论研究及应用探讨_许东,UNKNOWN,UNKNOWN,UNKNOWN,UNKNOWN,UNKNOWN,PDF,ZH,UNKNOWN,HFM-A000508,43,26bf0a2320025132dc30793bdcfb49b650cd36103821f3f31cd77be3df8acc08,PARTIAL,NEEDS_REVIEW
DOC-HFM-A000509,832-朱肱《类证活人书》的伤寒学术思想研究_刘素平,UNKNOWN,UNKNOWN,UNKNOWN,UNKNOWN,UNKNOWN,PDF,ZH,UNKNOWN,HFM-A000509,51,955d6f6194397e567bdf3afcff716ecfa7bc250f3173ca96553a755f2f90b3ce,PARTIAL,NEEDS_REVIEW
DOC-HFM-A000510,833-五输穴之经穴临床应用规律研究_林子涵,UNKNOWN,UNKNOWN,UNKNOWN,UNKNOWN,UNKNOWN,PDF,ZH,UNKNOWN,HFM-A000510,51,f9c4aba5196e4f5da16dad9c2e6a3b3b3a8d9a53051d6b6b6d9478332f0af5a6,PARTIAL,NEEDS_REVIEW
DOC-HFM-A000511,837-陈莹教授治疗抗心磷脂抗体所致不孕的经验总结_韩松雪,UNKNOWN,UNKNOWN,UNKNOWN,UNKNOWN,UNKNOWN,PDF,ZH,UNKNOWN,HFM-A000511,29,e356c1332e8eae0d27a3182580af898cf72a3b0d7f5678f4a29334b5b1e62da7,SUCCESS,NEEDS_REVIEW
DOC-HFM-A000512,838-《圣济总录》文献研究_犬卷太一,UNKNOWN,UNKNOWN,UNKNOWN,UNKNOWN,UNKNOWN,PDF,ZH,UNKNOWN,HFM-A000512,83,9f29c76d860c39afceccc1ac3c80d6acf722eb877e52a4a124bd12c31be1c998,PARTIAL,NEEDS_REVIEW
DOC-HFM-A000513,843-电针调节JAK1蛋白对脑缺血模型大鼠干预作用的研究_董正妮,UNKNOWN,UNKNOWN,UNKNOWN,UNKNOWN,UNKNOWN,PDF,ZH,UNKNOWN,HFM-A000513,65,4157a66b79f61cad8481777e3711f93e31a8d6dc0e524bd38945b46c8ad83837,PARTIAL,NEEDS_REVIEW
DOC-HFM-A000514,847-我对大椎穴临床应用的一些见解_孙六合,UNKNOWN,UNKNOWN,UNKNOWN,UNKNOWN,UNKNOWN,PDF,ZH,UNKNOWN,HFM-A000514,4,cde2dc4adc280e5466f56bfab1d64bbc4fcdebe83be38690e5014cbbc404476f,SUCCESS,NEEDS_REVIEW
DOC-HFM-A000515,848-风池穴的临床及机理研究进展_仲远明,UNKNOWN,UNKNOWN,UNKNOWN,UNKNOWN,UNKNOWN,PDF,ZH,UNKNOWN,HFM-A000515,8,97e69fbc340a06ed22e83c52f89beb1a74f56ad6a9eca00d0bfb898e80c4a631,SUCCESS,NEEDS_REVIEW
DOC-HFM-A000516,85-探讨《针灸甲乙经》对精神疾病的认识及论治,UNKNOWN,UNKNOWN,UNKNOWN,UNKNOWN,UNKNOWN,PDF,ZH,UNKNOWN,HFM-A000516,2,421dd434de2e64de3092bf00ad4805f3d0157d8c3b493d61f919d996705b1e99,SUCCESS,NEEDS_REVIEW
DOC-HFM-A000517,854-浅谈对“血出而射者”的理解及应用_李岩,UNKNOWN,UNKNOWN,UNKNOWN,UNKNOWN,UNKNOWN,PDF,ZH,UNKNOWN,HFM-A000517,3,00f8f8dd8e90bd710dbb31889a30143982aecafb9a18fd891340db2bdb5aee4d,SUCCESS,NEEDS_REVIEW
DOC-HFM-A000518,857-神经细胞“撞激”学与针刺_张卫平,UNKNOWN,UNKNOWN,UNKNOWN,UNKNOWN,UNKNOWN,PDF,ZH,UNKNOWN,HFM-A000518,2,2caa613a6c90b63dc0a62f633420a1e32c82654ae4c6ab599db2da91574d32ad,SUCCESS,NEEDS_REVIEW
DOC-HFM-A000519,86-《针灸甲乙经》中太冲穴的定位及临床应用,UNKNOWN,UNKNOWN,UNKNOWN,UNKNOWN,UNKNOWN,PDF,ZH,UNKNOWN,HFM-A000519,4,2b1c5ac105a42cdb7b59b7a2de76f2d1219e23803ea164879d43cfb88abebec1,SUCCESS,NEEDS_REVIEW
DOC-HFM-A000520,87-基于《针灸甲乙经》探析古今针刺深浅异同奥秘,UNKNOWN,UNKNOWN,UNKNOWN,UNKNOWN,UNKNOWN,PDF,ZH,UNKNOWN,HFM-A000520,3,99a0eb0bec72b4c25808d21911ac61693a094b6291b0354d93ee43e582a95af6,SUCCESS,NEEDS_REVIEW
DOC-HFM-A000521,88-晋代医家皇甫谧《针灸甲乙经》学术思想浅析,UNKNOWN,UNKNOWN,UNKNOWN,UNKNOWN,UNKNOWN,PDF,ZH,UNKNOWN,HFM-A000521,3,ee588f4c99472b4975b54528f8b09e3928911a054591d6a6162fede26721b117,SUCCESS,NEEDS_REVIEW
DOC-HFM-A000522,89-试论《针灸甲乙经》对临证取穴的指导,UNKNOWN,UNKNOWN,UNKNOWN,UNKNOWN,UNKNOWN,PDF,ZH,UNKNOWN,HFM-A000522,4,36d3e00d7517b7a1ccab12988a328ca44e1819f449721c2dc259f89a401596a8,SUCCESS,NEEDS_REVIEW
DOC-HFM-A000523,9-浅析《针灸甲乙经》针刺禁忌,UNKNOWN,UNKNOWN,UNKNOWN,UNKNOWN,UNKNOWN,PDF,ZH,UNKNOWN,HFM-A000523,2,ce45924e2ce49b8a0b00026831a725e6d118c3ba9e7dbf18d5af4c4aa22d12fa,SUCCESS,NEEDS_REVIEW
DOC-HFM-A000524,90-《黄帝三部针灸甲乙经新校》的三点商榷,UNKNOWN,UNKNOWN,UNKNOWN,UNKNOWN,UNKNOWN,PDF,ZH,UNKNOWN,HFM-A000524,2,e20f2d734bd7bb316050bac49d8d62ee1ea0cf4465ad981457ad3b3699a44460,SUCCESS,NEEDS_REVIEW
DOC-HFM-A000525,92-试论皇甫谧《针灸甲乙经》对腧穴学的贡献,UNKNOWN,UNKNOWN,UNKNOWN,UNKNOWN,UNKNOWN,PDF,ZH,UNKNOWN,HFM-A000525,5,731d84fbbbaa8afc569aa36b0587ff2d5884e18fb888335b8c3b9d5895829b6b,SUCCESS,NEEDS_REVIEW
DOC-HFM-A000526,96-《针灸甲乙经》“胀病”及治则治法浅析,UNKNOWN,UNKNOWN,UNKNOWN,UNKNOWN,UNKNOWN,PDF,ZH,UNKNOWN,HFM-A000526,4,04ed29e88d81ab5aac9667c614a62180cac1ba2f44169612ce2b711bd13eb4f3,SUCCESS,NEEDS_REVIEW
DOC-HFM-A000527,99-《针灸甲乙经》与《太素》互校内容考辨,UNKNOWN,UNKNOWN,UNKNOWN,UNKNOWN,UNKNOWN,PDF,ZH,UNKNOWN,HFM-A000527,2,52cc7554ca585ac45efb9183c566c142c2feb22037f930162b01571874568d3b,SUCCESS,NEEDS_REVIEW
DOC-HFM-A000529,10023266,UNKNOWN,UNKNOWN,UNKNOWN,UNKNOWN,UNKNOWN,PDF,ZH,UNKNOWN,HFM-A000529,243,765652180b12950fb7a8676a91c9dcd7826946802e5ef553d3e513f33341ca9f,PARTIAL,NEEDS_REVIEW
DOC-HFM-A000530,10023267,UNKNOWN,UNKNOWN,UNKNOWN,UNKNOWN,UNKNOWN,PDF,ZH,UNKNOWN,HFM-A000530,159,2d5bb413ef20f56a7d9a3370b9a8c403c3ba48fed84e2b35e1b75e354e8fa3b6,PARTIAL,NEEDS_REVIEW
DOC-HFM-A000531,10023268,UNKNOWN,UNKNOWN,UNKNOWN,UNKNOWN,UNKNOWN,PDF,ZH,UNKNOWN,HFM-A000531,156,d962d8cd373809d87ad1a6cdaa4d2e2ab783d2117577a254e1d300a51ad2ada7,PARTIAL,NEEDS_REVIEW
DOC-HFM-A000532,10023609,UNKNOWN,UNKNOWN,UNKNOWN,UNKNOWN,UNKNOWN,PDF,ZH,UNKNOWN,HFM-A000532,354,3a4ec856426a14947b4f857922055e7f423d5e6169996caf565a2bdcba013926,PARTIAL,NEEDS_REVIEW
DOC-HFM-A000533,《甲乙经》五车楼藏板 2,UNKNOWN,UNKNOWN,UNKNOWN,UNKNOWN,UNKNOWN,PDF,ZH,UNKNOWN,HFM-A000533,176,44e170b23c50d17ce2d26f61f8fe3b9473c99075119be179c0d47278fe34c493,PARTIAL,NEEDS_REVIEW
DOC-HFM-A000534,《甲乙经》五车楼藏板 3,UNKNOWN,UNKNOWN,UNKNOWN,UNKNOWN,UNKNOWN,PDF,ZH,UNKNOWN,HFM-A000534,137,e2bc5a787e142073370394bf4ae663277aea7a34a08c1c187d609a77091ca3c2,PARTIAL,NEEDS_REVIEW
DOC-HFM-A000535,《甲乙经》五车楼藏板 4,UNKNOWN,UNKNOWN,UNKNOWN,UNKNOWN,UNKNOWN,PDF,ZH,UNKNOWN,HFM-A000535,134,5c03fc556828651331442f168c4f0b05f71db761a98910ea0b1d1fcc53096921,PARTIAL,NEEDS_REVIEW
DOC-HFM-A000536,《甲乙经》五车楼藏板1,UNKNOWN,UNKNOWN,UNKNOWN,UNKNOWN,UNKNOWN,PDF,ZH,UNKNOWN,HFM-A000536,125,f2194ad6c3899951e1e7d5601439434ab8d37291a0eafc09a11377c2c6f37482,PARTIAL,NEEDS_REVIEW
DOC-HFM-A000537,《甲乙经》行素草堂藏板清光绪卷一二,UNKNOWN,UNKNOWN,UNKNOWN,UNKNOWN,UNKNOWN,PDF,ZH,UNKNOWN,HFM-A000537,132,72718411151893e65aebce4927d406cd002fbd188d273ccaee7fac9f7c6d9ef6,PARTIAL,NEEDS_REVIEW
DOC-HFM-A000538,《甲乙经》行素草堂藏板清光绪卷三四,UNKNOWN,UNKNOWN,UNKNOWN,UNKNOWN,UNKNOWN,PDF,ZH,UNKNOWN,HFM-A000538,129,3081dd02528ce2b20e0eb150d5902665baa402d9e8c8520177bb4c63b8de1771,PARTIAL,NEEDS_REVIEW
DOC-HFM-A000539,《甲乙经》行素草堂藏板清光绪卷五-七,UNKNOWN,UNKNOWN,UNKNOWN,UNKNOWN,UNKNOWN,PDF,ZH,UNKNOWN,HFM-A000539,156,f03174651ee30e550aa7725c6ae291fccc73deb9c4b836a1e3dabc53588b6787,PARTIAL,NEEDS_REVIEW
DOC-HFM-A000540,《甲乙经》行素草堂藏板清光绪卷八-十二,UNKNOWN,UNKNOWN,UNKNOWN,UNKNOWN,UNKNOWN,PDF,ZH,UNKNOWN,HFM-A000540,169,46d9dda883565268edd24e152fa83ab1a3fa313b97a6a443e03af240826c4f6d,PARTIAL,NEEDS_REVIEW
DOC-HFM-A000541,《针灸甲乙经、伤寒论、金匮要略、温病学》精译,UNKNOWN,UNKNOWN,UNKNOWN,UNKNOWN,UNKNOWN,PDF,ZH,UNKNOWN,HFM-A000541,913,fa15c6be2e5e5e4ead4367c8c7503f069d8961f05125f513351e08e6a4f7064e,PARTIAL,NEEDS_REVIEW
DOC-HFM-A000542,《针灸甲乙经》医统正脉全书1,UNKNOWN,UNKNOWN,UNKNOWN,UNKNOWN,UNKNOWN,PDF,ZH,UNKNOWN,HFM-A000542,162,222f8720504c492b7b4c71596fa3c64ac2fdeff8ca3ab2a8a9fc99a89f96df07,PARTIAL,NEEDS_REVIEW
DOC-HFM-A000543,《针灸甲乙经》医统正脉全书2,UNKNOWN,UNKNOWN,UNKNOWN,UNKNOWN,UNKNOWN,PDF,ZH,UNKNOWN,HFM-A000543,163,be3380bbe36d2289200d7af7ff1dd5c900d6eb032bee6ddac6a469cb91fa4edb,PARTIAL,NEEDS_REVIEW
DOC-HFM-A000544,《针灸甲乙经》医统正脉全书3,UNKNOWN,UNKNOWN,UNKNOWN,UNKNOWN,UNKNOWN,PDF,ZH,UNKNOWN,HFM-A000544,127,de0bc2257e05115bb26a0a3a1404fc96c2fffbaf9ef500386b8d91ac0257da1b,PARTIAL,NEEDS_REVIEW
DOC-HFM-A000545,《针灸甲乙经》医统正脉全书4,UNKNOWN,UNKNOWN,UNKNOWN,UNKNOWN,UNKNOWN,PDF,ZH,UNKNOWN,HFM-A000545,156,a423797779bd2827dc3899fc16b4eda2fe2c87ed77cf4026eb8ef343ecc891b5,PARTIAL,NEEDS_REVIEW
DOC-HFM-A000546,《针灸甲乙经》医统正脉全书5,UNKNOWN,UNKNOWN,UNKNOWN,UNKNOWN,UNKNOWN,PDF,ZH,UNKNOWN,HFM-A000546,121,aec429d4989f19b97d6e48fb642b4cb48e7a13692a0227feb78880bdcab7513a,PARTIAL,NEEDS_REVIEW
DOC-HFM-A000547,《针灸甲乙经》四库全书本卷一,UNKNOWN,UNKNOWN,UNKNOWN,UNKNOWN,UNKNOWN,PDF,ZH,UNKNOWN,HFM-A000547,102,e7bab244a7b94e9d6c2c0f945249787eb61e3ada89849d6746628fd81a0d7b6a,PARTIAL,NEEDS_REVIEW
DOC-HFM-A000548,《针灸甲乙经》四库全书本卷七,UNKNOWN,UNKNOWN,UNKNOWN,UNKNOWN,UNKNOWN,PDF,ZH,UNKNOWN,HFM-A000548,76,aa464199e11b532581d799ef22d9caa3a125e610b53d4d746f686a7bf31a6fbc,PARTIAL,NEEDS_REVIEW
DOC-HFM-A000549,《针灸甲乙经》四库全书本卷三,UNKNOWN,UNKNOWN,UNKNOWN,UNKNOWN,UNKNOWN,PDF,ZH,UNKNOWN,HFM-A000549,126,a2838b246676d811b52f00e967e746780e9855b07b5e958e32c50c6c1dafc01d,PARTIAL,NEEDS_REVIEW
DOC-HFM-A000550,《针灸甲乙经》四库全书本卷二,UNKNOWN,UNKNOWN,UNKNOWN,UNKNOWN,UNKNOWN,PDF,ZH,UNKNOWN,HFM-A000550,82,37298fdfb8df81f5606bcff7fe29382062ccf0c9ec57d6ac63dc60fbbd246cde,PARTIAL,NEEDS_REVIEW
DOC-HFM-A000551,《针灸甲乙经》四库全书本卷八九,UNKNOWN,UNKNOWN,UNKNOWN,UNKNOWN,UNKNOWN,PDF,ZH,UNKNOWN,HFM-A000551,98,887ce17089f570bb6bcbfb1825912ed5493853e283320386a0b675d2a828f5d1,PARTIAL,NEEDS_REVIEW
DOC-HFM-A000552,《针灸甲乙经》四库全书本卷六,UNKNOWN,UNKNOWN,UNKNOWN,UNKNOWN,UNKNOWN,PDF,ZH,UNKNOWN,HFM-A000552,76,52914a8c04712e4d254bd4b0fba460053522f481a4f2a2edb9c7cdc15bae25ab,PARTIAL,NEEDS_REVIEW
DOC-HFM-A000553,《针灸甲乙经》四库全书本卷十至十二 (2),UNKNOWN,UNKNOWN,UNKNOWN,UNKNOWN,UNKNOWN,PDF,ZH,UNKNOWN,HFM-A000553,132,159086ee62e3171b3a1de04a1f7cf1367c6fb53116d94b4ca44758ac117bdd8e,PARTIAL,NEEDS_REVIEW
DOC-HFM-A000554,《针灸甲乙经》四库全书本卷十至十二,UNKNOWN,UNKNOWN,UNKNOWN,UNKNOWN,UNKNOWN,PDF,ZH,UNKNOWN,HFM-A000554,132,159086ee62e3171b3a1de04a1f7cf1367c6fb53116d94b4ca44758ac117bdd8e,PARTIAL,NEEDS_REVIEW
DOC-HFM-A000555,《针灸甲乙经》四库全书本卷四五,UNKNOWN,UNKNOWN,UNKNOWN,UNKNOWN,UNKNOWN,PDF,ZH,UNKNOWN,HFM-A000555,128,7e1c20563283ba2b13862a5b336f2c0cb8d6ecf17d7607a7d479e9bc0209fa99,PARTIAL,NEEDS_REVIEW
DOC-HFM-A000556,《针灸甲乙经新校版》王军2005,UNKNOWN,UNKNOWN,UNKNOWN,UNKNOWN,UNKNOWN,PDF,ZH,UNKNOWN,HFM-A000556,404,401f2871b7dbca3d91cd30e9831d650a65716992ffd6ffe1acd8d74d8c9fa9e1,PARTIAL,NEEDS_REVIEW
DOC-HFM-A000557,《针灸甲乙经理论与实践》中国中医药出版社2017高树中,UNKNOWN,UNKNOWN,UNKNOWN,UNKNOWN,UNKNOWN,PDF,ZH,UNKNOWN,HFM-A000557,443,0194ee034089038760368b005984e5b0cc5497fa1d375da44192324cdf7424ee,PARTIAL,NEEDS_REVIEW
DOC-HFM-A000558,《针灸甲乙经理论与实践》人民卫生出版社李鼎2011,UNKNOWN,UNKNOWN,UNKNOWN,UNKNOWN,UNKNOWN,PDF,ZH,UNKNOWN,HFM-A000558,320,1689bd6942e652a31d35c878871a346524c351b2b61c681464e8c99dea8d74f8,PARTIAL,NEEDS_REVIEW
DOC-HFM-A000559,《针灸甲乙经腧穴重辑》1982,UNKNOWN,UNKNOWN,UNKNOWN,UNKNOWN,UNKNOWN,PDF,ZH,UNKNOWN,HFM-A000559,370,b64b81f1692c2617a1e42160c1eaf6190a141b02ef1ee180210bb72ef5ecf56e,PARTIAL,NEEDS_REVIEW
DOC-HFM-A000560,甲乙经全册1,UNKNOWN,UNKNOWN,UNKNOWN,UNKNOWN,UNKNOWN,PDF,ZH,UNKNOWN,HFM-A000560,213,796aab136ad1dbbc37057c2d2888e8898da9a28bce1f7f4956c22ee953222968,PARTIAL,NEEDS_REVIEW
DOC-HFM-A000561,甲乙经全册2,UNKNOWN,UNKNOWN,UNKNOWN,UNKNOWN,UNKNOWN,PDF,ZH,UNKNOWN,HFM-A000561,144,651dc7bb01ecfec3e2045e5d474b724f8daca21e8c277110bae16b1a13f765e6,PARTIAL,NEEDS_REVIEW
DOC-HFM-A000562,甲乙经全册3,UNKNOWN,UNKNOWN,UNKNOWN,UNKNOWN,UNKNOWN,PDF,ZH,UNKNOWN,HFM-A000562,124,e816863b643692777f4ba8d505c8a7ac2db1f623f71a6d0f5e84e3700e1e1062,PARTIAL,NEEDS_REVIEW
DOC-HFM-A000563,甲乙经全册4,UNKNOWN,UNKNOWN,UNKNOWN,UNKNOWN,UNKNOWN,PDF,ZH,UNKNOWN,HFM-A000563,96,27607e2ed880ab2443dcc13e9e8e297be924b97d623f68810ff43e263f280ea0,PARTIAL,NEEDS_REVIEW
DOC-HFM-A000564,《黄帝三部针灸甲乙经》上海科学技术出版社2017（三）,UNKNOWN,UNKNOWN,UNKNOWN,UNKNOWN,UNKNOWN,PDF,ZH,UNKNOWN,HFM-A000564,125,cec2468150898bafaba49173fd8832f8804cc84678f2290b1786ead46fd37692,PARTIAL,NEEDS_REVIEW
DOC-HFM-A000565,《黄帝三部针灸甲乙经》上海科学技术出版社2017（二）,UNKNOWN,UNKNOWN,UNKNOWN,UNKNOWN,UNKNOWN,PDF,ZH,UNKNOWN,HFM-A000565,80,c32b7ce82b5605e96639e2154b8d000141e18debfd4f0fa5a3c4fbe03b04256b,PARTIAL,NEEDS_REVIEW
DOC-HFM-A000566,《黄帝三部针灸甲乙经新校》学苑出版社王心远2012,UNKNOWN,UNKNOWN,UNKNOWN,UNKNOWN,UNKNOWN,PDF,ZH,UNKNOWN,HFM-A000566,502,7078678e776362b5d2954dd0bcb25dc49804860a42f9a95f24a3157142676e17,PARTIAL,NEEDS_REVIEW
DOC-HFM-A000567,《黄帝甲乙经》江左书林印1977曹智涵校正1,UNKNOWN,UNKNOWN,UNKNOWN,UNKNOWN,UNKNOWN,PDF,ZH,UNKNOWN,HFM-A000567,68,08c35f266a95430ddc55fde173b8080bdb68fb6a2db7bf2ce19c8ba39c33c12b,PARTIAL,NEEDS_REVIEW
DOC-HFM-A000568,《黄帝甲乙经》江左书林印1977曹智涵校正2,UNKNOWN,UNKNOWN,UNKNOWN,UNKNOWN,UNKNOWN,PDF,ZH,UNKNOWN,HFM-A000568,89,d699669d2fe544ead8b28be4cc236eba3de0d0b440e4390656f39c3a4a652ee8,PARTIAL,NEEDS_REVIEW
DOC-HFM-A000569,《黄帝甲乙经》江左书林印1977曹智涵校正3,UNKNOWN,UNKNOWN,UNKNOWN,UNKNOWN,UNKNOWN,PDF,ZH,UNKNOWN,HFM-A000569,69,dde73563a3291ca08bac956ff3315ab1cbace16906940404fb7c48917a528d17,PARTIAL,NEEDS_REVIEW
DOC-HFM-A000570,《黄帝甲乙经》江左书林印1977曹智涵校正4,UNKNOWN,UNKNOWN,UNKNOWN,UNKNOWN,UNKNOWN,PDF,ZH,UNKNOWN,HFM-A000570,66,9438f69677577020dd3f5e5f88f47d382fb998be8a4a925c3e1ad229649d5619,PARTIAL,NEEDS_REVIEW
DOC-HFM-A000571,《黄帝针灸甲乙经新校本》黄龙祥1990,UNKNOWN,UNKNOWN,UNKNOWN,UNKNOWN,UNKNOWN,PDF,ZH,UNKNOWN,HFM-A000571,584,2c8ce088908ce1433dc6103dbdc59b103ae46da8b6fd70f46482a96218a07245,PARTIAL,NEEDS_REVIEW
DOC-HFM-A000573,《帝王世纪、山海经、逸周书》1996 (2),UNKNOWN,UNKNOWN,UNKNOWN,UNKNOWN,UNKNOWN,PDF,ZH,UNKNOWN,HFM-A000573,88,fa1434bf7651241f217a92b3f10110be2a06e7c92dba6e3084c480f740584f66,PARTIAL,NEEDS_REVIEW
DOC-HFM-A000574,《帝王世纪、山海经、逸周书》1996,UNKNOWN,UNKNOWN,UNKNOWN,UNKNOWN,UNKNOWN,PDF,ZH,UNKNOWN,HFM-A000574,84,261e8973f77512de8a922b7e5f133330e7fb1196ae19772a9c2cd00d60b9b94c,PARTIAL,NEEDS_REVIEW
DOC-HFM-A000575,《帝王世纪》中华书局,UNKNOWN,UNKNOWN,UNKNOWN,UNKNOWN,UNKNOWN,PDF,ZH,UNKNOWN,HFM-A000575,67,fd3b324bc3198ec8951fadd1dda5cc16453ce0c01af23d0b9e44eae7fa0a3af3,PARTIAL,NEEDS_REVIEW
DOC-HFM-A000576,《帝王世纪》中华民国二十五年,UNKNOWN,UNKNOWN,UNKNOWN,UNKNOWN,UNKNOWN,PDF,ZH,UNKNOWN,HFM-A000576,126,35d354db3a2a0a9ef3c063408a897cfb50f0642c5b75f850adc4b6d5daf7507b,PARTIAL,NEEDS_REVIEW
DOC-HFM-A000577,《中國醫藥匯海-针灸甲乙经》北京市中国书店蔡陆仙（2）,UNKNOWN,UNKNOWN,UNKNOWN,UNKNOWN,UNKNOWN,PDF,ZH,UNKNOWN,HFM-A000577,296,dfb7f4fa89160a59dcef6106899c500ee97da1f3bfa34e682408d0f9499b257c,PARTIAL,NEEDS_REVIEW
DOC-HFM-A000578,《中國醫藥匯海-针灸甲乙经》蔡陆仙,UNKNOWN,UNKNOWN,UNKNOWN,UNKNOWN,UNKNOWN,PDF,ZH,UNKNOWN,HFM-A000578,295,cca427834214223fe848516ed5cf47a514b47f8f0d80601fb6adec6904419340,PARTIAL,NEEDS_REVIEW
DOC-HFM-A000579,《针灸甲乙经》华夏出版社2008黄龙祥校注,UNKNOWN,UNKNOWN,UNKNOWN,UNKNOWN,UNKNOWN,PDF,ZH,UNKNOWN,HFM-A000579,251,3d0fe43cd0d19a8ac195d4169f79ac8cae5d8d8503032623b01f5828fa59335c,PARTIAL,NEEDS_REVIEW
DOC-HFM-A000580,《针灸甲乙经》商务印书馆宋林亿等校1955,UNKNOWN,UNKNOWN,UNKNOWN,UNKNOWN,UNKNOWN,PDF,ZH,UNKNOWN,HFM-A000580,253,0b784ac2a73bc015e8d264984a7e2d991e9d8f42b6cf52d643a3452f099ef198,PARTIAL,NEEDS_REVIEW
DOC-HFM-A000581,《针灸甲乙经》学苑出版社2007刘聪,UNKNOWN,UNKNOWN,UNKNOWN,UNKNOWN,UNKNOWN,PDF,ZH,UNKNOWN,HFM-A000581,319,dc209dd25d77e7146a8a3a74ca0fef0e8cb877577b90d2dd602714445ebd96fe,PARTIAL,NEEDS_REVIEW
DOC-HFM-A000582,《针灸甲乙经》河南科技出版社2017韩森宁张春生徐长卿点校,UNKNOWN,UNKNOWN,UNKNOWN,UNKNOWN,UNKNOWN,PDF,ZH,UNKNOWN,HFM-A000582,232,790fdb265c48ddc82a4f7a73b4325168e341eb2f8a8ffc26199008538c470562,PARTIAL,NEEDS_REVIEW
DOC-HFM-A000583,《针灸甲乙经》福建科学技术出版社2012张玉萍,UNKNOWN,UNKNOWN,UNKNOWN,UNKNOWN,UNKNOWN,PDF,ZH,UNKNOWN,HFM-A000583,246,e82d3c877faabf1f201327e92d0cd877a09910f9c3e499b3e6cbe35c68e67024,PARTIAL,NEEDS_REVIEW
DOC-HFM-A000584,《针灸甲乙经》科学技术出版社张全明校注2010,UNKNOWN,UNKNOWN,UNKNOWN,UNKNOWN,UNKNOWN,PDF,ZH,UNKNOWN,HFM-A000584,512,c417fa24c86f81497c363b8f484d21f4a41c384d8af42bd587154a57a9492c7b,PARTIAL,NEEDS_REVIEW
DOC-HFM-A000585,《针灸甲乙经》第二军医大学出版社2008王勤俭校注,UNKNOWN,UNKNOWN,UNKNOWN,UNKNOWN,UNKNOWN,PDF,ZH,UNKNOWN,HFM-A000585,442,ae51618048ec7f5b9a604fc816b406f0a7daf9d4d552d5dbccffc48f8a92efb3,PARTIAL,NEEDS_REVIEW
DOC-HFM-A000586,《针灸甲乙经》西安交通大学出版2018吴思渊,UNKNOWN,UNKNOWN,UNKNOWN,UNKNOWN,UNKNOWN,PDF,ZH,UNKNOWN,HFM-A000586,447,c373b59c8dafbc93ab8382ad9ac2c7cbaa3f4589f9e2d06532799b35edca3122,PARTIAL,NEEDS_REVIEW
DOC-HFM-A000587,《针灸甲乙经》贵州教育出版社2010贾成文,UNKNOWN,UNKNOWN,UNKNOWN,UNKNOWN,UNKNOWN,PDF,ZH,UNKNOWN,HFM-A000587,686,b48ead179d21331279379f48126490dd3451fc2e8212ebf814aae3de5a145167,PARTIAL,NEEDS_REVIEW
DOC-HFM-A000588,《针灸甲乙经》鲁兆麟校1994,UNKNOWN,UNKNOWN,UNKNOWN,UNKNOWN,UNKNOWN,PDF,ZH,UNKNOWN,HFM-A000588,114,b4261540b86b1cd741d1d440d68f66527ebef219ba880f611399397dad9cdadc,PARTIAL,NEEDS_REVIEW
DOC-HFM-A000589,《针灸甲乙经语译及腧穴临证实录》中国古籍出版社2018潘文,UNKNOWN,UNKNOWN,UNKNOWN,UNKNOWN,UNKNOWN,PDF,ZH,UNKNOWN,HFM-A000589,610,0155c74442460f93c0422a93c26b253ed41087474568b188d400eda5bbe66f79,PARTIAL,NEEDS_REVIEW
DOC-HFM-A000590,《针灸甲乙经（一）》广州出版社陈国勇2003,UNKNOWN,UNKNOWN,UNKNOWN,UNKNOWN,UNKNOWN,PDF,ZH,UNKNOWN,HFM-A000590,113,597d54e6f92698842122fa4a7abbfefbf375b7ea0b88bd319c52385672d9450c,PARTIAL,NEEDS_REVIEW
DOC-HFM-A000591,《针灸甲乙经（一）》广州出版社陈国勇2003（2）,UNKNOWN,UNKNOWN,UNKNOWN,UNKNOWN,UNKNOWN,PDF,ZH,UNKNOWN,HFM-A000591,113,ebfecbcd36e08b0c5ba8c5417ff814e50a2a094e3c5e5c3703aacaa64a695b57,PARTIAL,NEEDS_REVIEW
DOC-HFM-A000592,《针灸甲乙经（三）》广州出版社陈国勇2003,UNKNOWN,UNKNOWN,UNKNOWN,UNKNOWN,UNKNOWN,PDF,ZH,UNKNOWN,HFM-A000592,115,f3e95a2d3df930f7196c9c70bded9ce9592773351ebcc94f704eebe46975235f,PARTIAL,NEEDS_REVIEW
DOC-HFM-A000593,《针灸甲乙经（三）》广州出版社陈国勇2003（2）,UNKNOWN,UNKNOWN,UNKNOWN,UNKNOWN,UNKNOWN,PDF,ZH,UNKNOWN,HFM-A000593,115,a1d434310e651f8c2772402a478b093d4bcd61c137d73bb71f0b8e95e4285f6f,PARTIAL,NEEDS_REVIEW
DOC-HFM-A000594,《针灸甲乙经（二）》广州出版社陈国勇2003,UNKNOWN,UNKNOWN,UNKNOWN,UNKNOWN,UNKNOWN,PDF,ZH,UNKNOWN,HFM-A000594,114,6eb4c771a7a598ea499891200ad546bf732cc5f2f801ddd7cc4b97dc2b71dea6,PARTIAL,NEEDS_REVIEW
DOC-HFM-A000595,《针灸甲乙经（二）》广州出版社陈国勇2003（2）,UNKNOWN,UNKNOWN,UNKNOWN,UNKNOWN,UNKNOWN,PDF,ZH,UNKNOWN,HFM-A000595,114,08d3791518f76180dc66cd64921778ecfd70d5b1713b8c7d982e5fda954f336e,PARTIAL,NEEDS_REVIEW
DOC-HFM-A000596,《针灸甲乙经》中华书局1991,UNKNOWN,UNKNOWN,UNKNOWN,UNKNOWN,UNKNOWN,PDF,ZH,UNKNOWN,HFM-A000596,263,6ae7c8c9f6054ea0abc4dd1229b984160db2a81e56b59919942923390567d370,PARTIAL,NEEDS_REVIEW
DOC-HFM-A000597,《针灸甲乙经》中华书局1991（2）,UNKNOWN,UNKNOWN,UNKNOWN,UNKNOWN,UNKNOWN,PDF,ZH,UNKNOWN,HFM-A000597,143,6632fb8d10f01216f0c7d02d89d7fc785dea322b307a1f7d692b4362c0d3a798,PARTIAL,NEEDS_REVIEW
DOC-HFM-A000598,《针灸甲乙经》中国中医药科技出版2018,UNKNOWN,UNKNOWN,UNKNOWN,UNKNOWN,UNKNOWN,PDF,ZH,UNKNOWN,HFM-A000598,288,33ad7a24ac753bf651679ebeedca82c0c2e33e0d7eab31329e8c6311584572d7,PARTIAL,NEEDS_REVIEW
DOC-HFM-A000599,《针灸甲乙经》中国医药科技出版2019 周琦校注,UNKNOWN,UNKNOWN,UNKNOWN,UNKNOWN,UNKNOWN,PDF,ZH,UNKNOWN,HFM-A000599,406,f2774be3385f5123b792ae6299bd819a3436ef1878a9df747729889f91004fa6,PARTIAL,NEEDS_REVIEW
DOC-HFM-A000600,《针灸甲乙经》中国医药科技出版社2011赵燕宜,UNKNOWN,UNKNOWN,UNKNOWN,UNKNOWN,UNKNOWN,PDF,ZH,UNKNOWN,HFM-A000600,332,2f7a82d0b5e01bfe1124984e0df27e421abfd4c6ce75a38fef7766f0735ae615,PARTIAL,NEEDS_REVIEW
DOC-HFM-A000601,《针灸甲乙经选读》中国中医药出版社何天有雒成林2010,UNKNOWN,UNKNOWN,UNKNOWN,UNKNOWN,UNKNOWN,PDF,ZH,UNKNOWN,HFM-A000601,389,a9e55348cf850a700fbcc0af1ad773453706417e50c789b6356c5d744c96822e,PARTIAL,NEEDS_REVIEW
DOC-HFM-A000602,《针灸甲乙经》人卫出版社1956,UNKNOWN,UNKNOWN,UNKNOWN,UNKNOWN,UNKNOWN,PDF,ZH,UNKNOWN,HFM-A000602,159,b6025816786d584776f0140730d0eee1e1f53a1bfdee5ea98f6ab4cc4659d627,PARTIAL,NEEDS_REVIEW
DOC-HFM-A000603,《针灸甲乙经》人卫出版社1962,UNKNOWN,UNKNOWN,UNKNOWN,UNKNOWN,UNKNOWN,PDF,ZH,UNKNOWN,HFM-A000603,289,8a1f7261f8b4c2ec71874ac069f4014f7a750844510c77665363203f1377deb7,PARTIAL,NEEDS_REVIEW
DOC-HFM-A000604,《针灸甲乙经》人卫出版社2006黄龙祥整理,UNKNOWN,UNKNOWN,UNKNOWN,UNKNOWN,UNKNOWN,PDF,ZH,UNKNOWN,HFM-A000604,352,1812a90206266898b560ed294c6deda3c182e30cee4b718bbc4fcae6e7b558e0,PARTIAL,NEEDS_REVIEW
DOC-HFM-A000605,《针灸甲乙经》人民卫生出版2017社黄龙祥整理,UNKNOWN,UNKNOWN,UNKNOWN,UNKNOWN,UNKNOWN,PDF,ZH,UNKNOWN,HFM-A000605,401,c68a2a21b54dd0d512ed52a64e83b22918bb00fc78799065791c77fa7c145bc3,PARTIAL,NEEDS_REVIEW
DOC-HFM-A000606,《针灸甲乙经校释》山东中医学院1979上册+下册 (2),UNKNOWN,UNKNOWN,UNKNOWN,UNKNOWN,UNKNOWN,PDF,ZH,UNKNOWN,HFM-A000606,1531,887bea69b6a0565570485e6351806cb0af4149dca2b274939ff43d34626951e9,PARTIAL,NEEDS_REVIEW
DOC-HFM-A000607,《针灸甲乙经校释》山东中医学院1979上册+下册 (3),UNKNOWN,UNKNOWN,UNKNOWN,UNKNOWN,UNKNOWN,PDF,ZH,UNKNOWN,HFM-A000607,1531,c9c59e7523e2972a6fbff6a0acaa67ba5bea6a285bd25c4c51103e9962ab66ff,PARTIAL,NEEDS_REVIEW
DOC-HFM-A000608,《针灸甲乙经校释》山东中医学院1979上册+下册,UNKNOWN,UNKNOWN,UNKNOWN,UNKNOWN,UNKNOWN,PDF,ZH,UNKNOWN,HFM-A000608,1531,96394fd12e8c24ee6dabc466c97b7d52a33694fcc2f7317e92529d6b8e25e423,PARTIAL,NEEDS_REVIEW
DOC-HFM-A000609,《针灸甲乙经校释》山东中医学院1979上册,UNKNOWN,UNKNOWN,UNKNOWN,UNKNOWN,UNKNOWN,PDF,ZH,UNKNOWN,HFM-A000609,765,f964924fa9b70dda8415a22e312ad68d9b39e1ecccd2640caed156705bc4c25e,PARTIAL,NEEDS_REVIEW
DOC-HFM-A000610,《针灸甲乙经校释》山东中医学院1979上册（2）,UNKNOWN,UNKNOWN,UNKNOWN,UNKNOWN,UNKNOWN,PDF,ZH,UNKNOWN,HFM-A000610,765,f964924fa9b70dda8415a22e312ad68d9b39e1ecccd2640caed156705bc4c25e,PARTIAL,NEEDS_REVIEW
DOC-HFM-A000611,《针灸甲乙经校释》山东中医学院2009第2版上册,UNKNOWN,UNKNOWN,UNKNOWN,UNKNOWN,UNKNOWN,PDF,ZH,UNKNOWN,HFM-A000611,601,f641dc9ab8aef46f3174065437c50ccb7c9486f1acc24c63ec93521de90a83ad,PARTIAL,NEEDS_REVIEW
DOC-HFM-A000612,《针灸甲乙经校释》山东中医学院2009第2版下册,UNKNOWN,UNKNOWN,UNKNOWN,UNKNOWN,UNKNOWN,PDF,ZH,UNKNOWN,HFM-A000612,594,9def40c9389e37a852349ec10ff9b2092c3b234e1c3827aa68c6180c9ab5c168,PARTIAL,NEEDS_REVIEW
DOC-HFM-A000613,《针灸甲乙经校注》（张灿玾、徐国千）1996（1）,UNKNOWN,UNKNOWN,UNKNOWN,UNKNOWN,UNKNOWN,PDF,ZH,UNKNOWN,HFM-A000613,1116,a19cf30e137f9718b0f0a95983ef07f89ccdb49a955d1a67be13dfb9a1a39a77,PARTIAL,NEEDS_REVIEW
DOC-HFM-A000614,《针灸甲乙经校注》（张灿玾、徐国千）1996（2）,UNKNOWN,UNKNOWN,UNKNOWN,UNKNOWN,UNKNOWN,PDF,ZH,UNKNOWN,HFM-A000614,1116,a161868be00507519a8eb1c0d701cc551933b131409d9bb1ae8f82f68241225d,PARTIAL,NEEDS_REVIEW
DOC-HFM-A000615,《针灸甲乙经校注》（张灿玾、徐国千）1996（3）,UNKNOWN,UNKNOWN,UNKNOWN,UNKNOWN,UNKNOWN,PDF,ZH,UNKNOWN,HFM-A000615,970,9fea2a1368c8d3cfb2d066b9ebaaa6b64f30fde1cbc46fc39b87f0fbd2729974,PARTIAL,NEEDS_REVIEW
DOC-HFM-A000616,《针灸甲乙经校注》（张灿玾、徐国千）1996（4）,UNKNOWN,UNKNOWN,UNKNOWN,UNKNOWN,UNKNOWN,PDF,ZH,UNKNOWN,HFM-A000616,2039,0e243681b8db1ed495b5b9c41940d989eb9ecc91728749e6a3c17ffb7c26eaa2,PARTIAL,NEEDS_REVIEW
DOC-HFM-A000617,《针灸甲乙经校注》（张灿玾、徐国千）2014(上册),UNKNOWN,UNKNOWN,UNKNOWN,UNKNOWN,UNKNOWN,PDF,ZH,UNKNOWN,HFM-A000617,800,0bb4b87b504f35c47381fd4f4d31b7f03da3eb3d496e4a99b2424944f91cde6b,PARTIAL,NEEDS_REVIEW
DOC-HFM-A000618,《针灸甲乙经校注》（张灿玾、徐国千）2014(下册),UNKNOWN,UNKNOWN,UNKNOWN,UNKNOWN,UNKNOWN,PDF,ZH,UNKNOWN,HFM-A000618,674,9baad8960deebd9c9010354b5d91e72b2c476abf4bda607cf91515468b934902,PARTIAL,NEEDS_REVIEW
DOC-HFM-A000619,《针灸甲乙经》白话精解王竹星2010,UNKNOWN,UNKNOWN,UNKNOWN,UNKNOWN,UNKNOWN,PDF,ZH,UNKNOWN,HFM-A000619,557,bc8bed662b6ea8866a432a6655d9fbb1fb63de42c90853dbe6a374eec3c62230,PARTIAL,NEEDS_REVIEW
DOC-HFM-A000620,《针灸甲乙经一学就通》林政宏2007,UNKNOWN,UNKNOWN,UNKNOWN,UNKNOWN,UNKNOWN,PDF,ZH,UNKNOWN,HFM-A000620,209,e25174c9a6b533788955293e6eaad60f1aad97e9d35e435f0100b315f1877c2c,PARTIAL,NEEDS_REVIEW
DOC-HFM-A000621,《高士传》中华书局1985,UNKNOWN,UNKNOWN,UNKNOWN,UNKNOWN,UNKNOWN,PDF,ZH,UNKNOWN,HFM-A000621,128,cb97b82aa38e7914296adfd0ecbfe7f1dff9fab9bc53032841325452fafdecaf,PARTIAL,NEEDS_REVIEW
DOC-HFM-A000622,1、平凉市名中医,UNKNOWN,UNKNOWN,UNKNOWN,UNKNOWN,UNKNOWN,PDF,ZH,UNKNOWN,HFM-A000622,1,0b1ccf24a8965f5f035682f6c20274949aa10673db61bd650c4aa7354e3f3f2e,PARTIAL,NEEDS_REVIEW
DOC-HFM-A000623,2、甘肃省先进工作者,UNKNOWN,UNKNOWN,UNKNOWN,UNKNOWN,UNKNOWN,PDF,ZH,UNKNOWN,HFM-A000623,2,a248c5ce87862e17fdc3dbfbeebe36c0322129262281c3aa9ef5d798037a76e0,SUCCESS,NEEDS_REVIEW
DOC-HFM-A000624,3、甘肃省名中医,UNKNOWN,UNKNOWN,UNKNOWN,UNKNOWN,UNKNOWN,PDF,ZH,UNKNOWN,HFM-A000624,1,1383a893b0c1fb4572a623bda70c067e10c38da178140774483b7b2a011bdc7b,SUCCESS,NEEDS_REVIEW
DOC-HFM-A000625,4、首届平凉名医,UNKNOWN,UNKNOWN,UNKNOWN,UNKNOWN,UNKNOWN,PDF,ZH,UNKNOWN,HFM-A000625,1,a4d9d84e3839561b8431468aa780b82f83da1b021f960ff7b5b5ef13ab6cd47a,SUCCESS,NEEDS_REVIEW
DOC-HFM-A000626,5、崆峒工匠,UNKNOWN,UNKNOWN,UNKNOWN,UNKNOWN,UNKNOWN,PDF,ZH,UNKNOWN,HFM-A000626,1,ee23072cdf80df64a0ace7b28ddc7552381282bdc25be555a80b4f3a27985c37,SUCCESS,NEEDS_REVIEW
DOC-HFM-A000627,6、甘肃高层次专业技术人才津贴人员,UNKNOWN,UNKNOWN,UNKNOWN,UNKNOWN,UNKNOWN,PDF,ZH,UNKNOWN,HFM-A000627,1,3ea22a1d5e60c4f33c2b77c70a057c1f59b668ad25602de0936b918431824296,PARTIAL,NEEDS_REVIEW
DOC-HFM-A000628,2016年优秀院长,UNKNOWN,UNKNOWN,UNKNOWN,UNKNOWN,UNKNOWN,PDF,ZH,UNKNOWN,HFM-A000628,1,c85da46842c71e60c27910362d702160393b7df5ecc2b9e6f05ff88b2e9b5bcf,SUCCESS,NEEDS_REVIEW
DOC-HFM-A000629,2017优秀院长,UNKNOWN,UNKNOWN,UNKNOWN,UNKNOWN,UNKNOWN,PDF,ZH,UNKNOWN,HFM-A000629,1,c67dc4ad31d81485f5b69402eab665b57808a4e5a35fb04d7570754b86e0ae18,SUCCESS,NEEDS_REVIEW
DOC-HFM-A000630,2018优秀院长,UNKNOWN,UNKNOWN,UNKNOWN,UNKNOWN,UNKNOWN,PDF,ZH,UNKNOWN,HFM-A000630,1,4652c39ffe00d4d38fa3329326e7705b76427d2b26bed10f5f3897cce8784814,SUCCESS,NEEDS_REVIEW
DOC-HFM-A000632,2019优秀院长,UNKNOWN,UNKNOWN,UNKNOWN,UNKNOWN,UNKNOWN,PDF,ZH,UNKNOWN,HFM-A000632,1,543afef5100c765db9dc10f553b8f3c6b42e1957c33243f22909c4ac9a943cbd,SUCCESS,NEEDS_REVIEW
DOC-HFM-A000633,皇甫谧针灸市级非物质文化遗产代表性传承人认定文件,UNKNOWN,UNKNOWN,UNKNOWN,UNKNOWN,UNKNOWN,PDF,ZH,UNKNOWN,HFM-A000633,7,c9737e250cfcbe16fc7d01d20a35fd0a6e9745eee10ebd064aaba21c96a7cb0c,PARTIAL,NEEDS_REVIEW
DOC-HFM-A000634,1、甘肃省高等学校医学类专业教学指导、认证与教材建设委员会委员聘书,UNKNOWN,UNKNOWN,UNKNOWN,UNKNOWN,UNKNOWN,PDF,ZH,UNKNOWN,HFM-A000634,1,e7bab93d116a0f6cdb1781d6b93b91b160d160b1b205cce922dfb123a176fcd0,SUCCESS,NEEDS_REVIEW
DOC-HFM-A000635,2、省针灸学会副会长,UNKNOWN,UNKNOWN,UNKNOWN,UNKNOWN,UNKNOWN,PDF,ZH,UNKNOWN,HFM-A000635,1,5290b2d22fad9d31ed6ecd47412dc9daed9b00f3eb2b8d6cb57c860f89b214c4,SUCCESS,NEEDS_REVIEW
DOC-HFM-A000636,3、市针灸学会会长,UNKNOWN,UNKNOWN,UNKNOWN,UNKNOWN,UNKNOWN,PDF,ZH,UNKNOWN,HFM-A000636,1,c63448e2d8a31bd110b38eea8f1b6b6038d2f1d113b58a3e40d0461ba9588f13,SUCCESS,NEEDS_REVIEW
DOC-HFM-A000637,4、2023中国针灸学会非物质文化遗产工作委员会委员,UNKNOWN,UNKNOWN,UNKNOWN,UNKNOWN,UNKNOWN,PDF,ZH,UNKNOWN,HFM-A000637,1,6698e06f8609ce3df20096a79c94251c586e0d24dd7cb90a4a318b8655c7c7bd,SUCCESS,NEEDS_REVIEW
DOC-HFM-A000638,5、2025全国综合及医科大学针灸推拿学联盟副理事长,UNKNOWN,UNKNOWN,UNKNOWN,UNKNOWN,UNKNOWN,PDF,ZH,UNKNOWN,HFM-A000638,1,a70fa42246f696d5cbf916e178146cd985fc0271310a9a5ca65f1e4477b5d5ab,PARTIAL,NEEDS_REVIEW
DOC-HFM-A000639,6、全国针灸推拿学行业产教融合共同体副理事长聘书或证明文件,UNKNOWN,UNKNOWN,UNKNOWN,UNKNOWN,UNKNOWN,PDF,ZH,UNKNOWN,HFM-A000639,1,5eb2729b8d8d293ed0200ab137fa29202f37d5a0bf7e173962ac657c8f45367b,SUCCESS,NEEDS_REVIEW
DOC-HFM-A000640,刘君奇 科研列表,UNKNOWN,UNKNOWN,UNKNOWN,UNKNOWN,UNKNOWN,PDF,ZH,UNKNOWN,HFM-A000640,,1277dbb3c32a0b821c24e4d175f602faadf2e1a908f5a8c020d0c688826e8fbc,PARTIAL,NEEDS_REVIEW
DOC-HFM-A000641,市科技进步三等奖,UNKNOWN,UNKNOWN,UNKNOWN,UNKNOWN,UNKNOWN,PDF,ZH,UNKNOWN,HFM-A000641,1,40829169050633f880b0f423f1e5ee4a4d9ce1a4326c2ceaad8f8a2cbd2a176f,SUCCESS,NEEDS_REVIEW
DOC-HFM-A000642,市科技进步二等奖,UNKNOWN,UNKNOWN,UNKNOWN,UNKNOWN,UNKNOWN,PDF,ZH,UNKNOWN,HFM-A000642,1,1702f3a4cedfb97839e502a751d16dc283140ad447405a2ac436012c0dca24b9,SUCCESS,NEEDS_REVIEW
DOC-HFM-A000643,市科技进步二等奖2,UNKNOWN,UNKNOWN,UNKNOWN,UNKNOWN,UNKNOWN,PDF,ZH,UNKNOWN,HFM-A000643,1,e32c6144f0b7a08ef63b8a73daa68f97d2d046d6b673bceaa0ad38ef34232c29,SUCCESS,NEEDS_REVIEW
DOC-HFM-A000644,市科技进步二等奖3,UNKNOWN,UNKNOWN,UNKNOWN,UNKNOWN,UNKNOWN,PDF,ZH,UNKNOWN,HFM-A000644,1,651cf5792ea2f46f004d3394f324eddccaaac73039fb4c8925bb3c1de13a272f,PARTIAL,NEEDS_REVIEW
DOC-HFM-A000645,市科技进步二等奖4,UNKNOWN,UNKNOWN,UNKNOWN,UNKNOWN,UNKNOWN,PDF,ZH,UNKNOWN,HFM-A000645,1,4483420576e67bb78abb582b559552275faa9d4762bc77a81ef8ba2fa97c9a40,SUCCESS,NEEDS_REVIEW
DOC-HFM-A000646,市科技进步二等奖5,UNKNOWN,UNKNOWN,UNKNOWN,UNKNOWN,UNKNOWN,PDF,ZH,UNKNOWN,HFM-A000646,1,5752bdd4a650e7f1bb48f3b66b20f48f82ab541b933fbbcc97f09b9d2291d369,SUCCESS,NEEDS_REVIEW
DOC-HFM-A000647,市科技进步二等奖6,UNKNOWN,UNKNOWN,UNKNOWN,UNKNOWN,UNKNOWN,PDF,ZH,UNKNOWN,HFM-A000647,1,0b6c8caa82521dcf69037379045feb1fb447630a0996221c2e58b3d9903ed50c,SUCCESS,NEEDS_REVIEW
DOC-HFM-A000648,市科技进步二等奖7,UNKNOWN,UNKNOWN,UNKNOWN,UNKNOWN,UNKNOWN,PDF,ZH,UNKNOWN,HFM-A000648,1,c3228c2968d05dbe26dae5298803a25a6f75487767ece924f38a955d0e2818da,SUCCESS,NEEDS_REVIEW
DOC-HFM-A000649,市科技进步二等奖8,UNKNOWN,UNKNOWN,UNKNOWN,UNKNOWN,UNKNOWN,PDF,ZH,UNKNOWN,HFM-A000649,1,efd037b718a2bde38c35e161fcbe2547ec92f0c455b0a99405bc22a5f913bac9,PARTIAL,NEEDS_REVIEW
DOC-HFM-A000650,市科技进步二等奖9,UNKNOWN,UNKNOWN,UNKNOWN,UNKNOWN,UNKNOWN,PDF,ZH,UNKNOWN,HFM-A000650,1,fea803d16aa498204ac607b10210789ed6a296dd85fa3a80e2d8e55ab129be46,SUCCESS,NEEDS_REVIEW
DOC-HFM-A000651,（封面）中药外敷联合针刺治疗膝关节骨性关节炎的临床疗效及对关节疼痛的影响,UNKNOWN,UNKNOWN,UNKNOWN,UNKNOWN,UNKNOWN,PDF,ZH,UNKNOWN,HFM-A000651,1,5121b737d3370660e4fb5f8402b6d0abc05d2c88648b81173bf483f027f70408,SUCCESS,NEEDS_REVIEW
DOC-HFM-A000652,（正文）中药外敷联合针刺治疗膝关节骨性关节炎的临床疗效及对关节疼痛的影响,UNKNOWN,UNKNOWN,UNKNOWN,UNKNOWN,UNKNOWN,PDF,ZH,UNKNOWN,HFM-A000652,1,1d0ab96d76e0899102c97f0e3a3e7ae9e2e11618c41ab4fbef802298b5f30ce0,SUCCESS,NEEDS_REVIEW
DOC-HFM-A000653,（目录）中药外敷联合针刺治疗膝关节骨性关节炎的临床疗效及对关节疼痛的影响,UNKNOWN,UNKNOWN,UNKNOWN,UNKNOWN,UNKNOWN,PDF,ZH,UNKNOWN,HFM-A000653,1,1ea3289b648cb0bbf3bd68e25534c2865cf67b52a1ad5812edcde08ee31143d1,SUCCESS,NEEDS_REVIEW
DOC-HFM-A000654,（首页）中药外敷联合针刺治疗膝关节骨性关节炎的临床疗效及对关节疼痛的影响,UNKNOWN,UNKNOWN,UNKNOWN,UNKNOWN,UNKNOWN,PDF,ZH,UNKNOWN,HFM-A000654,2,3ee22a45e6e5065594726ae61e68d5579362f70eec2d2bdaac32b920ae1d2695,PARTIAL,NEEDS_REVIEW
DOC-HFM-A000655,刘君奇发表论文清单,UNKNOWN,UNKNOWN,UNKNOWN,UNKNOWN,UNKNOWN,PDF,ZH,UNKNOWN,HFM-A000655,,cf09b686a5ecb2e3d690dc203793c0e80bf76adf2b6687c235a62b3ec0da0101,PARTIAL,NEEDS_REVIEW
DOC-HFM-A000656,封面,UNKNOWN,UNKNOWN,UNKNOWN,UNKNOWN,UNKNOWN,PDF,ZH,UNKNOWN,HFM-A000656,1,15838843c77d35c00d7aeb26810d39569044b38675ee4b994a6431cf9f581a63,SUCCESS,NEEDS_REVIEW
DOC-HFM-A000657,正文1,UNKNOWN,UNKNOWN,UNKNOWN,UNKNOWN,UNKNOWN,PDF,ZH,UNKNOWN,HFM-A000657,1,87ba088df8b258ef321181e84c5d98ffc23df4ad6e056d62188d67d78cd13566,SUCCESS,NEEDS_REVIEW
DOC-HFM-A000658,正文2,UNKNOWN,UNKNOWN,UNKNOWN,UNKNOWN,UNKNOWN,PDF,ZH,UNKNOWN,HFM-A000658,1,d01e2ce77c09d34dbe5787d6d11f3303636e59be9dde52ff990053d0d8744f90,SUCCESS,NEEDS_REVIEW
DOC-HFM-A000659,正文3,UNKNOWN,UNKNOWN,UNKNOWN,UNKNOWN,UNKNOWN,PDF,ZH,UNKNOWN,HFM-A000659,1,b1ef85922ae32bc57b386a9d22e109aea18ebe93ea75426f43a471907966c7e8,SUCCESS,NEEDS_REVIEW
DOC-HFM-A000660,正文4,UNKNOWN,UNKNOWN,UNKNOWN,UNKNOWN,UNKNOWN,PDF,ZH,UNKNOWN,HFM-A000660,1,8cd1ef1fd6ba84a19b330c42843b9a21b9f90520aa8222fa1d6e352d5484b758,PARTIAL,NEEDS_REVIEW
DOC-HFM-A000661,正文5,UNKNOWN,UNKNOWN,UNKNOWN,UNKNOWN,UNKNOWN,PDF,ZH,UNKNOWN,HFM-A000661,1,29b0f51e22e39f69655a46463532cdc1fc6a30fc585f9315379ebdea50db3c72,SUCCESS,NEEDS_REVIEW
DOC-HFM-A000662,正文6,UNKNOWN,UNKNOWN,UNKNOWN,UNKNOWN,UNKNOWN,PDF,ZH,UNKNOWN,HFM-A000662,1,21887209eea71e947eeb340cb6825b2f8cc57215ea9f1af2f9a3b331d9d22eac,SUCCESS,NEEDS_REVIEW
DOC-HFM-A000663,目录,UNKNOWN,UNKNOWN,UNKNOWN,UNKNOWN,UNKNOWN,PDF,ZH,UNKNOWN,HFM-A000663,1,a71bb9221111f3386159745990ca2efe24990601e89411ebe412f55c89207c6a,SUCCESS,NEEDS_REVIEW
DOC-HFM-A000664,首页,UNKNOWN,UNKNOWN,UNKNOWN,UNKNOWN,UNKNOWN,PDF,ZH,UNKNOWN,HFM-A000664,1,ebbfe9d597c87a984f261f7a98912588f7a3511b24e72f3482a979c62c07489f,SUCCESS,NEEDS_REVIEW
DOC-HFM-A000665,19社科联项目立项证明,UNKNOWN,UNKNOWN,UNKNOWN,UNKNOWN,UNKNOWN,PDF,ZH,UNKNOWN,HFM-A000665,3,576184e212e1b271212bf0c1ba5e83deb27fe0b17e7934bb95597bd572d17025,PARTIAL,NEEDS_REVIEW
DOC-HFM-A000667,2023结项证书 甘肃特色地域文化传承创新研究一一以皇甫谧文化传承创新路径研究为例,UNKNOWN,UNKNOWN,UNKNOWN,UNKNOWN,UNKNOWN,PDF,ZH,UNKNOWN,HFM-A000667,1,42c6a61dda4c0815620454c16b21f5585acad477b933a1785eeef41753cd6b33,SUCCESS,NEEDS_REVIEW
DOC-HFM-A000668,1、协助中央广播电视台华语环球节目纪录片部拍摄《杏林繁华》工作方案,UNKNOWN,UNKNOWN,UNKNOWN,UNKNOWN,UNKNOWN,PDF,ZH,UNKNOWN,HFM-A000668,3,e00d5645692af61aca34d3bd35c68346b76f98d17d1b50b12b507aa81c848d9f,SUCCESS,NEEDS_REVIEW
DOC-HFM-A000669,2、央视《魅力中国城》栏目参与证明材料,UNKNOWN,UNKNOWN,UNKNOWN,UNKNOWN,UNKNOWN,PDF,ZH,UNKNOWN,HFM-A000669,1,cc040998432ddb31a9f6047480a38aa41a7ca4ed3053d7f07f2cace6323a4b34,SUCCESS,NEEDS_REVIEW
DOC-HFM-A000670,崆峒区,UNKNOWN,UNKNOWN,UNKNOWN,UNKNOWN,UNKNOWN,PDF,ZH,UNKNOWN,HFM-A000670,1,fa869c246140af34ad46889cb4b2b1b60cef3b93a084197c6161df558f0432ea,SUCCESS,NEEDS_REVIEW
DOC-HFM-A000671,灵台县,UNKNOWN,UNKNOWN,UNKNOWN,UNKNOWN,UNKNOWN,PDF,ZH,UNKNOWN,HFM-A000671,1,607b1cfdf861899d0cc50c170854d3148fd24ef9f96262aef2e1a79933da7dce,PARTIAL,NEEDS_REVIEW
DOC-HFM-A000672,甘肃卫视,UNKNOWN,UNKNOWN,UNKNOWN,UNKNOWN,UNKNOWN,PDF,ZH,UNKNOWN,HFM-A000672,1,ac2d2c9c1dd71372872e6d915554f08ab15b82c127e142bcab03d8b781073b24,SUCCESS,NEEDS_REVIEW
DOC-HFM-A000673,甘肃卫视等栏目宣传报道截图或链接,UNKNOWN,UNKNOWN,UNKNOWN,UNKNOWN,UNKNOWN,PDF,ZH,UNKNOWN,HFM-A000673,1,ba6329a581c86e0d1133dd00fe8fff244479aeed10e1936c3d5ec396bb01e1dc,SUCCESS,NEEDS_REVIEW
DOC-HFM-A000674,静宁县,UNKNOWN,UNKNOWN,UNKNOWN,UNKNOWN,UNKNOWN,PDF,ZH,UNKNOWN,HFM-A000674,1,5415421c6dd072f3c40b97a166ecb86ca77a3d679410c714a9aedc4d9cd03d53,SUCCESS,NEEDS_REVIEW
DOC-HFM-A000675,中央电视台拍摄函,UNKNOWN,UNKNOWN,UNKNOWN,UNKNOWN,UNKNOWN,PDF,ZH,UNKNOWN,HFM-A000675,1,3ff2382604213a2d58d5808958dd94479fd797a6731590b923e0aa23946a39d9,SUCCESS,NEEDS_REVIEW
DOC-HFM-A000676,央视图片证明材料,UNKNOWN,UNKNOWN,UNKNOWN,UNKNOWN,UNKNOWN,PDF,ZH,UNKNOWN,HFM-A000676,1,d04f8c0b7ad2a8fa706dae578d85256f9020b0fcb043d50a1362fa0a0effd239,PARTIAL,NEEDS_REVIEW
DOC-HFM-A000677,1、“刘君奇名中医工作室”成立及运行相关证明材料（崆峒区中医医院）,UNKNOWN,UNKNOWN,UNKNOWN,UNKNOWN,UNKNOWN,PDF,ZH,UNKNOWN,HFM-A000677,5,870a8f226f24585a19099e7a99ad552134f96542f839586efdd712b86addddcb,SUCCESS,NEEDS_REVIEW
DOC-HFM-A000678,2、“刘君奇中医工作室”相关证明材料（灵台县皇甫谧中医院）,UNKNOWN,UNKNOWN,UNKNOWN,UNKNOWN,UNKNOWN,PDF,ZH,UNKNOWN,HFM-A000678,2,427bbfb9264aa4e4b91a5e947592766a58ee79a52281f8f959d2b7e9ce32e930,SUCCESS,NEEDS_REVIEW
DOC-HFM-A000679,3、传承工作室及国医馆名单及基本情况,UNKNOWN,UNKNOWN,UNKNOWN,UNKNOWN,UNKNOWN,PDF,ZH,UNKNOWN,HFM-A000679,1,7e3ddd8fa9947749ca528c429c2f8ee5a1ffd5d0fb106c11078607b1c1b5a2b6,SUCCESS,NEEDS_REVIEW
DOC-HFM-A000680,4、带教师承学生名单带教基医生名单,UNKNOWN,UNKNOWN,UNKNOWN,UNKNOWN,UNKNOWN,PDF,ZH,UNKNOWN,HFM-A000680,4,1ecdc686df8c90e4893257a97d648adc3659d7ca855a2a3e54ccab2f672388a7,SUCCESS,NEEDS_REVIEW
DOC-HFM-A000681,师承教育拜师大会新闻稿,UNKNOWN,UNKNOWN,UNKNOWN,UNKNOWN,UNKNOWN,PDF,ZH,UNKNOWN,HFM-A000681,,454529c9a6d4094ce762a53503355f32ad9610c722635ea2c63dade97586f52f,PARTIAL,NEEDS_REVIEW
DOC-HFM-A000683,师承教育讲座(3),UNKNOWN,UNKNOWN,UNKNOWN,UNKNOWN,UNKNOWN,PDF,ZH,UNKNOWN,HFM-A000683,,63a1c34122a66b89842cb3170e88ffe5dbf4f8d52e9697171c00a2a3690120f2,PARTIAL,NEEDS_REVIEW
DOC-HFM-A000684,皇甫谧针灸学院中医师承制教学实施办法(3),UNKNOWN,UNKNOWN,UNKNOWN,UNKNOWN,UNKNOWN,PDF,ZH,UNKNOWN,HFM-A000684,,fe1117abda5c594b084ff131230a722697ade5f0b3507962b589a3605ff50f83,PARTIAL,NEEDS_REVIEW
DOC-HFM-A000685,1、甘肃医学院事业单位法人证书复印件,UNKNOWN,UNKNOWN,UNKNOWN,UNKNOWN,UNKNOWN,PDF,ZH,UNKNOWN,HFM-A000685,1,b72b17e7e89393dca12cb1e0b0578b755e7c9eefa7b0e50f3838bbe9562f0cf0,PARTIAL,NEEDS_REVIEW
DOC-HFM-A000686,2、不动产证明,UNKNOWN,UNKNOWN,UNKNOWN,UNKNOWN,UNKNOWN,PDF,ZH,UNKNOWN,HFM-A000686,6,f3cf846783bf7033ebaf88dcf20b18b680d64aac65e9f23f602f91a9aed67319,SUCCESS,NEEDS_REVIEW
DOC-HFM-A000687,1、甘肃医学院 职业技能等级认定机构备案信息采集表、认定函、承诺书,UNKNOWN,UNKNOWN,UNKNOWN,UNKNOWN,UNKNOWN,PDF,ZH,UNKNOWN,HFM-A000687,4,f0b971eb0088d02977c24a148336ba4c8030b01cabd38899c9a60a68dc4d2466,SUCCESS,NEEDS_REVIEW
DOC-HFM-A000688,2、职业技能等级认定考评员名单,UNKNOWN,UNKNOWN,UNKNOWN,UNKNOWN,UNKNOWN,PDF,ZH,UNKNOWN,HFM-A000688,1,b0845f6051175d2193971c242644f44526488843c2f8119bedef549d021909e2,SUCCESS,NEEDS_REVIEW
DOC-HFM-A000689,场地及设施设备,UNKNOWN,UNKNOWN,UNKNOWN,UNKNOWN,UNKNOWN,PDF,ZH,UNKNOWN,HFM-A000689,9,7ccd4b240dfcab713034c7a6ecd9aa15c208b3009ce9e2c1028430be1ebcaef2,SUCCESS,NEEDS_REVIEW
