LINK_ID,WORK_ID,DOCUMENT_ID,ASSET_ID,PAGE,SOURCE_PDF,SHA256,OUTPUT_FILE,LAYER
JIAYI-PAGE-HFM-A000013-1,WORK-JIAYI,DOC-HFM-A000013,HFM-A000013,1,针灸甲乙经/论文/针灸甲乙经/1-《针灸甲乙经》的读法.pdf,cb31884b4a2666bdd5c9c7d33d0e1451bf008760c7a52de616eb61364c0a8b44,content-production/batches/B02/extracted-text/HFM-A000013_raw.txt,TEXT
JIAYI-PAGE-HFM-A000013-2,WORK-JIAYI,DOC-HFM-A000013,HFM-A000013,2,针灸甲乙经/论文/针灸甲乙经/1-《针灸甲乙经》的读法.pdf,cb31884b4a2666bdd5c9c7d33d0e1451bf008760c7a52de616eb61364c0a8b44,content-production/batches/B02/extracted-text/HFM-A000013_raw.txt,TEXT
JIAYI-PAGE-HFM-A000013-3,WORK-JIAYI,DOC-HFM-A000013,HFM-A000013,3,针灸甲乙经/论文/针灸甲乙经/1-《针灸甲乙经》的读法.pdf,cb31884b4a2666bdd5c9c7d33d0e1451bf008760c7a52de616eb61364c0a8b44,content-production/batches/B02/extracted-text/HFM-A000013_raw.txt,TEXT
JIAYI-PAGE-HFM-A000013-4,WORK-JIAYI,DOC-HFM-A000013,HFM-A000013,4,针灸甲乙经/论文/针灸甲乙经/1-《针灸甲乙经》的读法.pdf,cb31884b4a2666bdd5c9c7d33d0e1451bf008760c7a52de616eb61364c0a8b44,content-production/batches/B02/extracted-text/HFM-A000013_raw.txt,TEXT
JIAYI-PAGE-HFM-A000014-1,WORK-JIAYI,DOC-HFM-A000014,HFM-A000014,1,针灸甲乙经/论文/针灸甲乙经/10-《针灸甲乙经》论治不孕症探析.pdf,9be9e03c0c052484be379108be715788aef1c3b199c889b17340739a27ddc8f1,content-production/corpus/extracted-text/HFM-A000014_raw.txt,TEXT
JIAYI-PAGE-HFM-A000014-2,WORK-JIAYI,DOC-HFM-A000014,HFM-A000014,2,针灸甲乙经/论文/针灸甲乙经/10-《针灸甲乙经》论治不孕症探析.pdf,9be9e03c0c052484be379108be715788aef1c3b199c889b17340739a27ddc8f1,content-production/corpus/extracted-text/HFM-A000014_raw.txt,TEXT
JIAYI-PAGE-HFM-A000014-3,WORK-JIAYI,DOC-HFM-A000014,HFM-A000014,3,针灸甲乙经/论文/针灸甲乙经/10-《针灸甲乙经》论治不孕症探析.pdf,9be9e03c0c052484be379108be715788aef1c3b199c889b17340739a27ddc8f1,content-production/corpus/extracted-text/HFM-A000014_raw.txt,TEXT
JIAYI-PAGE-HFM-A000014-4,WORK-JIAYI,DOC-HFM-A000014,HFM-A000014,4,针灸甲乙经/论文/针灸甲乙经/10-《针灸甲乙经》论治不孕症探析.pdf,9be9e03c0c052484be379108be715788aef1c3b199c889b17340739a27ddc8f1,content-production/corpus/extracted-text/HFM-A000014_raw.txt,TEXT
JIAYI-PAGE-HFM-A000015-1,WORK-JIAYI,DOC-HFM-A000015,HFM-A000015,1,针灸甲乙经/论文/针灸甲乙经/100-《针灸甲乙经》中胸胁满痛的治疗特色探赜.pdf,9563090f7004949467514da066771af951a80890edfd1fd0b10984e5d83070c3,content-production/corpus/extracted-text/HFM-A000015_raw.txt,TEXT
JIAYI-PAGE-HFM-A000015-2,WORK-JIAYI,DOC-HFM-A000015,HFM-A000015,2,针灸甲乙经/论文/针灸甲乙经/100-《针灸甲乙经》中胸胁满痛的治疗特色探赜.pdf,9563090f7004949467514da066771af951a80890edfd1fd0b10984e5d83070c3,content-production/corpus/extracted-text/HFM-A000015_raw.txt,TEXT
JIAYI-PAGE-HFM-A000015-3,WORK-JIAYI,DOC-HFM-A000015,HFM-A000015,3,针灸甲乙经/论文/针灸甲乙经/100-《针灸甲乙经》中胸胁满痛的治疗特色探赜.pdf,9563090f7004949467514da066771af951a80890edfd1fd0b10984e5d83070c3,content-production/corpus/extracted-text/HFM-A000015_raw.txt,TEXT
JIAYI-PAGE-HFM-A000016-1,WORK-JIAYI,DOC-HFM-A000016,HFM-A000016,1,针灸甲乙经/论文/针灸甲乙经/101-《针灸甲乙经》诊治目病的学术特色探析.pdf,439e4aa52cd03ebfe31ca09267a70a3a0d1912bce68ad3be7e3cdeb7b8354da4,content-production/corpus/extracted-text/HFM-A000016_raw.txt,TEXT
JIAYI-PAGE-HFM-A000016-2,WORK-JIAYI,DOC-HFM-A000016,HFM-A000016,2,针灸甲乙经/论文/针灸甲乙经/101-《针灸甲乙经》诊治目病的学术特色探析.pdf,439e4aa52cd03ebfe31ca09267a70a3a0d1912bce68ad3be7e3cdeb7b8354da4,content-production/corpus/extracted-text/HFM-A000016_raw.txt,TEXT
JIAYI-PAGE-HFM-A000017-1,WORK-JIAYI,DOC-HFM-A000017,HFM-A000017,1,针灸甲乙经/论文/针灸甲乙经/102-《针灸甲乙经》治疗耳鸣耳聋的特点分析.pdf,6a14baab961a030f2c2d5cacde2843273dbde5de105c2bcc411281516dd59409,content-production/corpus/extracted-text/HFM-A000017_raw.txt,TEXT
JIAYI-PAGE-HFM-A000017-2,WORK-JIAYI,DOC-HFM-A000017,HFM-A000017,2,针灸甲乙经/论文/针灸甲乙经/102-《针灸甲乙经》治疗耳鸣耳聋的特点分析.pdf,6a14baab961a030f2c2d5cacde2843273dbde5de105c2bcc411281516dd59409,content-production/corpus/extracted-text/HFM-A000017_raw.txt,TEXT
JIAYI-PAGE-HFM-A000018-1,WORK-JIAYI,DOC-HFM-A000018,HFM-A000018,1,针灸甲乙经/论文/针灸甲乙经/104-《针灸甲乙经》学术思想及针灸治疗癫痫的探究.pdf,48e4ea03afb9a1d3ed9365c07237fadca5b3274850031fbb1d724e638b2eba99,content-production/corpus/extracted-text/HFM-A000018_raw.txt,TEXT
JIAYI-PAGE-HFM-A000018-2,WORK-JIAYI,DOC-HFM-A000018,HFM-A000018,2,针灸甲乙经/论文/针灸甲乙经/104-《针灸甲乙经》学术思想及针灸治疗癫痫的探究.pdf,48e4ea03afb9a1d3ed9365c07237fadca5b3274850031fbb1d724e638b2eba99,content-production/corpus/extracted-text/HFM-A000018_raw.txt,TEXT
JIAYI-PAGE-HFM-A000018-3,WORK-JIAYI,DOC-HFM-A000018,HFM-A000018,3,针灸甲乙经/论文/针灸甲乙经/104-《针灸甲乙经》学术思想及针灸治疗癫痫的探究.pdf,48e4ea03afb9a1d3ed9365c07237fadca5b3274850031fbb1d724e638b2eba99,content-production/corpus/extracted-text/HFM-A000018_raw.txt,TEXT
JIAYI-PAGE-HFM-A000019-1,WORK-JIAYI,DOC-HFM-A000019,HFM-A000019,1,针灸甲乙经/论文/针灸甲乙经/106-浅析《针灸甲乙经》对背俞穴的认识与应用.pdf,fa5ab1fcd0b10d018bd190349c33b2130adf822af747dcde7468c72e89940334,content-production/corpus/extracted-text/HFM-A000019_raw.txt,TEXT
JIAYI-PAGE-HFM-A000019-2,WORK-JIAYI,DOC-HFM-A000019,HFM-A000019,2,针灸甲乙经/论文/针灸甲乙经/106-浅析《针灸甲乙经》对背俞穴的认识与应用.pdf,fa5ab1fcd0b10d018bd190349c33b2130adf822af747dcde7468c72e89940334,content-production/corpus/extracted-text/HFM-A000019_raw.txt,TEXT
JIAYI-PAGE-HFM-A000019-3,WORK-JIAYI,DOC-HFM-A000019,HFM-A000019,3,针灸甲乙经/论文/针灸甲乙经/106-浅析《针灸甲乙经》对背俞穴的认识与应用.pdf,fa5ab1fcd0b10d018bd190349c33b2130adf822af747dcde7468c72e89940334,content-production/corpus/extracted-text/HFM-A000019_raw.txt,TEXT
JIAYI-PAGE-HFM-A000020-1,WORK-JIAYI,DOC-HFM-A000020,HFM-A000020,1,针灸甲乙经/论文/针灸甲乙经/107-《针灸甲乙经》刺络疗法操作方法特点初探.pdf,f82546aaad7c1f9b4acb285baf8a58575a5db7618703023757c58fd3fb8eb765,content-production/corpus/extracted-text/HFM-A000020_raw.txt,TEXT
JIAYI-PAGE-HFM-A000020-2,WORK-JIAYI,DOC-HFM-A000020,HFM-A000020,2,针灸甲乙经/论文/针灸甲乙经/107-《针灸甲乙经》刺络疗法操作方法特点初探.pdf,f82546aaad7c1f9b4acb285baf8a58575a5db7618703023757c58fd3fb8eb765,content-production/corpus/extracted-text/HFM-A000020_raw.txt,TEXT
JIAYI-PAGE-HFM-A000021-1,WORK-JIAYI,DOC-HFM-A000021,HFM-A000021,1,针灸甲乙经/论文/针灸甲乙经/108-探索《针灸甲乙经》中针灸治疗狂证的经络运用规律.pdf,00654581ca3e8522a2068d40458c875d63a5844e33a76629f4669e4ba779e533,content-production/corpus/extracted-text/HFM-A000021_raw.txt,TEXT
JIAYI-PAGE-HFM-A000022-1,WORK-JIAYI,DOC-HFM-A000022,HFM-A000022,1,针灸甲乙经/论文/针灸甲乙经/109-《针灸大成》对《针灸甲乙经》针刺理论的继承与发展.pdf,cd8cb10c520c4dc4c9291a06fb97ac7538a3157a5c57b2fbe8816ded61f425fa,content-production/corpus/extracted-text/HFM-A000022_raw.txt,TEXT
JIAYI-PAGE-HFM-A000022-2,WORK-JIAYI,DOC-HFM-A000022,HFM-A000022,2,针灸甲乙经/论文/针灸甲乙经/109-《针灸大成》对《针灸甲乙经》针刺理论的继承与发展.pdf,cd8cb10c520c4dc4c9291a06fb97ac7538a3157a5c57b2fbe8816ded61f425fa,content-production/corpus/extracted-text/HFM-A000022_raw.txt,TEXT
JIAYI-PAGE-HFM-A000022-3,WORK-JIAYI,DOC-HFM-A000022,HFM-A000022,3,针灸甲乙经/论文/针灸甲乙经/109-《针灸大成》对《针灸甲乙经》针刺理论的继承与发展.pdf,cd8cb10c520c4dc4c9291a06fb97ac7538a3157a5c57b2fbe8816ded61f425fa,content-production/corpus/extracted-text/HFM-A000022_raw.txt,TEXT
JIAYI-PAGE-HFM-A000023-1,WORK-JIAYI,DOC-HFM-A000023,HFM-A000023,1,针灸甲乙经/论文/针灸甲乙经/11-《针灸甲乙经》处方配穴特点分析.pdf,57d96afe4e407f2c67a50c1d236db122b4fb58225c97438b86f827a1329db58c,content-production/corpus/extracted-text/HFM-A000023_raw.txt,TEXT
JIAYI-PAGE-HFM-A000023-2,WORK-JIAYI,DOC-HFM-A000023,HFM-A000023,2,针灸甲乙经/论文/针灸甲乙经/11-《针灸甲乙经》处方配穴特点分析.pdf,57d96afe4e407f2c67a50c1d236db122b4fb58225c97438b86f827a1329db58c,content-production/corpus/extracted-text/HFM-A000023_raw.txt,TEXT
JIAYI-PAGE-HFM-A000023-3,WORK-JIAYI,DOC-HFM-A000023,HFM-A000023,3,针灸甲乙经/论文/针灸甲乙经/11-《针灸甲乙经》处方配穴特点分析.pdf,57d96afe4e407f2c67a50c1d236db122b4fb58225c97438b86f827a1329db58c,content-production/corpus/extracted-text/HFM-A000023_raw.txt,TEXT
JIAYI-PAGE-HFM-A000024-1,WORK-JIAYI,DOC-HFM-A000024,HFM-A000024,1,针灸甲乙经/论文/针灸甲乙经/111-探讨《针灸甲乙经》对针刺治疗精神疾病的认识及论治.pdf,984bc71a6bbb8a865b394636284f608130462f66fff2b67e46b4be8d496b1496,content-production/corpus/extracted-text/HFM-A000024_raw.txt,TEXT
JIAYI-PAGE-HFM-A000024-2,WORK-JIAYI,DOC-HFM-A000024,HFM-A000024,2,针灸甲乙经/论文/针灸甲乙经/111-探讨《针灸甲乙经》对针刺治疗精神疾病的认识及论治.pdf,984bc71a6bbb8a865b394636284f608130462f66fff2b67e46b4be8d496b1496,content-production/corpus/extracted-text/HFM-A000024_raw.txt,TEXT
JIAYI-PAGE-HFM-A000025-1,WORK-JIAYI,DOC-HFM-A000025,HFM-A000025,1,针灸甲乙经/论文/针灸甲乙经/113-浅述《针灸甲乙经》腧穴刺灸学成就.pdf,740e3e3876ab2625c7c2e50072b24bbbec419cbd1a37680c80c7106a7a4fb2ec,content-production/corpus/extracted-text/HFM-A000025_raw.txt,TEXT
JIAYI-PAGE-HFM-A000025-2,WORK-JIAYI,DOC-HFM-A000025,HFM-A000025,2,针灸甲乙经/论文/针灸甲乙经/113-浅述《针灸甲乙经》腧穴刺灸学成就.pdf,740e3e3876ab2625c7c2e50072b24bbbec419cbd1a37680c80c7106a7a4fb2ec,content-production/corpus/extracted-text/HFM-A000025_raw.txt,TEXT
JIAYI-PAGE-HFM-A000026-1,WORK-JIAYI,DOC-HFM-A000026,HFM-A000026,1,针灸甲乙经/论文/针灸甲乙经/116-探索《针灸甲乙经》中针灸治疗癫证的特定穴运用规律.pdf,dd6b923f8fde9c17a67a9dc64b2556d72c33cc0239678556178fc3f4c03f0ad0,content-production/corpus/extracted-text/HFM-A000026_raw.txt,TEXT
JIAYI-PAGE-HFM-A000027-1,WORK-JIAYI,DOC-HFM-A000027,HFM-A000027,1,针灸甲乙经/论文/针灸甲乙经/12-基于《针灸甲乙经》探讨上巨虚的临床作用.pdf,aca239937af9796a6f59bdeb7f6e6b48491b33734214799f8c9744eb0d865dab,content-production/corpus/extracted-text/HFM-A000027_raw.txt,TEXT
JIAYI-PAGE-HFM-A000027-2,WORK-JIAYI,DOC-HFM-A000027,HFM-A000027,2,针灸甲乙经/论文/针灸甲乙经/12-基于《针灸甲乙经》探讨上巨虚的临床作用.pdf,aca239937af9796a6f59bdeb7f6e6b48491b33734214799f8c9744eb0d865dab,content-production/corpus/extracted-text/HFM-A000027_raw.txt,TEXT
JIAYI-PAGE-HFM-A000027-3,WORK-JIAYI,DOC-HFM-A000027,HFM-A000027,3,针灸甲乙经/论文/针灸甲乙经/12-基于《针灸甲乙经》探讨上巨虚的临床作用.pdf,aca239937af9796a6f59bdeb7f6e6b48491b33734214799f8c9744eb0d865dab,content-production/corpus/extracted-text/HFM-A000027_raw.txt,TEXT
JIAYI-PAGE-HFM-A000027-4,WORK-JIAYI,DOC-HFM-A000027,HFM-A000027,4,针灸甲乙经/论文/针灸甲乙经/12-基于《针灸甲乙经》探讨上巨虚的临床作用.pdf,aca239937af9796a6f59bdeb7f6e6b48491b33734214799f8c9744eb0d865dab,content-production/corpus/extracted-text/HFM-A000027_raw.txt,TEXT
JIAYI-PAGE-HFM-A000027-5,WORK-JIAYI,DOC-HFM-A000027,HFM-A000027,5,针灸甲乙经/论文/针灸甲乙经/12-基于《针灸甲乙经》探讨上巨虚的临床作用.pdf,aca239937af9796a6f59bdeb7f6e6b48491b33734214799f8c9744eb0d865dab,content-production/corpus/extracted-text/HFM-A000027_raw.txt,TEXT
JIAYI-PAGE-HFM-A000028-1,WORK-JIAYI,DOC-HFM-A000028,HFM-A000028,1,针灸甲乙经/论文/针灸甲乙经/120-基于数据挖掘《针灸甲乙经》针刺处方及其腧穴配伍规律的研究.pdf,ccae57160a008fdc2bfb60e7c6f33ecf5c87ad5f4025e138a2ef23c0f1a49a01,content-production/corpus/extracted-text/HFM-A000028_raw.txt,TEXT
JIAYI-PAGE-HFM-A000028-2,WORK-JIAYI,DOC-HFM-A000028,HFM-A000028,2,针灸甲乙经/论文/针灸甲乙经/120-基于数据挖掘《针灸甲乙经》针刺处方及其腧穴配伍规律的研究.pdf,ccae57160a008fdc2bfb60e7c6f33ecf5c87ad5f4025e138a2ef23c0f1a49a01,content-production/corpus/extracted-text/HFM-A000028_raw.txt,TEXT
JIAYI-PAGE-HFM-A000028-3,WORK-JIAYI,DOC-HFM-A000028,HFM-A000028,3,针灸甲乙经/论文/针灸甲乙经/120-基于数据挖掘《针灸甲乙经》针刺处方及其腧穴配伍规律的研究.pdf,ccae57160a008fdc2bfb60e7c6f33ecf5c87ad5f4025e138a2ef23c0f1a49a01,content-production/corpus/extracted-text/HFM-A000028_raw.txt,TEXT
JIAYI-PAGE-HFM-A000028-4,WORK-JIAYI,DOC-HFM-A000028,HFM-A000028,4,针灸甲乙经/论文/针灸甲乙经/120-基于数据挖掘《针灸甲乙经》针刺处方及其腧穴配伍规律的研究.pdf,ccae57160a008fdc2bfb60e7c6f33ecf5c87ad5f4025e138a2ef23c0f1a49a01,content-production/corpus/extracted-text/HFM-A000028_raw.txt,TEXT
JIAYI-PAGE-HFM-A000028-5,WORK-JIAYI,DOC-HFM-A000028,HFM-A000028,5,针灸甲乙经/论文/针灸甲乙经/120-基于数据挖掘《针灸甲乙经》针刺处方及其腧穴配伍规律的研究.pdf,ccae57160a008fdc2bfb60e7c6f33ecf5c87ad5f4025e138a2ef23c0f1a49a01,content-production/corpus/extracted-text/HFM-A000028_raw.txt,TEXT
JIAYI-PAGE-HFM-A000029-1,WORK-JIAYI,DOC-HFM-A000029,HFM-A000029,1,针灸甲乙经/论文/针灸甲乙经/121-探索《针灸甲乙经》中针灸治疗小儿痫证的经络运用规律.pdf,25e752dcfe25ccca32fe65910e3ffbfd54a76b6c11c49f1da63f46b82b2a2212,content-production/corpus/extracted-text/HFM-A000029_raw.txt,TEXT
JIAYI-PAGE-HFM-A000030-1,WORK-JIAYI,DOC-HFM-A000030,HFM-A000030,1,针灸甲乙经/论文/针灸甲乙经/125-吴春平教授运用《针灸甲乙经》中针刺处方治疗心系疾病经验.pdf,8d73b39ee9dd9cc4a57a1b467512bd4339b9f3d6c89fee41d152d9428b0a431d,content-production/corpus/extracted-text/HFM-A000030_raw.txt,TEXT
JIAYI-PAGE-HFM-A000030-2,WORK-JIAYI,DOC-HFM-A000030,HFM-A000030,2,针灸甲乙经/论文/针灸甲乙经/125-吴春平教授运用《针灸甲乙经》中针刺处方治疗心系疾病经验.pdf,8d73b39ee9dd9cc4a57a1b467512bd4339b9f3d6c89fee41d152d9428b0a431d,content-production/corpus/extracted-text/HFM-A000030_raw.txt,TEXT
JIAYI-PAGE-HFM-A000031-1,WORK-JIAYI,DOC-HFM-A000031,HFM-A000031,1,针灸甲乙经/论文/针灸甲乙经/129-探索《针灸甲乙经》中针灸治疗小儿痫证的特定穴运用规律.pdf,d099394b690429a96100f23238ad7b02cd7480cfadb132cc230979da57f1b359,content-production/corpus/extracted-text/HFM-A000031_raw.txt,TEXT
JIAYI-PAGE-HFM-A000032-1,WORK-JIAYI,DOC-HFM-A000032,HFM-A000032,1,针灸甲乙经/论文/针灸甲乙经/13-《针灸甲乙经》治疗失音的理论分析.pdf,ed80a8c120fbf36990ff4ddeb681bc9300fe172a3f3bc4c5de3713a74336f939,content-production/corpus/extracted-text/HFM-A000032_raw.txt,TEXT
JIAYI-PAGE-HFM-A000032-2,WORK-JIAYI,DOC-HFM-A000032,HFM-A000032,2,针灸甲乙经/论文/针灸甲乙经/13-《针灸甲乙经》治疗失音的理论分析.pdf,ed80a8c120fbf36990ff4ddeb681bc9300fe172a3f3bc4c5de3713a74336f939,content-production/corpus/extracted-text/HFM-A000032_raw.txt,TEXT
JIAYI-PAGE-HFM-A000033-1,WORK-JIAYI,DOC-HFM-A000033,HFM-A000033,1,针灸甲乙经/论文/针灸甲乙经/130-《黄帝内经》和《针灸甲乙经》中安全针刺操作要素的初步研究.pdf,f56b12a210d294832bcbc5234b79e3005ab6cbb83acd82829cddeb6547b7bed2,content-production/corpus/extracted-text/HFM-A000033_raw.txt,TEXT
JIAYI-PAGE-HFM-A000033-2,WORK-JIAYI,DOC-HFM-A000033,HFM-A000033,2,针灸甲乙经/论文/针灸甲乙经/130-《黄帝内经》和《针灸甲乙经》中安全针刺操作要素的初步研究.pdf,f56b12a210d294832bcbc5234b79e3005ab6cbb83acd82829cddeb6547b7bed2,content-production/corpus/extracted-text/HFM-A000033_raw.txt,TEXT
JIAYI-PAGE-HFM-A000033-3,WORK-JIAYI,DOC-HFM-A000033,HFM-A000033,3,针灸甲乙经/论文/针灸甲乙经/130-《黄帝内经》和《针灸甲乙经》中安全针刺操作要素的初步研究.pdf,f56b12a210d294832bcbc5234b79e3005ab6cbb83acd82829cddeb6547b7bed2,content-production/corpus/extracted-text/HFM-A000033_raw.txt,TEXT
JIAYI-PAGE-HFM-A000034-1,WORK-JIAYI,DOC-HFM-A000034,HFM-A000034,1,针灸甲乙经/论文/针灸甲乙经/135-皇甫宏著承先启后——晋朝高秀皇甫谧及其《针灸甲乙经》.pdf,907c8a2f2033abde0073af36bb00bb3137800a2dfa6aec502c6a2ea499eae4e3,content-production/corpus/extracted-text/HFM-A000034_raw.txt,TEXT
JIAYI-PAGE-HFM-A000034-2,WORK-JIAYI,DOC-HFM-A000034,HFM-A000034,2,针灸甲乙经/论文/针灸甲乙经/135-皇甫宏著承先启后——晋朝高秀皇甫谧及其《针灸甲乙经》.pdf,907c8a2f2033abde0073af36bb00bb3137800a2dfa6aec502c6a2ea499eae4e3,content-production/corpus/extracted-text/HFM-A000034_raw.txt,TEXT
JIAYI-PAGE-HFM-A000035-1,WORK-JIAYI,DOC-HFM-A000035,HFM-A000035,1,针灸甲乙经/论文/针灸甲乙经/14-《针灸甲乙经》语词杂释.pdf,7220a7a1e062c644b1a87f3ec70061c8e7e7649324c4dd7d109f9f7bfdbe0a1e,content-production/corpus/extracted-text/HFM-A000035_raw.txt,TEXT
JIAYI-PAGE-HFM-A000035-2,WORK-JIAYI,DOC-HFM-A000035,HFM-A000035,2,针灸甲乙经/论文/针灸甲乙经/14-《针灸甲乙经》语词杂释.pdf,7220a7a1e062c644b1a87f3ec70061c8e7e7649324c4dd7d109f9f7bfdbe0a1e,content-production/corpus/extracted-text/HFM-A000035_raw.txt,TEXT
JIAYI-PAGE-HFM-A000035-3,WORK-JIAYI,DOC-HFM-A000035,HFM-A000035,3,针灸甲乙经/论文/针灸甲乙经/14-《针灸甲乙经》语词杂释.pdf,7220a7a1e062c644b1a87f3ec70061c8e7e7649324c4dd7d109f9f7bfdbe0a1e,content-production/corpus/extracted-text/HFM-A000035_raw.txt,TEXT
JIAYI-PAGE-HFM-A000035-4,WORK-JIAYI,DOC-HFM-A000035,HFM-A000035,4,针灸甲乙经/论文/针灸甲乙经/14-《针灸甲乙经》语词杂释.pdf,7220a7a1e062c644b1a87f3ec70061c8e7e7649324c4dd7d109f9f7bfdbe0a1e,content-production/corpus/extracted-text/HFM-A000035_raw.txt,TEXT
JIAYI-PAGE-HFM-A000036-1,WORK-JIAYI,DOC-HFM-A000036,HFM-A000036,1,针灸甲乙经/论文/针灸甲乙经/148-白浊的出处是《针灸甲乙经》.pdf,422ce4c4863881b85f88677d19dd982d7869bff40226635ca5480b6ab730ca0d,content-production/corpus/extracted-text/HFM-A000036_raw.txt,TEXT
JIAYI-PAGE-HFM-A000037-1,WORK-JIAYI,DOC-HFM-A000037,HFM-A000037,1,针灸甲乙经/论文/针灸甲乙经/15-《针灸甲乙经》便秘治疗的源流探析.pdf,81c97369d55d317a09975fb9ed186a8508542bf3c877912f58971304903e6eae,content-production/batches/B02/extracted-text/HFM-A000037_raw.txt,TEXT
JIAYI-PAGE-HFM-A000037-2,WORK-JIAYI,DOC-HFM-A000037,HFM-A000037,2,针灸甲乙经/论文/针灸甲乙经/15-《针灸甲乙经》便秘治疗的源流探析.pdf,81c97369d55d317a09975fb9ed186a8508542bf3c877912f58971304903e6eae,content-production/batches/B02/extracted-text/HFM-A000037_raw.txt,TEXT
JIAYI-PAGE-HFM-A000037-3,WORK-JIAYI,DOC-HFM-A000037,HFM-A000037,3,针灸甲乙经/论文/针灸甲乙经/15-《针灸甲乙经》便秘治疗的源流探析.pdf,81c97369d55d317a09975fb9ed186a8508542bf3c877912f58971304903e6eae,content-production/batches/B02/extracted-text/HFM-A000037_raw.txt,TEXT
JIAYI-PAGE-HFM-A000037-4,WORK-JIAYI,DOC-HFM-A000037,HFM-A000037,4,针灸甲乙经/论文/针灸甲乙经/15-《针灸甲乙经》便秘治疗的源流探析.pdf,81c97369d55d317a09975fb9ed186a8508542bf3c877912f58971304903e6eae,content-production/batches/B02/extracted-text/HFM-A000037_raw.txt,TEXT
JIAYI-PAGE-HFM-A000037-5,WORK-JIAYI,DOC-HFM-A000037,HFM-A000037,5,针灸甲乙经/论文/针灸甲乙经/15-《针灸甲乙经》便秘治疗的源流探析.pdf,81c97369d55d317a09975fb9ed186a8508542bf3c877912f58971304903e6eae,content-production/batches/B02/extracted-text/HFM-A000037_raw.txt,TEXT
JIAYI-PAGE-HFM-A000038-1,WORK-JIAYI,DOC-HFM-A000038,HFM-A000038,1,针灸甲乙经/论文/针灸甲乙经/150《针灸甲乙经》_脉动(病)发_理论在眼科疾病治疗中的应用探析.pdf,122717b9e6985452613dbce698be7b595cf66bbc6105fb15d901c47297ad188e,content-production/corpus/extracted-text/HFM-A000038_raw.txt,TEXT
JIAYI-PAGE-HFM-A000038-2,WORK-JIAYI,DOC-HFM-A000038,HFM-A000038,2,针灸甲乙经/论文/针灸甲乙经/150《针灸甲乙经》_脉动(病)发_理论在眼科疾病治疗中的应用探析.pdf,122717b9e6985452613dbce698be7b595cf66bbc6105fb15d901c47297ad188e,content-production/corpus/extracted-text/HFM-A000038_raw.txt,TEXT
JIAYI-PAGE-HFM-A000038-3,WORK-JIAYI,DOC-HFM-A000038,HFM-A000038,3,针灸甲乙经/论文/针灸甲乙经/150《针灸甲乙经》_脉动(病)发_理论在眼科疾病治疗中的应用探析.pdf,122717b9e6985452613dbce698be7b595cf66bbc6105fb15d901c47297ad188e,content-production/corpus/extracted-text/HFM-A000038_raw.txt,TEXT
JIAYI-PAGE-HFM-A000039-1,WORK-JIAYI,DOC-HFM-A000039,HFM-A000039,1,针灸甲乙经/论文/针灸甲乙经/155-《针灸甲乙经》对《内经》针刺_治神_思想的阐发及后世医家传承浅析.pdf,f41596a55fa39ad1c549074a6bd4664a010f5f5520cb99489599cfb6277f2724,content-production/corpus/extracted-text/HFM-A000039_raw.txt,TEXT
JIAYI-PAGE-HFM-A000039-2,WORK-JIAYI,DOC-HFM-A000039,HFM-A000039,2,针灸甲乙经/论文/针灸甲乙经/155-《针灸甲乙经》对《内经》针刺_治神_思想的阐发及后世医家传承浅析.pdf,f41596a55fa39ad1c549074a6bd4664a010f5f5520cb99489599cfb6277f2724,content-production/corpus/extracted-text/HFM-A000039_raw.txt,TEXT
JIAYI-PAGE-HFM-A000039-3,WORK-JIAYI,DOC-HFM-A000039,HFM-A000039,3,针灸甲乙经/论文/针灸甲乙经/155-《针灸甲乙经》对《内经》针刺_治神_思想的阐发及后世医家传承浅析.pdf,f41596a55fa39ad1c549074a6bd4664a010f5f5520cb99489599cfb6277f2724,content-production/corpus/extracted-text/HFM-A000039_raw.txt,TEXT
JIAYI-PAGE-HFM-A000039-4,WORK-JIAYI,DOC-HFM-A000039,HFM-A000039,4,针灸甲乙经/论文/针灸甲乙经/155-《针灸甲乙经》对《内经》针刺_治神_思想的阐发及后世医家传承浅析.pdf,f41596a55fa39ad1c549074a6bd4664a010f5f5520cb99489599cfb6277f2724,content-production/corpus/extracted-text/HFM-A000039_raw.txt,TEXT
JIAYI-PAGE-HFM-A000039-5,WORK-JIAYI,DOC-HFM-A000039,HFM-A000039,5,针灸甲乙经/论文/针灸甲乙经/155-《针灸甲乙经》对《内经》针刺_治神_思想的阐发及后世医家传承浅析.pdf,f41596a55fa39ad1c549074a6bd4664a010f5f5520cb99489599cfb6277f2724,content-production/corpus/extracted-text/HFM-A000039_raw.txt,TEXT
JIAYI-PAGE-HFM-A000040-1,WORK-JIAYI,DOC-HFM-A000040,HFM-A000040,1,针灸甲乙经/论文/针灸甲乙经/156-《针灸甲乙经》配穴特点分析.pdf,ebe2353a0c98601ec61894371704d449cd1e514c5c7469c9cc731a65d57e37b4,content-production/corpus/extracted-text/HFM-A000040_raw.txt,TEXT
JIAYI-PAGE-HFM-A000040-2,WORK-JIAYI,DOC-HFM-A000040,HFM-A000040,2,针灸甲乙经/论文/针灸甲乙经/156-《针灸甲乙经》配穴特点分析.pdf,ebe2353a0c98601ec61894371704d449cd1e514c5c7469c9cc731a65d57e37b4,content-production/corpus/extracted-text/HFM-A000040_raw.txt,TEXT
JIAYI-PAGE-HFM-A000040-3,WORK-JIAYI,DOC-HFM-A000040,HFM-A000040,3,针灸甲乙经/论文/针灸甲乙经/156-《针灸甲乙经》配穴特点分析.pdf,ebe2353a0c98601ec61894371704d449cd1e514c5c7469c9cc731a65d57e37b4,content-production/corpus/extracted-text/HFM-A000040_raw.txt,TEXT
JIAYI-PAGE-HFM-A000041-1,WORK-JIAYI,DOC-HFM-A000041,HFM-A000041,1,针灸甲乙经/论文/针灸甲乙经/159-《针灸甲乙经》数字化整理研究初探.pdf,db2bb3af07f67d7e5bbea35742e3b58a02eb1de50e9d759577609b6f9b15697d,content-production/corpus/extracted-text/HFM-A000041_raw.txt,TEXT
JIAYI-PAGE-HFM-A000041-2,WORK-JIAYI,DOC-HFM-A000041,HFM-A000041,2,针灸甲乙经/论文/针灸甲乙经/159-《针灸甲乙经》数字化整理研究初探.pdf,db2bb3af07f67d7e5bbea35742e3b58a02eb1de50e9d759577609b6f9b15697d,content-production/corpus/extracted-text/HFM-A000041_raw.txt,TEXT
JIAYI-PAGE-HFM-A000041-3,WORK-JIAYI,DOC-HFM-A000041,HFM-A000041,3,针灸甲乙经/论文/针灸甲乙经/159-《针灸甲乙经》数字化整理研究初探.pdf,db2bb3af07f67d7e5bbea35742e3b58a02eb1de50e9d759577609b6f9b15697d,content-production/corpus/extracted-text/HFM-A000041_raw.txt,TEXT
JIAYI-PAGE-HFM-A000042-1,WORK-JIAYI,DOC-HFM-A000042,HFM-A000042,1,针灸甲乙经/论文/针灸甲乙经/16-《针灸甲乙经》经典理论的现代价值探析.pdf,e6833143199a711111d20f89f2c02e197487a6cad06ed552f34ce89c03b6a304,content-production/corpus/extracted-text/HFM-A000042_raw.txt,TEXT
JIAYI-PAGE-HFM-A000042-2,WORK-JIAYI,DOC-HFM-A000042,HFM-A000042,2,针灸甲乙经/论文/针灸甲乙经/16-《针灸甲乙经》经典理论的现代价值探析.pdf,e6833143199a711111d20f89f2c02e197487a6cad06ed552f34ce89c03b6a304,content-production/corpus/extracted-text/HFM-A000042_raw.txt,TEXT
JIAYI-PAGE-HFM-A000042-3,WORK-JIAYI,DOC-HFM-A000042,HFM-A000042,3,针灸甲乙经/论文/针灸甲乙经/16-《针灸甲乙经》经典理论的现代价值探析.pdf,e6833143199a711111d20f89f2c02e197487a6cad06ed552f34ce89c03b6a304,content-production/corpus/extracted-text/HFM-A000042_raw.txt,TEXT
JIAYI-PAGE-HFM-A000042-4,WORK-JIAYI,DOC-HFM-A000042,HFM-A000042,4,针灸甲乙经/论文/针灸甲乙经/16-《针灸甲乙经》经典理论的现代价值探析.pdf,e6833143199a711111d20f89f2c02e197487a6cad06ed552f34ce89c03b6a304,content-production/corpus/extracted-text/HFM-A000042_raw.txt,TEXT
JIAYI-PAGE-HFM-A000042-5,WORK-JIAYI,DOC-HFM-A000042,HFM-A000042,5,针灸甲乙经/论文/针灸甲乙经/16-《针灸甲乙经》经典理论的现代价值探析.pdf,e6833143199a711111d20f89f2c02e197487a6cad06ed552f34ce89c03b6a304,content-production/corpus/extracted-text/HFM-A000042_raw.txt,TEXT
JIAYI-PAGE-HFM-A000043-1,WORK-JIAYI,DOC-HFM-A000043,HFM-A000043,1,针灸甲乙经/论文/针灸甲乙经/164-《针灸甲乙经》中针灸处方的概念.pdf,db8385c7fa82d088de648153feeb6d45473d89583256139e6b3e2a90897dedd7,content-production/corpus/extracted-text/HFM-A000043_raw.txt,TEXT
JIAYI-PAGE-HFM-A000043-2,WORK-JIAYI,DOC-HFM-A000043,HFM-A000043,2,针灸甲乙经/论文/针灸甲乙经/164-《针灸甲乙经》中针灸处方的概念.pdf,db8385c7fa82d088de648153feeb6d45473d89583256139e6b3e2a90897dedd7,content-production/corpus/extracted-text/HFM-A000043_raw.txt,TEXT
JIAYI-PAGE-HFM-A000043-3,WORK-JIAYI,DOC-HFM-A000043,HFM-A000043,3,针灸甲乙经/论文/针灸甲乙经/164-《针灸甲乙经》中针灸处方的概念.pdf,db8385c7fa82d088de648153feeb6d45473d89583256139e6b3e2a90897dedd7,content-production/corpus/extracted-text/HFM-A000043_raw.txt,TEXT
JIAYI-PAGE-HFM-A000044-1,WORK-JIAYI,DOC-HFM-A000044,HFM-A000044,1,针灸甲乙经/论文/针灸甲乙经/165-皇甫谧与《针灸甲乙经》.pdf,e8ed1aaef632c3e33f302a660554b23ff67c1aae590fe944819d8e1c901bb841,content-production/corpus/extracted-text/HFM-A000044_raw.txt,TEXT
JIAYI-PAGE-HFM-A000044-2,WORK-JIAYI,DOC-HFM-A000044,HFM-A000044,2,针灸甲乙经/论文/针灸甲乙经/165-皇甫谧与《针灸甲乙经》.pdf,e8ed1aaef632c3e33f302a660554b23ff67c1aae590fe944819d8e1c901bb841,content-production/corpus/extracted-text/HFM-A000044_raw.txt,TEXT
JIAYI-PAGE-HFM-A000045-1,WORK-JIAYI,DOC-HFM-A000045,HFM-A000045,1,针灸甲乙经/论文/针灸甲乙经/167-世界最早的针灸专著《针灸甲乙经》.pdf,576e9748b1f5284622ec4179bd940ebd20c7018e0f4f5fd7f8e419f3c15bcbfe,content-production/corpus/raw-ocr/HFM-A000045_p001_raw.txt,OCR
JIAYI-PAGE-HFM-A000045-2,WORK-JIAYI,DOC-HFM-A000045,HFM-A000045,2,针灸甲乙经/论文/针灸甲乙经/167-世界最早的针灸专著《针灸甲乙经》.pdf,576e9748b1f5284622ec4179bd940ebd20c7018e0f4f5fd7f8e419f3c15bcbfe,content-production/corpus/raw-ocr/HFM-A000045_p002_raw.txt,OCR
JIAYI-PAGE-HFM-A000046-1,WORK-JIAYI,DOC-HFM-A000046,HFM-A000046,1,针灸甲乙经/论文/针灸甲乙经/17-论《针灸甲乙经》对脉诊的贡献.pdf,a1801c8daf4d6e245076b1437de641757638212235258610c648eabd9f7751e4,content-production/corpus/extracted-text/HFM-A000046_raw.txt,TEXT
JIAYI-PAGE-HFM-A000046-2,WORK-JIAYI,DOC-HFM-A000046,HFM-A000046,2,针灸甲乙经/论文/针灸甲乙经/17-论《针灸甲乙经》对脉诊的贡献.pdf,a1801c8daf4d6e245076b1437de641757638212235258610c648eabd9f7751e4,content-production/corpus/extracted-text/HFM-A000046_raw.txt,TEXT
JIAYI-PAGE-HFM-A000047-1,WORK-JIAYI,DOC-HFM-A000047,HFM-A000047,1,针灸甲乙经/论文/针灸甲乙经/173-《针灸甲乙经》数字化整理研究初探.pdf,5531144b538999fcd06ae29205345df9f7b0dc629547e25063a31a8a9e6a862c,content-production/corpus/extracted-text/HFM-A000047_raw.txt,TEXT
JIAYI-PAGE-HFM-A000047-2,WORK-JIAYI,DOC-HFM-A000047,HFM-A000047,2,针灸甲乙经/论文/针灸甲乙经/173-《针灸甲乙经》数字化整理研究初探.pdf,5531144b538999fcd06ae29205345df9f7b0dc629547e25063a31a8a9e6a862c,content-production/corpus/extracted-text/HFM-A000047_raw.txt,TEXT
JIAYI-PAGE-HFM-A000047-3,WORK-JIAYI,DOC-HFM-A000047,HFM-A000047,3,针灸甲乙经/论文/针灸甲乙经/173-《针灸甲乙经》数字化整理研究初探.pdf,5531144b538999fcd06ae29205345df9f7b0dc629547e25063a31a8a9e6a862c,content-production/corpus/extracted-text/HFM-A000047_raw.txt,TEXT
JIAYI-PAGE-HFM-A000048-1,WORK-JIAYI,DOC-HFM-A000048,HFM-A000048,1,针灸甲乙经/论文/针灸甲乙经/176-《针灸甲乙经》中针灸处方的概念.pdf,abef1795c2a0da6cbd616aa9e6b560788420f635ece4d9e64be2ec27d71cde22,content-production/corpus/extracted-text/HFM-A000048_raw.txt,TEXT
JIAYI-PAGE-HFM-A000048-2,WORK-JIAYI,DOC-HFM-A000048,HFM-A000048,2,针灸甲乙经/论文/针灸甲乙经/176-《针灸甲乙经》中针灸处方的概念.pdf,abef1795c2a0da6cbd616aa9e6b560788420f635ece4d9e64be2ec27d71cde22,content-production/corpus/extracted-text/HFM-A000048_raw.txt,TEXT
JIAYI-PAGE-HFM-A000048-3,WORK-JIAYI,DOC-HFM-A000048,HFM-A000048,3,针灸甲乙经/论文/针灸甲乙经/176-《针灸甲乙经》中针灸处方的概念.pdf,abef1795c2a0da6cbd616aa9e6b560788420f635ece4d9e64be2ec27d71cde22,content-production/corpus/extracted-text/HFM-A000048_raw.txt,TEXT
JIAYI-PAGE-HFM-A000049-1,WORK-JIAYI,DOC-HFM-A000049,HFM-A000049,1,针灸甲乙经/论文/针灸甲乙经/178-世界最早的针灸专著《针灸甲乙经》.pdf,387fa030d815bc07c0496785c46aa8dfaea286d4d76f2d7eab13b378d2e84c74,content-production/corpus/raw-ocr/HFM-A000049_p001_raw.txt,OCR
JIAYI-PAGE-HFM-A000049-2,WORK-JIAYI,DOC-HFM-A000049,HFM-A000049,2,针灸甲乙经/论文/针灸甲乙经/178-世界最早的针灸专著《针灸甲乙经》.pdf,387fa030d815bc07c0496785c46aa8dfaea286d4d76f2d7eab13b378d2e84c74,content-production/corpus/raw-ocr/HFM-A000049_p002_raw.txt,OCR
JIAYI-PAGE-HFM-A000050-1,WORK-JIAYI,DOC-HFM-A000050,HFM-A000050,1,针灸甲乙经/论文/针灸甲乙经/179-皇甫谧与《针灸甲乙经》.pdf,12bd6714f50def78ad3c51f449cb4ca70161416403b75699f0d4afb0f0369d57,content-production/batches/B02/extracted-text/HFM-A000050_raw.txt,TEXT
JIAYI-PAGE-HFM-A000050-2,WORK-JIAYI,DOC-HFM-A000050,HFM-A000050,2,针灸甲乙经/论文/针灸甲乙经/179-皇甫谧与《针灸甲乙经》.pdf,12bd6714f50def78ad3c51f449cb4ca70161416403b75699f0d4afb0f0369d57,content-production/batches/B02/extracted-text/HFM-A000050_raw.txt,TEXT
JIAYI-PAGE-HFM-A000051-1,WORK-JIAYI,DOC-HFM-A000051,HFM-A000051,1,针灸甲乙经/论文/针灸甲乙经/182-探索《针灸甲乙经》中针灸治疗癫证的经络运用规律.pdf,1123812d8a74b5ef4c5466be371c0afae757d47e0e809dad4fb83e2530e68a9c,content-production/corpus/extracted-text/HFM-A000051_raw.txt,TEXT
JIAYI-PAGE-HFM-A000052-1,WORK-JIAYI,DOC-HFM-A000052,HFM-A000052,1,针灸甲乙经/论文/针灸甲乙经/184-浅谈《针灸甲乙经》对于失眠的治疗特点.pdf,865f3574ab9a47fde7c12f81a71fb5734178f1fa2771cb100630f864b47710b9,content-production/corpus/extracted-text/HFM-A000052_raw.txt,TEXT
JIAYI-PAGE-HFM-A000052-2,WORK-JIAYI,DOC-HFM-A000052,HFM-A000052,2,针灸甲乙经/论文/针灸甲乙经/184-浅谈《针灸甲乙经》对于失眠的治疗特点.pdf,865f3574ab9a47fde7c12f81a71fb5734178f1fa2771cb100630f864b47710b9,content-production/corpus/extracted-text/HFM-A000052_raw.txt,TEXT
JIAYI-PAGE-HFM-A000053-1,WORK-JIAYI,DOC-HFM-A000053,HFM-A000053,1,针灸甲乙经/论文/针灸甲乙经/186-论《针灸甲乙经》以部列穴的临床价值.pdf,7c88308ba9b645a45377b4adfa42a2d76242152786fa6464b67f47b2af4d21a3,content-production/corpus/extracted-text/HFM-A000053_raw.txt,TEXT
JIAYI-PAGE-HFM-A000053-2,WORK-JIAYI,DOC-HFM-A000053,HFM-A000053,2,针灸甲乙经/论文/针灸甲乙经/186-论《针灸甲乙经》以部列穴的临床价值.pdf,7c88308ba9b645a45377b4adfa42a2d76242152786fa6464b67f47b2af4d21a3,content-production/corpus/extracted-text/HFM-A000053_raw.txt,TEXT
JIAYI-PAGE-HFM-A000054-1,WORK-JIAYI,DOC-HFM-A000054,HFM-A000054,1,针灸甲乙经/论文/针灸甲乙经/187-《针灸甲乙经校释》对皇甫谧自序中_其他_校改的商榷.pdf,41af78d957099e16fef97245bb90850da603ddc682b1d86c6c9d3a64de2ee9bd,content-production/corpus/extracted-text/HFM-A000054_raw.txt,TEXT
JIAYI-PAGE-HFM-A000054-2,WORK-JIAYI,DOC-HFM-A000054,HFM-A000054,2,针灸甲乙经/论文/针灸甲乙经/187-《针灸甲乙经校释》对皇甫谧自序中_其他_校改的商榷.pdf,41af78d957099e16fef97245bb90850da603ddc682b1d86c6c9d3a64de2ee9bd,content-production/corpus/extracted-text/HFM-A000054_raw.txt,TEXT
JIAYI-PAGE-HFM-A000055-1,WORK-JIAYI,DOC-HFM-A000055,HFM-A000055,1,针灸甲乙经/论文/针灸甲乙经/19-《针灸甲乙经》神志病治疗思路浅析.pdf,048ec7f0f71ee9afc6fd54e5809ce314dd55dc5dcf13b71d5cae0527651e8c0f,content-production/corpus/extracted-text/HFM-A000055_raw.txt,TEXT
JIAYI-PAGE-HFM-A000055-2,WORK-JIAYI,DOC-HFM-A000055,HFM-A000055,2,针灸甲乙经/论文/针灸甲乙经/19-《针灸甲乙经》神志病治疗思路浅析.pdf,048ec7f0f71ee9afc6fd54e5809ce314dd55dc5dcf13b71d5cae0527651e8c0f,content-production/corpus/extracted-text/HFM-A000055_raw.txt,TEXT
JIAYI-PAGE-HFM-A000055-3,WORK-JIAYI,DOC-HFM-A000055,HFM-A000055,3,针灸甲乙经/论文/针灸甲乙经/19-《针灸甲乙经》神志病治疗思路浅析.pdf,048ec7f0f71ee9afc6fd54e5809ce314dd55dc5dcf13b71d5cae0527651e8c0f,content-production/corpus/extracted-text/HFM-A000055_raw.txt,TEXT
JIAYI-PAGE-HFM-A000055-4,WORK-JIAYI,DOC-HFM-A000055,HFM-A000055,4,针灸甲乙经/论文/针灸甲乙经/19-《针灸甲乙经》神志病治疗思路浅析.pdf,048ec7f0f71ee9afc6fd54e5809ce314dd55dc5dcf13b71d5cae0527651e8c0f,content-production/corpus/extracted-text/HFM-A000055_raw.txt,TEXT
JIAYI-PAGE-HFM-A000056-1,WORK-JIAYI,DOC-HFM-A000056,HFM-A000056,1,针灸甲乙经/论文/针灸甲乙经/190-《甲乙经》的组织结构与针灸学术意义.pdf,75c667b8a81f5fc0428d17dc246534c973823bdbfd39302896c97017d9b5b67c,content-production/corpus/extracted-text/HFM-A000056_raw.txt,TEXT
JIAYI-PAGE-HFM-A000056-2,WORK-JIAYI,DOC-HFM-A000056,HFM-A000056,2,针灸甲乙经/论文/针灸甲乙经/190-《甲乙经》的组织结构与针灸学术意义.pdf,75c667b8a81f5fc0428d17dc246534c973823bdbfd39302896c97017d9b5b67c,content-production/corpus/extracted-text/HFM-A000056_raw.txt,TEXT
JIAYI-PAGE-HFM-A000056-3,WORK-JIAYI,DOC-HFM-A000056,HFM-A000056,3,针灸甲乙经/论文/针灸甲乙经/190-《甲乙经》的组织结构与针灸学术意义.pdf,75c667b8a81f5fc0428d17dc246534c973823bdbfd39302896c97017d9b5b67c,content-production/corpus/extracted-text/HFM-A000056_raw.txt,TEXT
JIAYI-PAGE-HFM-A000056-4,WORK-JIAYI,DOC-HFM-A000056,HFM-A000056,4,针灸甲乙经/论文/针灸甲乙经/190-《甲乙经》的组织结构与针灸学术意义.pdf,75c667b8a81f5fc0428d17dc246534c973823bdbfd39302896c97017d9b5b67c,content-production/corpus/extracted-text/HFM-A000056_raw.txt,TEXT
JIAYI-PAGE-HFM-A000056-5,WORK-JIAYI,DOC-HFM-A000056,HFM-A000056,5,针灸甲乙经/论文/针灸甲乙经/190-《甲乙经》的组织结构与针灸学术意义.pdf,75c667b8a81f5fc0428d17dc246534c973823bdbfd39302896c97017d9b5b67c,content-production/corpus/extracted-text/HFM-A000056_raw.txt,TEXT
JIAYI-PAGE-HFM-A000057-1,WORK-JIAYI,DOC-HFM-A000057,HFM-A000057,1,针灸甲乙经/论文/针灸甲乙经/191-《针灸甲乙经》_上星穴方_学术思想探析.pdf,e0dd6eaed908aa170041be976e0d7ec532d4b7eaa732307b44e61ec380846487,content-production/corpus/extracted-text/HFM-A000057_raw.txt,TEXT
JIAYI-PAGE-HFM-A000057-2,WORK-JIAYI,DOC-HFM-A000057,HFM-A000057,2,针灸甲乙经/论文/针灸甲乙经/191-《针灸甲乙经》_上星穴方_学术思想探析.pdf,e0dd6eaed908aa170041be976e0d7ec532d4b7eaa732307b44e61ec380846487,content-production/corpus/extracted-text/HFM-A000057_raw.txt,TEXT
JIAYI-PAGE-HFM-A000057-3,WORK-JIAYI,DOC-HFM-A000057,HFM-A000057,3,针灸甲乙经/论文/针灸甲乙经/191-《针灸甲乙经》_上星穴方_学术思想探析.pdf,e0dd6eaed908aa170041be976e0d7ec532d4b7eaa732307b44e61ec380846487,content-production/corpus/extracted-text/HFM-A000057_raw.txt,TEXT
JIAYI-PAGE-HFM-A000057-4,WORK-JIAYI,DOC-HFM-A000057,HFM-A000057,4,针灸甲乙经/论文/针灸甲乙经/191-《针灸甲乙经》_上星穴方_学术思想探析.pdf,e0dd6eaed908aa170041be976e0d7ec532d4b7eaa732307b44e61ec380846487,content-production/corpus/extracted-text/HFM-A000057_raw.txt,TEXT
JIAYI-PAGE-HFM-A000058-1,WORK-JIAYI,DOC-HFM-A000058,HFM-A000058,1,针灸甲乙经/论文/针灸甲乙经/192-简析_针灸甲乙经_中的禁(慎)针禁(慎)灸腧穴.pdf,32ce611a4ca715632b278b1d389389d30782f4f69fc72d7c27b4478bc4fe64ad,content-production/corpus/extracted-text/HFM-A000058_raw.txt,TEXT
JIAYI-PAGE-HFM-A000058-2,WORK-JIAYI,DOC-HFM-A000058,HFM-A000058,2,针灸甲乙经/论文/针灸甲乙经/192-简析_针灸甲乙经_中的禁(慎)针禁(慎)灸腧穴.pdf,32ce611a4ca715632b278b1d389389d30782f4f69fc72d7c27b4478bc4fe64ad,content-production/corpus/extracted-text/HFM-A000058_raw.txt,TEXT
JIAYI-PAGE-HFM-A000058-3,WORK-JIAYI,DOC-HFM-A000058,HFM-A000058,3,针灸甲乙经/论文/针灸甲乙经/192-简析_针灸甲乙经_中的禁(慎)针禁(慎)灸腧穴.pdf,32ce611a4ca715632b278b1d389389d30782f4f69fc72d7c27b4478bc4fe64ad,content-production/corpus/extracted-text/HFM-A000058_raw.txt,TEXT
JIAYI-PAGE-HFM-A000058-4,WORK-JIAYI,DOC-HFM-A000058,HFM-A000058,4,针灸甲乙经/论文/针灸甲乙经/192-简析_针灸甲乙经_中的禁(慎)针禁(慎)灸腧穴.pdf,32ce611a4ca715632b278b1d389389d30782f4f69fc72d7c27b4478bc4fe64ad,content-production/corpus/extracted-text/HFM-A000058_raw.txt,TEXT
JIAYI-PAGE-HFM-A000059-1,WORK-JIAYI,DOC-HFM-A000059,HFM-A000059,1,针灸甲乙经/论文/针灸甲乙经/193-《针灸甲乙经》妇人杂病辨证论治规律的探析.pdf,a63004127d4084b437be6fa1816b13521ca5a637fe1d352afb291c58b6b27ba2,content-production/corpus/extracted-text/HFM-A000059_raw.txt,TEXT
JIAYI-PAGE-HFM-A000059-2,WORK-JIAYI,DOC-HFM-A000059,HFM-A000059,2,针灸甲乙经/论文/针灸甲乙经/193-《针灸甲乙经》妇人杂病辨证论治规律的探析.pdf,a63004127d4084b437be6fa1816b13521ca5a637fe1d352afb291c58b6b27ba2,content-production/corpus/extracted-text/HFM-A000059_raw.txt,TEXT
JIAYI-PAGE-HFM-A000059-3,WORK-JIAYI,DOC-HFM-A000059,HFM-A000059,3,针灸甲乙经/论文/针灸甲乙经/193-《针灸甲乙经》妇人杂病辨证论治规律的探析.pdf,a63004127d4084b437be6fa1816b13521ca5a637fe1d352afb291c58b6b27ba2,content-production/corpus/extracted-text/HFM-A000059_raw.txt,TEXT
JIAYI-PAGE-HFM-A000059-4,WORK-JIAYI,DOC-HFM-A000059,HFM-A000059,4,针灸甲乙经/论文/针灸甲乙经/193-《针灸甲乙经》妇人杂病辨证论治规律的探析.pdf,a63004127d4084b437be6fa1816b13521ca5a637fe1d352afb291c58b6b27ba2,content-production/corpus/extracted-text/HFM-A000059_raw.txt,TEXT
JIAYI-PAGE-HFM-A000059-5,WORK-JIAYI,DOC-HFM-A000059,HFM-A000059,5,针灸甲乙经/论文/针灸甲乙经/193-《针灸甲乙经》妇人杂病辨证论治规律的探析.pdf,a63004127d4084b437be6fa1816b13521ca5a637fe1d352afb291c58b6b27ba2,content-production/corpus/extracted-text/HFM-A000059_raw.txt,TEXT
JIAYI-PAGE-HFM-A000060-1,WORK-JIAYI,DOC-HFM-A000060,HFM-A000060,1,针灸甲乙经/论文/针灸甲乙经/194-《针灸甲乙经》中_上星穴方_浅析.pdf,d898184b4ee8503f2ef8f7010aa1b4ae619f57495b181e1f5497401aaee60a8c,content-production/corpus/extracted-text/HFM-A000060_raw.txt,TEXT
JIAYI-PAGE-HFM-A000060-2,WORK-JIAYI,DOC-HFM-A000060,HFM-A000060,2,针灸甲乙经/论文/针灸甲乙经/194-《针灸甲乙经》中_上星穴方_浅析.pdf,d898184b4ee8503f2ef8f7010aa1b4ae619f57495b181e1f5497401aaee60a8c,content-production/corpus/extracted-text/HFM-A000060_raw.txt,TEXT
JIAYI-PAGE-HFM-A000060-3,WORK-JIAYI,DOC-HFM-A000060,HFM-A000060,3,针灸甲乙经/论文/针灸甲乙经/194-《针灸甲乙经》中_上星穴方_浅析.pdf,d898184b4ee8503f2ef8f7010aa1b4ae619f57495b181e1f5497401aaee60a8c,content-production/corpus/extracted-text/HFM-A000060_raw.txt,TEXT
JIAYI-PAGE-HFM-A000060-4,WORK-JIAYI,DOC-HFM-A000060,HFM-A000060,4,针灸甲乙经/论文/针灸甲乙经/194-《针灸甲乙经》中_上星穴方_浅析.pdf,d898184b4ee8503f2ef8f7010aa1b4ae619f57495b181e1f5497401aaee60a8c,content-production/corpus/extracted-text/HFM-A000060_raw.txt,TEXT
JIAYI-PAGE-HFM-A000061-1,WORK-JIAYI,DOC-HFM-A000061,HFM-A000061,1,针灸甲乙经/论文/针灸甲乙经/195-《针灸甲乙经》中不孕治疗经验探析.pdf,d5d38efbfc71176520813e771aab9432745d17df8c0616dd3013a91564edd3dd,content-production/corpus/extracted-text/HFM-A000061_raw.txt,TEXT
JIAYI-PAGE-HFM-A000061-2,WORK-JIAYI,DOC-HFM-A000061,HFM-A000061,2,针灸甲乙经/论文/针灸甲乙经/195-《针灸甲乙经》中不孕治疗经验探析.pdf,d5d38efbfc71176520813e771aab9432745d17df8c0616dd3013a91564edd3dd,content-production/corpus/extracted-text/HFM-A000061_raw.txt,TEXT
JIAYI-PAGE-HFM-A000062-1,WORK-JIAYI,DOC-HFM-A000062,HFM-A000062,1,针灸甲乙经/论文/针灸甲乙经/196-《针灸甲乙经》中妇科疾病的取穴规律探析.pdf,61cca789b100b23bbc12e02a389d5130864f07ed4fe813f88a8bcc9572a5e195,content-production/batches/B02/extracted-text/HFM-A000062_raw.txt,TEXT
JIAYI-PAGE-HFM-A000062-2,WORK-JIAYI,DOC-HFM-A000062,HFM-A000062,2,针灸甲乙经/论文/针灸甲乙经/196-《针灸甲乙经》中妇科疾病的取穴规律探析.pdf,61cca789b100b23bbc12e02a389d5130864f07ed4fe813f88a8bcc9572a5e195,content-production/batches/B02/extracted-text/HFM-A000062_raw.txt,TEXT
JIAYI-PAGE-HFM-A000062-3,WORK-JIAYI,DOC-HFM-A000062,HFM-A000062,3,针灸甲乙经/论文/针灸甲乙经/196-《针灸甲乙经》中妇科疾病的取穴规律探析.pdf,61cca789b100b23bbc12e02a389d5130864f07ed4fe813f88a8bcc9572a5e195,content-production/batches/B02/extracted-text/HFM-A000062_raw.txt,TEXT
JIAYI-PAGE-HFM-A000062-4,WORK-JIAYI,DOC-HFM-A000062,HFM-A000062,4,针灸甲乙经/论文/针灸甲乙经/196-《针灸甲乙经》中妇科疾病的取穴规律探析.pdf,61cca789b100b23bbc12e02a389d5130864f07ed4fe813f88a8bcc9572a5e195,content-production/batches/B02/extracted-text/HFM-A000062_raw.txt,TEXT
JIAYI-PAGE-HFM-A000063-1,WORK-JIAYI,DOC-HFM-A000063,HFM-A000063,1,针灸甲乙经/论文/针灸甲乙经/197-《针灸甲乙经》痹证治疗浅析.pdf,178c5d9dee67c9e7f1807d71960555f9f22f2eea107e862e4875189d4316a48f,content-production/corpus/extracted-text/HFM-A000063_raw.txt,TEXT
JIAYI-PAGE-HFM-A000063-2,WORK-JIAYI,DOC-HFM-A000063,HFM-A000063,2,针灸甲乙经/论文/针灸甲乙经/197-《针灸甲乙经》痹证治疗浅析.pdf,178c5d9dee67c9e7f1807d71960555f9f22f2eea107e862e4875189d4316a48f,content-production/corpus/extracted-text/HFM-A000063_raw.txt,TEXT
JIAYI-PAGE-HFM-A000063-3,WORK-JIAYI,DOC-HFM-A000063,HFM-A000063,3,针灸甲乙经/论文/针灸甲乙经/197-《针灸甲乙经》痹证治疗浅析.pdf,178c5d9dee67c9e7f1807d71960555f9f22f2eea107e862e4875189d4316a48f,content-production/corpus/extracted-text/HFM-A000063_raw.txt,TEXT
JIAYI-PAGE-HFM-A000063-4,WORK-JIAYI,DOC-HFM-A000063,HFM-A000063,4,针灸甲乙经/论文/针灸甲乙经/197-《针灸甲乙经》痹证治疗浅析.pdf,178c5d9dee67c9e7f1807d71960555f9f22f2eea107e862e4875189d4316a48f,content-production/corpus/extracted-text/HFM-A000063_raw.txt,TEXT
JIAYI-PAGE-HFM-A000063-5,WORK-JIAYI,DOC-HFM-A000063,HFM-A000063,5,针灸甲乙经/论文/针灸甲乙经/197-《针灸甲乙经》痹证治疗浅析.pdf,178c5d9dee67c9e7f1807d71960555f9f22f2eea107e862e4875189d4316a48f,content-production/corpus/extracted-text/HFM-A000063_raw.txt,TEXT
JIAYI-PAGE-HFM-A000064-1,WORK-JIAYI,DOC-HFM-A000064,HFM-A000064,1,针灸甲乙经/论文/针灸甲乙经/2-《针灸甲乙经》的章法.pdf,cffc00bc9d5f6241682fb31fae0a911894b035bb31328f8d3dac88aae8d01554,content-production/corpus/extracted-text/HFM-A000064_raw.txt,TEXT
JIAYI-PAGE-HFM-A000064-2,WORK-JIAYI,DOC-HFM-A000064,HFM-A000064,2,针灸甲乙经/论文/针灸甲乙经/2-《针灸甲乙经》的章法.pdf,cffc00bc9d5f6241682fb31fae0a911894b035bb31328f8d3dac88aae8d01554,content-production/corpus/extracted-text/HFM-A000064_raw.txt,TEXT
JIAYI-PAGE-HFM-A000064-3,WORK-JIAYI,DOC-HFM-A000064,HFM-A000064,3,针灸甲乙经/论文/针灸甲乙经/2-《针灸甲乙经》的章法.pdf,cffc00bc9d5f6241682fb31fae0a911894b035bb31328f8d3dac88aae8d01554,content-production/corpus/extracted-text/HFM-A000064_raw.txt,TEXT
JIAYI-PAGE-HFM-A000064-4,WORK-JIAYI,DOC-HFM-A000064,HFM-A000064,4,针灸甲乙经/论文/针灸甲乙经/2-《针灸甲乙经》的章法.pdf,cffc00bc9d5f6241682fb31fae0a911894b035bb31328f8d3dac88aae8d01554,content-production/corpus/extracted-text/HFM-A000064_raw.txt,TEXT
JIAYI-PAGE-HFM-A000064-5,WORK-JIAYI,DOC-HFM-A000064,HFM-A000064,5,针灸甲乙经/论文/针灸甲乙经/2-《针灸甲乙经》的章法.pdf,cffc00bc9d5f6241682fb31fae0a911894b035bb31328f8d3dac88aae8d01554,content-production/corpus/extracted-text/HFM-A000064_raw.txt,TEXT
JIAYI-PAGE-HFM-A000065-1,WORK-JIAYI,DOC-HFM-A000065,HFM-A000065,1,针灸甲乙经/论文/针灸甲乙经/20-论《针灸甲乙经》特定穴的学术价值.pdf,db063b71dd780b05f08437a127dda66937df920b447c0b78760d1c6239cbf10c,content-production/corpus/extracted-text/HFM-A000065_raw.txt,TEXT
JIAYI-PAGE-HFM-A000065-2,WORK-JIAYI,DOC-HFM-A000065,HFM-A000065,2,针灸甲乙经/论文/针灸甲乙经/20-论《针灸甲乙经》特定穴的学术价值.pdf,db063b71dd780b05f08437a127dda66937df920b447c0b78760d1c6239cbf10c,content-production/corpus/extracted-text/HFM-A000065_raw.txt,TEXT
JIAYI-PAGE-HFM-A000065-3,WORK-JIAYI,DOC-HFM-A000065,HFM-A000065,3,针灸甲乙经/论文/针灸甲乙经/20-论《针灸甲乙经》特定穴的学术价值.pdf,db063b71dd780b05f08437a127dda66937df920b447c0b78760d1c6239cbf10c,content-production/corpus/extracted-text/HFM-A000065_raw.txt,TEXT
JIAYI-PAGE-HFM-A000065-4,WORK-JIAYI,DOC-HFM-A000065,HFM-A000065,4,针灸甲乙经/论文/针灸甲乙经/20-论《针灸甲乙经》特定穴的学术价值.pdf,db063b71dd780b05f08437a127dda66937df920b447c0b78760d1c6239cbf10c,content-production/corpus/extracted-text/HFM-A000065_raw.txt,TEXT
JIAYI-PAGE-HFM-A000066-1,WORK-JIAYI,DOC-HFM-A000066,HFM-A000066,1,针灸甲乙经/论文/针灸甲乙经/201-《甲乙经》析疑五则.pdf,18d3bdf860900f1235ef1b28584473285ac9c21dbda746ffc60cc8c6a705d684,content-production/corpus/extracted-text/HFM-A000066_raw.txt,TEXT
JIAYI-PAGE-HFM-A000066-2,WORK-JIAYI,DOC-HFM-A000066,HFM-A000066,2,针灸甲乙经/论文/针灸甲乙经/201-《甲乙经》析疑五则.pdf,18d3bdf860900f1235ef1b28584473285ac9c21dbda746ffc60cc8c6a705d684,content-production/corpus/extracted-text/HFM-A000066_raw.txt,TEXT
JIAYI-PAGE-HFM-A000066-3,WORK-JIAYI,DOC-HFM-A000066,HFM-A000066,3,针灸甲乙经/论文/针灸甲乙经/201-《甲乙经》析疑五则.pdf,18d3bdf860900f1235ef1b28584473285ac9c21dbda746ffc60cc8c6a705d684,content-production/corpus/extracted-text/HFM-A000066_raw.txt,TEXT
JIAYI-PAGE-HFM-A000067-1,WORK-JIAYI,DOC-HFM-A000067,HFM-A000067,1,针灸甲乙经/论文/针灸甲乙经/205-推测《针灸甲乙经》的编撰思路和方法.pdf,69ba810fcf1a1d90edba934daf95400729bab30dfe6f586888a7d0861375b073,content-production/corpus/extracted-text/HFM-A000067_raw.txt,TEXT
JIAYI-PAGE-HFM-A000067-2,WORK-JIAYI,DOC-HFM-A000067,HFM-A000067,2,针灸甲乙经/论文/针灸甲乙经/205-推测《针灸甲乙经》的编撰思路和方法.pdf,69ba810fcf1a1d90edba934daf95400729bab30dfe6f586888a7d0861375b073,content-production/corpus/extracted-text/HFM-A000067_raw.txt,TEXT
JIAYI-PAGE-HFM-A000067-3,WORK-JIAYI,DOC-HFM-A000067,HFM-A000067,3,针灸甲乙经/论文/针灸甲乙经/205-推测《针灸甲乙经》的编撰思路和方法.pdf,69ba810fcf1a1d90edba934daf95400729bab30dfe6f586888a7d0861375b073,content-production/corpus/extracted-text/HFM-A000067_raw.txt,TEXT
JIAYI-PAGE-HFM-A000067-4,WORK-JIAYI,DOC-HFM-A000067,HFM-A000067,4,针灸甲乙经/论文/针灸甲乙经/205-推测《针灸甲乙经》的编撰思路和方法.pdf,69ba810fcf1a1d90edba934daf95400729bab30dfe6f586888a7d0861375b073,content-production/corpus/extracted-text/HFM-A000067_raw.txt,TEXT
JIAYI-PAGE-HFM-A000068-1,WORK-JIAYI,DOC-HFM-A000068,HFM-A000068,1,针灸甲乙经/论文/针灸甲乙经/206-《明堂孔穴针灸治要》书名质疑.pdf,953b0acf75b9267dafae61466343c0c8539fff3078285910bfcdb6e052e359ea,content-production/corpus/extracted-text/HFM-A000068_raw.txt,TEXT
JIAYI-PAGE-HFM-A000068-2,WORK-JIAYI,DOC-HFM-A000068,HFM-A000068,2,针灸甲乙经/论文/针灸甲乙经/206-《明堂孔穴针灸治要》书名质疑.pdf,953b0acf75b9267dafae61466343c0c8539fff3078285910bfcdb6e052e359ea,content-production/corpus/extracted-text/HFM-A000068_raw.txt,TEXT
JIAYI-PAGE-HFM-A000068-3,WORK-JIAYI,DOC-HFM-A000068,HFM-A000068,3,针灸甲乙经/论文/针灸甲乙经/206-《明堂孔穴针灸治要》书名质疑.pdf,953b0acf75b9267dafae61466343c0c8539fff3078285910bfcdb6e052e359ea,content-production/corpus/extracted-text/HFM-A000068_raw.txt,TEXT
JIAYI-PAGE-HFM-A000068-4,WORK-JIAYI,DOC-HFM-A000068,HFM-A000068,4,针灸甲乙经/论文/针灸甲乙经/206-《明堂孔穴针灸治要》书名质疑.pdf,953b0acf75b9267dafae61466343c0c8539fff3078285910bfcdb6e052e359ea,content-production/corpus/extracted-text/HFM-A000068_raw.txt,TEXT
JIAYI-PAGE-HFM-A000069-1,WORK-JIAYI,DOC-HFM-A000069,HFM-A000069,1,针灸甲乙经/论文/针灸甲乙经/207-基于脉动(病)发理论探讨小儿视神经萎缩的针灸治疗.pdf,52eea5c08f97f03c1aa47b2f851f75f7256b7715650e44842ab49553ebcaa63d,content-production/corpus/extracted-text/HFM-A000069_raw.txt,TEXT
JIAYI-PAGE-HFM-A000069-2,WORK-JIAYI,DOC-HFM-A000069,HFM-A000069,2,针灸甲乙经/论文/针灸甲乙经/207-基于脉动(病)发理论探讨小儿视神经萎缩的针灸治疗.pdf,52eea5c08f97f03c1aa47b2f851f75f7256b7715650e44842ab49553ebcaa63d,content-production/corpus/extracted-text/HFM-A000069_raw.txt,TEXT
JIAYI-PAGE-HFM-A000069-3,WORK-JIAYI,DOC-HFM-A000069,HFM-A000069,3,针灸甲乙经/论文/针灸甲乙经/207-基于脉动(病)发理论探讨小儿视神经萎缩的针灸治疗.pdf,52eea5c08f97f03c1aa47b2f851f75f7256b7715650e44842ab49553ebcaa63d,content-production/corpus/extracted-text/HFM-A000069_raw.txt,TEXT
JIAYI-PAGE-HFM-A000070-1,WORK-JIAYI,DOC-HFM-A000070,HFM-A000070,1,针灸甲乙经/论文/针灸甲乙经/208-针灸治疗头痛的辨证思路演变.pdf,05f15f6d31a8ebb69d0eaccb2d6e2df1a00ad128d1d56569c602c00915762668,content-production/corpus/extracted-text/HFM-A000070_raw.txt,TEXT
JIAYI-PAGE-HFM-A000070-2,WORK-JIAYI,DOC-HFM-A000070,HFM-A000070,2,针灸甲乙经/论文/针灸甲乙经/208-针灸治疗头痛的辨证思路演变.pdf,05f15f6d31a8ebb69d0eaccb2d6e2df1a00ad128d1d56569c602c00915762668,content-production/corpus/extracted-text/HFM-A000070_raw.txt,TEXT
JIAYI-PAGE-HFM-A000070-3,WORK-JIAYI,DOC-HFM-A000070,HFM-A000070,3,针灸甲乙经/论文/针灸甲乙经/208-针灸治疗头痛的辨证思路演变.pdf,05f15f6d31a8ebb69d0eaccb2d6e2df1a00ad128d1d56569c602c00915762668,content-production/corpus/extracted-text/HFM-A000070_raw.txt,TEXT
JIAYI-PAGE-HFM-A000070-4,WORK-JIAYI,DOC-HFM-A000070,HFM-A000070,4,针灸甲乙经/论文/针灸甲乙经/208-针灸治疗头痛的辨证思路演变.pdf,05f15f6d31a8ebb69d0eaccb2d6e2df1a00ad128d1d56569c602c00915762668,content-production/corpus/extracted-text/HFM-A000070_raw.txt,TEXT
JIAYI-PAGE-HFM-A000071-1,WORK-JIAYI,DOC-HFM-A000071,HFM-A000071,1,针灸甲乙经/论文/针灸甲乙经/209-正确和完整解读《甲乙经》的学术思想——《甲乙经》析疑五则.pdf,33646759d016418ef5f72787e3807ca9ab7784a89c878cfee0db2f7bd5efda7a,content-production/corpus/extracted-text/HFM-A000071_raw.txt,TEXT
JIAYI-PAGE-HFM-A000071-2,WORK-JIAYI,DOC-HFM-A000071,HFM-A000071,2,针灸甲乙经/论文/针灸甲乙经/209-正确和完整解读《甲乙经》的学术思想——《甲乙经》析疑五则.pdf,33646759d016418ef5f72787e3807ca9ab7784a89c878cfee0db2f7bd5efda7a,content-production/corpus/extracted-text/HFM-A000071_raw.txt,TEXT
JIAYI-PAGE-HFM-A000072-1,WORK-JIAYI,DOC-HFM-A000072,HFM-A000072,1,针灸甲乙经/论文/针灸甲乙经/21-《针灸甲乙经》重言考释.pdf,9670d0fd4510f183fa7791cd440a04b6af1f3ed5f0bf3c10e4e9770323b8bb69,content-production/corpus/extracted-text/HFM-A000072_raw.txt,TEXT
JIAYI-PAGE-HFM-A000072-2,WORK-JIAYI,DOC-HFM-A000072,HFM-A000072,2,针灸甲乙经/论文/针灸甲乙经/21-《针灸甲乙经》重言考释.pdf,9670d0fd4510f183fa7791cd440a04b6af1f3ed5f0bf3c10e4e9770323b8bb69,content-production/corpus/extracted-text/HFM-A000072_raw.txt,TEXT
JIAYI-PAGE-HFM-A000073-1,WORK-JIAYI,DOC-HFM-A000073,HFM-A000073,1,针灸甲乙经/论文/针灸甲乙经/211-基于针灸教材的针灸理论体系比较.pdf,b68c88b18565a051cead790477d1355b295a70db372a41aeec10a6f571f2edd8,content-production/corpus/extracted-text/HFM-A000073_raw.txt,TEXT
JIAYI-PAGE-HFM-A000074-1,WORK-JIAYI,DOC-HFM-A000074,HFM-A000074,1,针灸甲乙经/论文/针灸甲乙经/212-针灸治疗腰痛的溯源寻微.pdf,dfb53bba5b6908e9b5790abe0884b05c68079d4847be1319d99f3541a1a33c6f,content-production/corpus/extracted-text/HFM-A000074_raw.txt,TEXT
JIAYI-PAGE-HFM-A000074-2,WORK-JIAYI,DOC-HFM-A000074,HFM-A000074,2,针灸甲乙经/论文/针灸甲乙经/212-针灸治疗腰痛的溯源寻微.pdf,dfb53bba5b6908e9b5790abe0884b05c68079d4847be1319d99f3541a1a33c6f,content-production/corpus/extracted-text/HFM-A000074_raw.txt,TEXT
JIAYI-PAGE-HFM-A000074-3,WORK-JIAYI,DOC-HFM-A000074,HFM-A000074,3,针灸甲乙经/论文/针灸甲乙经/212-针灸治疗腰痛的溯源寻微.pdf,dfb53bba5b6908e9b5790abe0884b05c68079d4847be1319d99f3541a1a33c6f,content-production/corpus/extracted-text/HFM-A000074_raw.txt,TEXT
JIAYI-PAGE-HFM-A000075-1,WORK-JIAYI,DOC-HFM-A000075,HFM-A000075,1,针灸甲乙经/论文/针灸甲乙经/214-甘肃——针灸医学的发祥地之一.pdf,7df41d62961162fdd2d321adc02813deea84e68d16fa627f6822b79badbfd88d,content-production/corpus/extracted-text/HFM-A000075_raw.txt,TEXT
JIAYI-PAGE-HFM-A000075-2,WORK-JIAYI,DOC-HFM-A000075,HFM-A000075,2,针灸甲乙经/论文/针灸甲乙经/214-甘肃——针灸医学的发祥地之一.pdf,7df41d62961162fdd2d321adc02813deea84e68d16fa627f6822b79badbfd88d,content-production/corpus/extracted-text/HFM-A000075_raw.txt,TEXT
JIAYI-PAGE-HFM-A000075-3,WORK-JIAYI,DOC-HFM-A000075,HFM-A000075,3,针灸甲乙经/论文/针灸甲乙经/214-甘肃——针灸医学的发祥地之一.pdf,7df41d62961162fdd2d321adc02813deea84e68d16fa627f6822b79badbfd88d,content-production/corpus/extracted-text/HFM-A000075_raw.txt,TEXT
JIAYI-PAGE-HFM-A000076-1,WORK-JIAYI,DOC-HFM-A000076,HFM-A000076,1,针灸甲乙经/论文/针灸甲乙经/215-浅谈针灸标准制定问题.pdf,1cbf27726c58e016b302b62f4b10e639c6ff3dec41bb6d3a00f57f07878ca4ea,content-production/corpus/extracted-text/HFM-A000076_raw.txt,TEXT
JIAYI-PAGE-HFM-A000076-2,WORK-JIAYI,DOC-HFM-A000076,HFM-A000076,2,针灸甲乙经/论文/针灸甲乙经/215-浅谈针灸标准制定问题.pdf,1cbf27726c58e016b302b62f4b10e639c6ff3dec41bb6d3a00f57f07878ca4ea,content-production/corpus/extracted-text/HFM-A000076_raw.txt,TEXT
JIAYI-PAGE-HFM-A000076-3,WORK-JIAYI,DOC-HFM-A000076,HFM-A000076,3,针灸甲乙经/论文/针灸甲乙经/215-浅谈针灸标准制定问题.pdf,1cbf27726c58e016b302b62f4b10e639c6ff3dec41bb6d3a00f57f07878ca4ea,content-production/corpus/extracted-text/HFM-A000076_raw.txt,TEXT
JIAYI-PAGE-HFM-A000077-1,WORK-JIAYI,DOC-HFM-A000077,HFM-A000077,1,针灸甲乙经/论文/针灸甲乙经/216-中医研究生《针灸流派概论》教材的编写意义.pdf,40a9c9e8415d1febede2fcf153d2120fdee8f7e1e350dd6c56d425e0c2cb5173,content-production/corpus/extracted-text/HFM-A000077_raw.txt,TEXT
JIAYI-PAGE-HFM-A000077-2,WORK-JIAYI,DOC-HFM-A000077,HFM-A000077,2,针灸甲乙经/论文/针灸甲乙经/216-中医研究生《针灸流派概论》教材的编写意义.pdf,40a9c9e8415d1febede2fcf153d2120fdee8f7e1e350dd6c56d425e0c2cb5173,content-production/corpus/extracted-text/HFM-A000077_raw.txt,TEXT
JIAYI-PAGE-HFM-A000078-1,WORK-JIAYI,DOC-HFM-A000078,HFM-A000078,1,针灸甲乙经/论文/针灸甲乙经/217-《甲乙经》腹部腧穴针刺深浅及其在腹针疗法中的意义.pdf,ec509c60f625c7a9bf85e89c87fe19bc5d1dbb2803a916ceb29fee0c0313838c,content-production/corpus/extracted-text/HFM-A000078_raw.txt,TEXT
JIAYI-PAGE-HFM-A000079-1,WORK-JIAYI,DOC-HFM-A000079,HFM-A000079,1,针灸甲乙经/论文/针灸甲乙经/218-影响针灸疗效的因素古今说.pdf,dcc8a7535c0ddb26f3d30feca275c4c3159c5ba51ca448afb7347cecbc48fb5f,content-production/corpus/extracted-text/HFM-A000079_raw.txt,TEXT
JIAYI-PAGE-HFM-A000079-2,WORK-JIAYI,DOC-HFM-A000079,HFM-A000079,2,针灸甲乙经/论文/针灸甲乙经/218-影响针灸疗效的因素古今说.pdf,dcc8a7535c0ddb26f3d30feca275c4c3159c5ba51ca448afb7347cecbc48fb5f,content-production/corpus/extracted-text/HFM-A000079_raw.txt,TEXT
JIAYI-PAGE-HFM-A000080-1,WORK-JIAYI,DOC-HFM-A000080,HFM-A000080,1,针灸甲乙经/论文/针灸甲乙经/219-《甲乙经》明代传本勘误(续完).pdf,f9db8eaa8dacb2e5056d9f8c174070b4c1b4cbfbef590e9d6870922ca81aa362,content-production/corpus/extracted-text/HFM-A000080_raw.txt,TEXT
JIAYI-PAGE-HFM-A000080-2,WORK-JIAYI,DOC-HFM-A000080,HFM-A000080,2,针灸甲乙经/论文/针灸甲乙经/219-《甲乙经》明代传本勘误(续完).pdf,f9db8eaa8dacb2e5056d9f8c174070b4c1b4cbfbef590e9d6870922ca81aa362,content-production/corpus/extracted-text/HFM-A000080_raw.txt,TEXT
JIAYI-PAGE-HFM-A000080-3,WORK-JIAYI,DOC-HFM-A000080,HFM-A000080,3,针灸甲乙经/论文/针灸甲乙经/219-《甲乙经》明代传本勘误(续完).pdf,f9db8eaa8dacb2e5056d9f8c174070b4c1b4cbfbef590e9d6870922ca81aa362,content-production/corpus/extracted-text/HFM-A000080_raw.txt,TEXT
JIAYI-PAGE-HFM-A000080-4,WORK-JIAYI,DOC-HFM-A000080,HFM-A000080,4,针灸甲乙经/论文/针灸甲乙经/219-《甲乙经》明代传本勘误(续完).pdf,f9db8eaa8dacb2e5056d9f8c174070b4c1b4cbfbef590e9d6870922ca81aa362,content-production/corpus/extracted-text/HFM-A000080_raw.txt,TEXT
JIAYI-PAGE-HFM-A000080-5,WORK-JIAYI,DOC-HFM-A000080,HFM-A000080,5,针灸甲乙经/论文/针灸甲乙经/219-《甲乙经》明代传本勘误(续完).pdf,f9db8eaa8dacb2e5056d9f8c174070b4c1b4cbfbef590e9d6870922ca81aa362,content-production/corpus/extracted-text/HFM-A000080_raw.txt,TEXT
JIAYI-PAGE-HFM-A000081-1,WORK-JIAYI,DOC-HFM-A000081,HFM-A000081,1,针灸甲乙经/论文/针灸甲乙经/22-《针灸甲乙经》从脾论治抑郁症学术思想探析.pdf,665a95e3e5c8f50c939ef7f352d5463a7656d4da2e7fa09da9ed98170cca2e2e,content-production/corpus/extracted-text/HFM-A000081_raw.txt,TEXT
JIAYI-PAGE-HFM-A000081-2,WORK-JIAYI,DOC-HFM-A000081,HFM-A000081,2,针灸甲乙经/论文/针灸甲乙经/22-《针灸甲乙经》从脾论治抑郁症学术思想探析.pdf,665a95e3e5c8f50c939ef7f352d5463a7656d4da2e7fa09da9ed98170cca2e2e,content-production/corpus/extracted-text/HFM-A000081_raw.txt,TEXT
JIAYI-PAGE-HFM-A000081-3,WORK-JIAYI,DOC-HFM-A000081,HFM-A000081,3,针灸甲乙经/论文/针灸甲乙经/22-《针灸甲乙经》从脾论治抑郁症学术思想探析.pdf,665a95e3e5c8f50c939ef7f352d5463a7656d4da2e7fa09da9ed98170cca2e2e,content-production/corpus/extracted-text/HFM-A000081_raw.txt,TEXT
JIAYI-PAGE-HFM-A000081-4,WORK-JIAYI,DOC-HFM-A000081,HFM-A000081,4,针灸甲乙经/论文/针灸甲乙经/22-《针灸甲乙经》从脾论治抑郁症学术思想探析.pdf,665a95e3e5c8f50c939ef7f352d5463a7656d4da2e7fa09da9ed98170cca2e2e,content-production/corpus/extracted-text/HFM-A000081_raw.txt,TEXT
JIAYI-PAGE-HFM-A000082-1,WORK-JIAYI,DOC-HFM-A000082,HFM-A000082,1,针灸甲乙经/论文/针灸甲乙经/220-《甲乙经》天突、璇玑、华盖位置考证.pdf,d4a7af9b23d74ed65691dca912482d73fd300fad91fc1401057ca19c94721dfb,content-production/corpus/extracted-text/HFM-A000082_raw.txt,TEXT
JIAYI-PAGE-HFM-A000083-1,WORK-JIAYI,DOC-HFM-A000083,HFM-A000083,1,针灸甲乙经/论文/针灸甲乙经/221-浅析《千金方》的针灸学术思想.pdf,7fd9abf2858c174cdf282634ef934c632aee6595bd3f4022eb2a9776b067df52,content-production/corpus/extracted-text/HFM-A000083_raw.txt,TEXT
JIAYI-PAGE-HFM-A000083-2,WORK-JIAYI,DOC-HFM-A000083,HFM-A000083,2,针灸甲乙经/论文/针灸甲乙经/221-浅析《千金方》的针灸学术思想.pdf,7fd9abf2858c174cdf282634ef934c632aee6595bd3f4022eb2a9776b067df52,content-production/corpus/extracted-text/HFM-A000083_raw.txt,TEXT
JIAYI-PAGE-HFM-A000083-3,WORK-JIAYI,DOC-HFM-A000083,HFM-A000083,3,针灸甲乙经/论文/针灸甲乙经/221-浅析《千金方》的针灸学术思想.pdf,7fd9abf2858c174cdf282634ef934c632aee6595bd3f4022eb2a9776b067df52,content-production/corpus/extracted-text/HFM-A000083_raw.txt,TEXT
JIAYI-PAGE-HFM-A000084-1,WORK-JIAYI,DOC-HFM-A000084,HFM-A000084,1,针灸甲乙经/论文/针灸甲乙经/222-浅论中原针灸的学术特色.pdf,b1c0896cad211b63396ac0e905fd95d5dcf97752ca8bf2baca54281263dbb9a0,content-production/corpus/extracted-text/HFM-A000084_raw.txt,TEXT
JIAYI-PAGE-HFM-A000084-2,WORK-JIAYI,DOC-HFM-A000084,HFM-A000084,2,针灸甲乙经/论文/针灸甲乙经/222-浅论中原针灸的学术特色.pdf,b1c0896cad211b63396ac0e905fd95d5dcf97752ca8bf2baca54281263dbb9a0,content-production/corpus/extracted-text/HFM-A000084_raw.txt,TEXT
JIAYI-PAGE-HFM-A000084-3,WORK-JIAYI,DOC-HFM-A000084,HFM-A000084,3,针灸甲乙经/论文/针灸甲乙经/222-浅论中原针灸的学术特色.pdf,b1c0896cad211b63396ac0e905fd95d5dcf97752ca8bf2baca54281263dbb9a0,content-production/corpus/extracted-text/HFM-A000084_raw.txt,TEXT
JIAYI-PAGE-HFM-A000084-4,WORK-JIAYI,DOC-HFM-A000084,HFM-A000084,4,针灸甲乙经/论文/针灸甲乙经/222-浅论中原针灸的学术特色.pdf,b1c0896cad211b63396ac0e905fd95d5dcf97752ca8bf2baca54281263dbb9a0,content-production/corpus/extracted-text/HFM-A000084_raw.txt,TEXT
JIAYI-PAGE-HFM-A000084-5,WORK-JIAYI,DOC-HFM-A000084,HFM-A000084,5,针灸甲乙经/论文/针灸甲乙经/222-浅论中原针灸的学术特色.pdf,b1c0896cad211b63396ac0e905fd95d5dcf97752ca8bf2baca54281263dbb9a0,content-production/corpus/extracted-text/HFM-A000084_raw.txt,TEXT
JIAYI-PAGE-HFM-A000084-6,WORK-JIAYI,DOC-HFM-A000084,HFM-A000084,6,针灸甲乙经/论文/针灸甲乙经/222-浅论中原针灸的学术特色.pdf,b1c0896cad211b63396ac0e905fd95d5dcf97752ca8bf2baca54281263dbb9a0,content-production/corpus/extracted-text/HFM-A000084_raw.txt,TEXT
JIAYI-PAGE-HFM-A000084-7,WORK-JIAYI,DOC-HFM-A000084,HFM-A000084,7,针灸甲乙经/论文/针灸甲乙经/222-浅论中原针灸的学术特色.pdf,b1c0896cad211b63396ac0e905fd95d5dcf97752ca8bf2baca54281263dbb9a0,content-production/corpus/extracted-text/HFM-A000084_raw.txt,TEXT
JIAYI-PAGE-HFM-A000085-1,WORK-JIAYI,DOC-HFM-A000085,HFM-A000085,1,针灸甲乙经/论文/针灸甲乙经/224-针灸治疗2型糖尿病研究进展.pdf,8bd94d46496d1b7485f0eea363b005a5cba3b0ecd1f32bf14970045a5e46840b,content-production/corpus/extracted-text/HFM-A000085_raw.txt,TEXT
JIAYI-PAGE-HFM-A000085-2,WORK-JIAYI,DOC-HFM-A000085,HFM-A000085,2,针灸甲乙经/论文/针灸甲乙经/224-针灸治疗2型糖尿病研究进展.pdf,8bd94d46496d1b7485f0eea363b005a5cba3b0ecd1f32bf14970045a5e46840b,content-production/corpus/extracted-text/HFM-A000085_raw.txt,TEXT
JIAYI-PAGE-HFM-A000086-1,WORK-JIAYI,DOC-HFM-A000086,HFM-A000086,1,针灸甲乙经/论文/针灸甲乙经/225-三才理论在针灸治疗热病中的应用探讨.pdf,e4100039abef7f93a2e5a689a1cd09377005ede0c7c6a95a1d3bd26f5edf7ef2,content-production/batches/B02/extracted-text/HFM-A000086_raw.txt,TEXT
JIAYI-PAGE-HFM-A000086-2,WORK-JIAYI,DOC-HFM-A000086,HFM-A000086,2,针灸甲乙经/论文/针灸甲乙经/225-三才理论在针灸治疗热病中的应用探讨.pdf,e4100039abef7f93a2e5a689a1cd09377005ede0c7c6a95a1d3bd26f5edf7ef2,content-production/batches/B02/extracted-text/HFM-A000086_raw.txt,TEXT
JIAYI-PAGE-HFM-A000086-3,WORK-JIAYI,DOC-HFM-A000086,HFM-A000086,3,针灸甲乙经/论文/针灸甲乙经/225-三才理论在针灸治疗热病中的应用探讨.pdf,e4100039abef7f93a2e5a689a1cd09377005ede0c7c6a95a1d3bd26f5edf7ef2,content-production/batches/B02/extracted-text/HFM-A000086_raw.txt,TEXT
JIAYI-PAGE-HFM-A000086-4,WORK-JIAYI,DOC-HFM-A000086,HFM-A000086,4,针灸甲乙经/论文/针灸甲乙经/225-三才理论在针灸治疗热病中的应用探讨.pdf,e4100039abef7f93a2e5a689a1cd09377005ede0c7c6a95a1d3bd26f5edf7ef2,content-production/batches/B02/extracted-text/HFM-A000086_raw.txt,TEXT
JIAYI-PAGE-HFM-A000087-1,WORK-JIAYI,DOC-HFM-A000087,HFM-A000087,1,针灸甲乙经/论文/针灸甲乙经/226-《针灸资生经》发灸疮要旨浅析.pdf,24df49e008df099dcf2692e3b56ba9a9e6f5a5b9c7d7a2039f874000d3f13426,content-production/corpus/extracted-text/HFM-A000087_raw.txt,TEXT
JIAYI-PAGE-HFM-A000088-1,WORK-JIAYI,DOC-HFM-A000088,HFM-A000088,1,针灸甲乙经/论文/针灸甲乙经/228-从南京医学院针灸铜人到《经络腧穴学》的经穴定位演变举隅.pdf,533d39ffef7b2530e25818128c0e84855a52f084dedc8028e62e9dd56249c3ef,content-production/corpus/extracted-text/HFM-A000088_raw.txt,TEXT
JIAYI-PAGE-HFM-A000088-2,WORK-JIAYI,DOC-HFM-A000088,HFM-A000088,2,针灸甲乙经/论文/针灸甲乙经/228-从南京医学院针灸铜人到《经络腧穴学》的经穴定位演变举隅.pdf,533d39ffef7b2530e25818128c0e84855a52f084dedc8028e62e9dd56249c3ef,content-production/corpus/extracted-text/HFM-A000088_raw.txt,TEXT
JIAYI-PAGE-HFM-A000088-3,WORK-JIAYI,DOC-HFM-A000088,HFM-A000088,3,针灸甲乙经/论文/针灸甲乙经/228-从南京医学院针灸铜人到《经络腧穴学》的经穴定位演变举隅.pdf,533d39ffef7b2530e25818128c0e84855a52f084dedc8028e62e9dd56249c3ef,content-production/corpus/extracted-text/HFM-A000088_raw.txt,TEXT
JIAYI-PAGE-HFM-A000088-4,WORK-JIAYI,DOC-HFM-A000088,HFM-A000088,4,针灸甲乙经/论文/针灸甲乙经/228-从南京医学院针灸铜人到《经络腧穴学》的经穴定位演变举隅.pdf,533d39ffef7b2530e25818128c0e84855a52f084dedc8028e62e9dd56249c3ef,content-production/corpus/extracted-text/HFM-A000088_raw.txt,TEXT
JIAYI-PAGE-HFM-A000088-5,WORK-JIAYI,DOC-HFM-A000088,HFM-A000088,5,针灸甲乙经/论文/针灸甲乙经/228-从南京医学院针灸铜人到《经络腧穴学》的经穴定位演变举隅.pdf,533d39ffef7b2530e25818128c0e84855a52f084dedc8028e62e9dd56249c3ef,content-production/corpus/extracted-text/HFM-A000088_raw.txt,TEXT
JIAYI-PAGE-HFM-A000088-6,WORK-JIAYI,DOC-HFM-A000088,HFM-A000088,6,针灸甲乙经/论文/针灸甲乙经/228-从南京医学院针灸铜人到《经络腧穴学》的经穴定位演变举隅.pdf,533d39ffef7b2530e25818128c0e84855a52f084dedc8028e62e9dd56249c3ef,content-production/corpus/extracted-text/HFM-A000088_raw.txt,TEXT
JIAYI-PAGE-HFM-A000089-1,WORK-JIAYI,DOC-HFM-A000089,HFM-A000089,1,针灸甲乙经/论文/针灸甲乙经/229-《针灸逢源》灸法探析.pdf,2258bbe68966aa5f97b79c7f135c87930865cbf65f41fff514969b2c7b955f56,content-production/corpus/extracted-text/HFM-A000089_raw.txt,TEXT
JIAYI-PAGE-HFM-A000089-2,WORK-JIAYI,DOC-HFM-A000089,HFM-A000089,2,针灸甲乙经/论文/针灸甲乙经/229-《针灸逢源》灸法探析.pdf,2258bbe68966aa5f97b79c7f135c87930865cbf65f41fff514969b2c7b955f56,content-production/corpus/extracted-text/HFM-A000089_raw.txt,TEXT
JIAYI-PAGE-HFM-A000090-1,WORK-JIAYI,DOC-HFM-A000090,HFM-A000090,1,针灸甲乙经/论文/针灸甲乙经/23-《针灸甲乙经》论治头痛探析.pdf,f9a947587f0f81e5b5e2efa9a7c2767258a2779e1590b684fddd690ca97dc7b9,content-production/corpus/extracted-text/HFM-A000090_raw.txt,TEXT
JIAYI-PAGE-HFM-A000090-2,WORK-JIAYI,DOC-HFM-A000090,HFM-A000090,2,针灸甲乙经/论文/针灸甲乙经/23-《针灸甲乙经》论治头痛探析.pdf,f9a947587f0f81e5b5e2efa9a7c2767258a2779e1590b684fddd690ca97dc7b9,content-production/corpus/extracted-text/HFM-A000090_raw.txt,TEXT
JIAYI-PAGE-HFM-A000090-3,WORK-JIAYI,DOC-HFM-A000090,HFM-A000090,3,针灸甲乙经/论文/针灸甲乙经/23-《针灸甲乙经》论治头痛探析.pdf,f9a947587f0f81e5b5e2efa9a7c2767258a2779e1590b684fddd690ca97dc7b9,content-production/corpus/extracted-text/HFM-A000090_raw.txt,TEXT
JIAYI-PAGE-HFM-A000091-1,WORK-JIAYI,DOC-HFM-A000091,HFM-A000091,1,针灸甲乙经/论文/针灸甲乙经/230-近5年脑梗死的针灸治疗研究现状.pdf,c3bc4255215205c91bdf75ad22cc7a024327194f7e6854022b1d6d94bbea50aa,content-production/corpus/extracted-text/HFM-A000091_raw.txt,TEXT
JIAYI-PAGE-HFM-A000091-2,WORK-JIAYI,DOC-HFM-A000091,HFM-A000091,2,针灸甲乙经/论文/针灸甲乙经/230-近5年脑梗死的针灸治疗研究现状.pdf,c3bc4255215205c91bdf75ad22cc7a024327194f7e6854022b1d6d94bbea50aa,content-production/corpus/extracted-text/HFM-A000091_raw.txt,TEXT
JIAYI-PAGE-HFM-A000091-3,WORK-JIAYI,DOC-HFM-A000091,HFM-A000091,3,针灸甲乙经/论文/针灸甲乙经/230-近5年脑梗死的针灸治疗研究现状.pdf,c3bc4255215205c91bdf75ad22cc7a024327194f7e6854022b1d6d94bbea50aa,content-production/corpus/extracted-text/HFM-A000091_raw.txt,TEXT
JIAYI-PAGE-HFM-A000092-1,WORK-JIAYI,DOC-HFM-A000092,HFM-A000092,1,针灸甲乙经/论文/针灸甲乙经/231-针灸治疗急重症举隅.pdf,5366e19e2f43e88661285dc76dc187bfa993ce910db6e7ed1e4170cb46b29be7,content-production/corpus/extracted-text/HFM-A000092_raw.txt,TEXT
JIAYI-PAGE-HFM-A000093-1,WORK-JIAYI,DOC-HFM-A000093,HFM-A000093,1,针灸甲乙经/论文/针灸甲乙经/232-针灸治疗2型糖尿病35例.pdf,1632c6e5b5286afcc4cd6b075489946fb58aea00872c2fceb83815170818c5b0,content-production/corpus/extracted-text/HFM-A000093_raw.txt,TEXT
JIAYI-PAGE-HFM-A000094-1,WORK-JIAYI,DOC-HFM-A000094,HFM-A000094,1,针灸甲乙经/论文/针灸甲乙经/233-《针灸大成》肾俞穴临床应用浅析.pdf,739b7486cd22907423129c6baede28246c4b674735be79d8c028fe54f9d235e2,content-production/corpus/extracted-text/HFM-A000094_raw.txt,TEXT
JIAYI-PAGE-HFM-A000094-2,WORK-JIAYI,DOC-HFM-A000094,HFM-A000094,2,针灸甲乙经/论文/针灸甲乙经/233-《针灸大成》肾俞穴临床应用浅析.pdf,739b7486cd22907423129c6baede28246c4b674735be79d8c028fe54f9d235e2,content-production/corpus/extracted-text/HFM-A000094_raw.txt,TEXT
JIAYI-PAGE-HFM-A000094-3,WORK-JIAYI,DOC-HFM-A000094,HFM-A000094,3,针灸甲乙经/论文/针灸甲乙经/233-《针灸大成》肾俞穴临床应用浅析.pdf,739b7486cd22907423129c6baede28246c4b674735be79d8c028fe54f9d235e2,content-production/corpus/extracted-text/HFM-A000094_raw.txt,TEXT
JIAYI-PAGE-HFM-A000094-4,WORK-JIAYI,DOC-HFM-A000094,HFM-A000094,4,针灸甲乙经/论文/针灸甲乙经/233-《针灸大成》肾俞穴临床应用浅析.pdf,739b7486cd22907423129c6baede28246c4b674735be79d8c028fe54f9d235e2,content-production/corpus/extracted-text/HFM-A000094_raw.txt,TEXT
JIAYI-PAGE-HFM-A000095-1,WORK-JIAYI,DOC-HFM-A000095,HFM-A000095,1,针灸甲乙经/论文/针灸甲乙经/234-针灸治疗肩周炎临床进展.pdf,f9c3278fe0af4cf6e4e551f94b6c7357acf42a9c94357ed2d3c2542163597181,content-production/corpus/extracted-text/HFM-A000095_raw.txt,TEXT
JIAYI-PAGE-HFM-A000095-2,WORK-JIAYI,DOC-HFM-A000095,HFM-A000095,2,针灸甲乙经/论文/针灸甲乙经/234-针灸治疗肩周炎临床进展.pdf,f9c3278fe0af4cf6e4e551f94b6c7357acf42a9c94357ed2d3c2542163597181,content-production/corpus/extracted-text/HFM-A000095_raw.txt,TEXT
JIAYI-PAGE-HFM-A000096-1,WORK-JIAYI,DOC-HFM-A000096,HFM-A000096,1,针灸甲乙经/论文/针灸甲乙经/235-辞书学与针灸推拿辞书的编纂.pdf,ee14fb5d52da3cd956199f3c513a0d6d2ae3d50fed3229382f181f3d96325366,content-production/corpus/extracted-text/HFM-A000096_raw.txt,TEXT
JIAYI-PAGE-HFM-A000096-2,WORK-JIAYI,DOC-HFM-A000096,HFM-A000096,2,针灸甲乙经/论文/针灸甲乙经/235-辞书学与针灸推拿辞书的编纂.pdf,ee14fb5d52da3cd956199f3c513a0d6d2ae3d50fed3229382f181f3d96325366,content-production/corpus/extracted-text/HFM-A000096_raw.txt,TEXT
JIAYI-PAGE-HFM-A000097-1,WORK-JIAYI,DOC-HFM-A000097,HFM-A000097,1,针灸甲乙经/论文/针灸甲乙经/236-针灸治疗失眠症的古籍配穴处方探究.pdf,285e8984c14269f8fdf47a3b66d35f610af2e1cdc0751d04dc8ff4096ee421b1,content-production/corpus/extracted-text/HFM-A000097_raw.txt,TEXT
JIAYI-PAGE-HFM-A000097-2,WORK-JIAYI,DOC-HFM-A000097,HFM-A000097,2,针灸甲乙经/论文/针灸甲乙经/236-针灸治疗失眠症的古籍配穴处方探究.pdf,285e8984c14269f8fdf47a3b66d35f610af2e1cdc0751d04dc8ff4096ee421b1,content-production/corpus/extracted-text/HFM-A000097_raw.txt,TEXT
JIAYI-PAGE-HFM-A000097-3,WORK-JIAYI,DOC-HFM-A000097,HFM-A000097,3,针灸甲乙经/论文/针灸甲乙经/236-针灸治疗失眠症的古籍配穴处方探究.pdf,285e8984c14269f8fdf47a3b66d35f610af2e1cdc0751d04dc8ff4096ee421b1,content-production/corpus/extracted-text/HFM-A000097_raw.txt,TEXT
JIAYI-PAGE-HFM-A000097-4,WORK-JIAYI,DOC-HFM-A000097,HFM-A000097,4,针灸甲乙经/论文/针灸甲乙经/236-针灸治疗失眠症的古籍配穴处方探究.pdf,285e8984c14269f8fdf47a3b66d35f610af2e1cdc0751d04dc8ff4096ee421b1,content-production/corpus/extracted-text/HFM-A000097_raw.txt,TEXT
JIAYI-PAGE-HFM-A000098-1,WORK-JIAYI,DOC-HFM-A000098,HFM-A000098,1,针灸甲乙经/论文/针灸甲乙经/237-以中兽医理论为基础发扬光大动物针灸技术.pdf,1fa77a4199142da856a5c744efa1f2ca35a86ab09a9e9593bc11be0710e3862d,content-production/corpus/extracted-text/HFM-A000098_raw.txt,TEXT
JIAYI-PAGE-HFM-A000098-2,WORK-JIAYI,DOC-HFM-A000098,HFM-A000098,2,针灸甲乙经/论文/针灸甲乙经/237-以中兽医理论为基础发扬光大动物针灸技术.pdf,1fa77a4199142da856a5c744efa1f2ca35a86ab09a9e9593bc11be0710e3862d,content-production/corpus/extracted-text/HFM-A000098_raw.txt,TEXT
JIAYI-PAGE-HFM-A000098-3,WORK-JIAYI,DOC-HFM-A000098,HFM-A000098,3,针灸甲乙经/论文/针灸甲乙经/237-以中兽医理论为基础发扬光大动物针灸技术.pdf,1fa77a4199142da856a5c744efa1f2ca35a86ab09a9e9593bc11be0710e3862d,content-production/corpus/extracted-text/HFM-A000098_raw.txt,TEXT
JIAYI-PAGE-HFM-A000099-1,WORK-JIAYI,DOC-HFM-A000099,HFM-A000099,1,针灸甲乙经/论文/针灸甲乙经/238-《甲乙经》对《难经》的引用.pdf,f63a096142bc7fd5e754ea6ec1ad933fa9bb12cc5151597bbb809f6812921676,content-production/corpus/extracted-text/HFM-A000099_raw.txt,TEXT
JIAYI-PAGE-HFM-A000099-2,WORK-JIAYI,DOC-HFM-A000099,HFM-A000099,2,针灸甲乙经/论文/针灸甲乙经/238-《甲乙经》对《难经》的引用.pdf,f63a096142bc7fd5e754ea6ec1ad933fa9bb12cc5151597bbb809f6812921676,content-production/corpus/extracted-text/HFM-A000099_raw.txt,TEXT
JIAYI-PAGE-HFM-A000099-3,WORK-JIAYI,DOC-HFM-A000099,HFM-A000099,3,针灸甲乙经/论文/针灸甲乙经/238-《甲乙经》对《难经》的引用.pdf,f63a096142bc7fd5e754ea6ec1ad933fa9bb12cc5151597bbb809f6812921676,content-production/corpus/extracted-text/HFM-A000099_raw.txt,TEXT
JIAYI-PAGE-HFM-A000100-1,WORK-JIAYI,DOC-HFM-A000100,HFM-A000100,1,针灸甲乙经/论文/针灸甲乙经/239-耳鼻咽喉科针灸疗法历史源流探讨.pdf,998362f8ea0a6a70c011a42a7d62d2fefad85fb0e48871c9aeb2c4b0f7397411,content-production/corpus/extracted-text/HFM-A000100_raw.txt,TEXT
JIAYI-PAGE-HFM-A000100-2,WORK-JIAYI,DOC-HFM-A000100,HFM-A000100,2,针灸甲乙经/论文/针灸甲乙经/239-耳鼻咽喉科针灸疗法历史源流探讨.pdf,998362f8ea0a6a70c011a42a7d62d2fefad85fb0e48871c9aeb2c4b0f7397411,content-production/corpus/extracted-text/HFM-A000100_raw.txt,TEXT
JIAYI-PAGE-HFM-A000100-3,WORK-JIAYI,DOC-HFM-A000100,HFM-A000100,3,针灸甲乙经/论文/针灸甲乙经/239-耳鼻咽喉科针灸疗法历史源流探讨.pdf,998362f8ea0a6a70c011a42a7d62d2fefad85fb0e48871c9aeb2c4b0f7397411,content-production/corpus/extracted-text/HFM-A000100_raw.txt,TEXT
JIAYI-PAGE-HFM-A000100-4,WORK-JIAYI,DOC-HFM-A000100,HFM-A000100,4,针灸甲乙经/论文/针灸甲乙经/239-耳鼻咽喉科针灸疗法历史源流探讨.pdf,998362f8ea0a6a70c011a42a7d62d2fefad85fb0e48871c9aeb2c4b0f7397411,content-production/corpus/extracted-text/HFM-A000100_raw.txt,TEXT
JIAYI-PAGE-HFM-A000101-1,WORK-JIAYI,DOC-HFM-A000101,HFM-A000101,1,针灸甲乙经/论文/针灸甲乙经/24-《针灸甲乙经》委中穴考证.pdf,fbb498904855ac5041a24b206e0bebc1324244eeb850b4751a4be0ff1f104913,content-production/corpus/extracted-text/HFM-A000101_raw.txt,TEXT
JIAYI-PAGE-HFM-A000101-2,WORK-JIAYI,DOC-HFM-A000101,HFM-A000101,2,针灸甲乙经/论文/针灸甲乙经/24-《针灸甲乙经》委中穴考证.pdf,fbb498904855ac5041a24b206e0bebc1324244eeb850b4751a4be0ff1f104913,content-production/corpus/extracted-text/HFM-A000101_raw.txt,TEXT
JIAYI-PAGE-HFM-A000101-3,WORK-JIAYI,DOC-HFM-A000101,HFM-A000101,3,针灸甲乙经/论文/针灸甲乙经/24-《针灸甲乙经》委中穴考证.pdf,fbb498904855ac5041a24b206e0bebc1324244eeb850b4751a4be0ff1f104913,content-production/corpus/extracted-text/HFM-A000101_raw.txt,TEXT
JIAYI-PAGE-HFM-A000102-1,WORK-JIAYI,DOC-HFM-A000102,HFM-A000102,1,针灸甲乙经/论文/针灸甲乙经/240-针灸治疗糖尿病周围神经病变机制研究进展.pdf,c4072757ab92b79131d4045e6d781581d0727269353bf7bf37e9cc0a51288cd8,content-production/corpus/extracted-text/HFM-A000102_raw.txt,TEXT
JIAYI-PAGE-HFM-A000102-2,WORK-JIAYI,DOC-HFM-A000102,HFM-A000102,2,针灸甲乙经/论文/针灸甲乙经/240-针灸治疗糖尿病周围神经病变机制研究进展.pdf,c4072757ab92b79131d4045e6d781581d0727269353bf7bf37e9cc0a51288cd8,content-production/corpus/extracted-text/HFM-A000102_raw.txt,TEXT
JIAYI-PAGE-HFM-A000102-3,WORK-JIAYI,DOC-HFM-A000102,HFM-A000102,3,针灸甲乙经/论文/针灸甲乙经/240-针灸治疗糖尿病周围神经病变机制研究进展.pdf,c4072757ab92b79131d4045e6d781581d0727269353bf7bf37e9cc0a51288cd8,content-production/corpus/extracted-text/HFM-A000102_raw.txt,TEXT
JIAYI-PAGE-HFM-A000103-1,WORK-JIAYI,DOC-HFM-A000103,HFM-A000103,1,针灸甲乙经/论文/针灸甲乙经/241-《针灸大成》主要学术思想及其影响探索.pdf,2176e84a1179ffd814fa3231b494330a7509cca0ce63b462d66ad3bd31f9c1c5,content-production/corpus/extracted-text/HFM-A000103_raw.txt,TEXT
JIAYI-PAGE-HFM-A000103-2,WORK-JIAYI,DOC-HFM-A000103,HFM-A000103,2,针灸甲乙经/论文/针灸甲乙经/241-《针灸大成》主要学术思想及其影响探索.pdf,2176e84a1179ffd814fa3231b494330a7509cca0ce63b462d66ad3bd31f9c1c5,content-production/corpus/extracted-text/HFM-A000103_raw.txt,TEXT
JIAYI-PAGE-HFM-A000104-1,WORK-JIAYI,DOC-HFM-A000104,HFM-A000104,1,针灸甲乙经/论文/针灸甲乙经/242-杨继洲及其《针灸大成》的学术思想浅析.pdf,b6221474fceb0e05aa0b4babcfb1cbd78d300769ed2989858f5ee8e536909798,content-production/corpus/extracted-text/HFM-A000104_raw.txt,TEXT
JIAYI-PAGE-HFM-A000104-2,WORK-JIAYI,DOC-HFM-A000104,HFM-A000104,2,针灸甲乙经/论文/针灸甲乙经/242-杨继洲及其《针灸大成》的学术思想浅析.pdf,b6221474fceb0e05aa0b4babcfb1cbd78d300769ed2989858f5ee8e536909798,content-production/corpus/extracted-text/HFM-A000104_raw.txt,TEXT
JIAYI-PAGE-HFM-A000105-1,WORK-JIAYI,DOC-HFM-A000105,HFM-A000105,1,针灸甲乙经/论文/针灸甲乙经/243-_百会_穴针灸治疗临床体会.pdf,9873ecc28833ade15e6ace6bd067933881a547a60b57dcdeb793a9d40299b574,content-production/corpus/extracted-text/HFM-A000105_raw.txt,TEXT
JIAYI-PAGE-HFM-A000105-2,WORK-JIAYI,DOC-HFM-A000105,HFM-A000105,2,针灸甲乙经/论文/针灸甲乙经/243-_百会_穴针灸治疗临床体会.pdf,9873ecc28833ade15e6ace6bd067933881a547a60b57dcdeb793a9d40299b574,content-production/corpus/extracted-text/HFM-A000105_raw.txt,TEXT
JIAYI-PAGE-HFM-A000105-3,WORK-JIAYI,DOC-HFM-A000105,HFM-A000105,3,针灸甲乙经/论文/针灸甲乙经/243-_百会_穴针灸治疗临床体会.pdf,9873ecc28833ade15e6ace6bd067933881a547a60b57dcdeb793a9d40299b574,content-production/corpus/extracted-text/HFM-A000105_raw.txt,TEXT
JIAYI-PAGE-HFM-A000106-1,WORK-JIAYI,DOC-HFM-A000106,HFM-A000106,1,针灸甲乙经/论文/针灸甲乙经/244-《国际针灸学教程》序.pdf,44b9515ef727cd98fc22a1f0b92bcf678d0e55a38cd2cd25470c8a92ac7df594,content-production/corpus/extracted-text/HFM-A000106_raw.txt,TEXT
JIAYI-PAGE-HFM-A000107-1,WORK-JIAYI,DOC-HFM-A000107,HFM-A000107,1,针灸甲乙经/论文/针灸甲乙经/245-长安医学针灸学说的创建与传承发展.pdf,72bc6f614c355094ae394b7a72d3059d4b818f1ea6d855e7604b5bee8af027ac,content-production/corpus/extracted-text/HFM-A000107_raw.txt,TEXT
JIAYI-PAGE-HFM-A000107-2,WORK-JIAYI,DOC-HFM-A000107,HFM-A000107,2,针灸甲乙经/论文/针灸甲乙经/245-长安医学针灸学说的创建与传承发展.pdf,72bc6f614c355094ae394b7a72d3059d4b818f1ea6d855e7604b5bee8af027ac,content-production/corpus/extracted-text/HFM-A000107_raw.txt,TEXT
JIAYI-PAGE-HFM-A000107-3,WORK-JIAYI,DOC-HFM-A000107,HFM-A000107,3,针灸甲乙经/论文/针灸甲乙经/245-长安医学针灸学说的创建与传承发展.pdf,72bc6f614c355094ae394b7a72d3059d4b818f1ea6d855e7604b5bee8af027ac,content-production/corpus/extracted-text/HFM-A000107_raw.txt,TEXT
JIAYI-PAGE-HFM-A000107-4,WORK-JIAYI,DOC-HFM-A000107,HFM-A000107,4,针灸甲乙经/论文/针灸甲乙经/245-长安医学针灸学说的创建与传承发展.pdf,72bc6f614c355094ae394b7a72d3059d4b818f1ea6d855e7604b5bee8af027ac,content-production/corpus/extracted-text/HFM-A000107_raw.txt,TEXT
JIAYI-PAGE-HFM-A000107-5,WORK-JIAYI,DOC-HFM-A000107,HFM-A000107,5,针灸甲乙经/论文/针灸甲乙经/245-长安医学针灸学说的创建与传承发展.pdf,72bc6f614c355094ae394b7a72d3059d4b818f1ea6d855e7604b5bee8af027ac,content-production/corpus/extracted-text/HFM-A000107_raw.txt,TEXT
JIAYI-PAGE-HFM-A000107-6,WORK-JIAYI,DOC-HFM-A000107,HFM-A000107,6,针灸甲乙经/论文/针灸甲乙经/245-长安医学针灸学说的创建与传承发展.pdf,72bc6f614c355094ae394b7a72d3059d4b818f1ea6d855e7604b5bee8af027ac,content-production/corpus/extracted-text/HFM-A000107_raw.txt,TEXT
JIAYI-PAGE-HFM-A000107-7,WORK-JIAYI,DOC-HFM-A000107,HFM-A000107,7,针灸甲乙经/论文/针灸甲乙经/245-长安医学针灸学说的创建与传承发展.pdf,72bc6f614c355094ae394b7a72d3059d4b818f1ea6d855e7604b5bee8af027ac,content-production/corpus/extracted-text/HFM-A000107_raw.txt,TEXT
JIAYI-PAGE-HFM-A000107-8,WORK-JIAYI,DOC-HFM-A000107,HFM-A000107,8,针灸甲乙经/论文/针灸甲乙经/245-长安医学针灸学说的创建与传承发展.pdf,72bc6f614c355094ae394b7a72d3059d4b818f1ea6d855e7604b5bee8af027ac,content-production/corpus/extracted-text/HFM-A000107_raw.txt,TEXT
JIAYI-PAGE-HFM-A000107-9,WORK-JIAYI,DOC-HFM-A000107,HFM-A000107,9,针灸甲乙经/论文/针灸甲乙经/245-长安医学针灸学说的创建与传承发展.pdf,72bc6f614c355094ae394b7a72d3059d4b818f1ea6d855e7604b5bee8af027ac,content-production/corpus/extracted-text/HFM-A000107_raw.txt,TEXT
JIAYI-PAGE-HFM-A000107-10,WORK-JIAYI,DOC-HFM-A000107,HFM-A000107,10,针灸甲乙经/论文/针灸甲乙经/245-长安医学针灸学说的创建与传承发展.pdf,72bc6f614c355094ae394b7a72d3059d4b818f1ea6d855e7604b5bee8af027ac,content-production/corpus/extracted-text/HFM-A000107_raw.txt,TEXT
JIAYI-PAGE-HFM-A000108-1,WORK-JIAYI,DOC-HFM-A000108,HFM-A000108,1,针灸甲乙经/论文/针灸甲乙经/25-《针灸甲乙经》论治遗溺经验.pdf,11da9fc7725c752a42d44629e227542f31bae4cb4c393c6b44128931acf58d2f,content-production/corpus/extracted-text/HFM-A000108_raw.txt,TEXT
JIAYI-PAGE-HFM-A000108-2,WORK-JIAYI,DOC-HFM-A000108,HFM-A000108,2,针灸甲乙经/论文/针灸甲乙经/25-《针灸甲乙经》论治遗溺经验.pdf,11da9fc7725c752a42d44629e227542f31bae4cb4c393c6b44128931acf58d2f,content-production/corpus/extracted-text/HFM-A000108_raw.txt,TEXT
JIAYI-PAGE-HFM-A000109-1,WORK-JIAYI,DOC-HFM-A000109,HFM-A000109,1,针灸甲乙经/论文/针灸甲乙经/251-《铜人腧穴针灸图经》腧穴归经探析.pdf,f6b8ce08b1961a24ad394b6e5dfa162ae795ae19038a42119bd2fd71e07ffd1b,content-production/corpus/extracted-text/HFM-A000109_raw.txt,TEXT
JIAYI-PAGE-HFM-A000109-2,WORK-JIAYI,DOC-HFM-A000109,HFM-A000109,2,针灸甲乙经/论文/针灸甲乙经/251-《铜人腧穴针灸图经》腧穴归经探析.pdf,f6b8ce08b1961a24ad394b6e5dfa162ae795ae19038a42119bd2fd71e07ffd1b,content-production/corpus/extracted-text/HFM-A000109_raw.txt,TEXT
JIAYI-PAGE-HFM-A000109-3,WORK-JIAYI,DOC-HFM-A000109,HFM-A000109,3,针灸甲乙经/论文/针灸甲乙经/251-《铜人腧穴针灸图经》腧穴归经探析.pdf,f6b8ce08b1961a24ad394b6e5dfa162ae795ae19038a42119bd2fd71e07ffd1b,content-production/corpus/extracted-text/HFM-A000109_raw.txt,TEXT
JIAYI-PAGE-HFM-A000110-1,WORK-JIAYI,DOC-HFM-A000110,HFM-A000110,1,针灸甲乙经/论文/针灸甲乙经/252-初谈针灸处方的原则与取穴规律.pdf,68efcab673302af034020a167556986f6a8eb1829430e5c0e2fcb78c54fcb57b,content-production/corpus/extracted-text/HFM-A000110_raw.txt,TEXT
JIAYI-PAGE-HFM-A000110-2,WORK-JIAYI,DOC-HFM-A000110,HFM-A000110,2,针灸甲乙经/论文/针灸甲乙经/252-初谈针灸处方的原则与取穴规律.pdf,68efcab673302af034020a167556986f6a8eb1829430e5c0e2fcb78c54fcb57b,content-production/corpus/extracted-text/HFM-A000110_raw.txt,TEXT
JIAYI-PAGE-HFM-A000111-1,WORK-JIAYI,DOC-HFM-A000111,HFM-A000111,1,针灸甲乙经/论文/针灸甲乙经/253-针灸补泻手法初探.pdf,ad8a5c8f15e5575acbc26e12a0856f113f6a96edbae3e17366b526dcaa4c0ee5,content-production/batches/B02/extracted-text/HFM-A000111_raw.txt,TEXT
JIAYI-PAGE-HFM-A000111-2,WORK-JIAYI,DOC-HFM-A000111,HFM-A000111,2,针灸甲乙经/论文/针灸甲乙经/253-针灸补泻手法初探.pdf,ad8a5c8f15e5575acbc26e12a0856f113f6a96edbae3e17366b526dcaa4c0ee5,content-production/batches/B02/extracted-text/HFM-A000111_raw.txt,TEXT
JIAYI-PAGE-HFM-A000111-3,WORK-JIAYI,DOC-HFM-A000111,HFM-A000111,3,针灸甲乙经/论文/针灸甲乙经/253-针灸补泻手法初探.pdf,ad8a5c8f15e5575acbc26e12a0856f113f6a96edbae3e17366b526dcaa4c0ee5,content-production/batches/B02/extracted-text/HFM-A000111_raw.txt,TEXT
JIAYI-PAGE-HFM-A000112-1,WORK-JIAYI,DOC-HFM-A000112,HFM-A000112,1,针灸甲乙经/论文/针灸甲乙经/255-浅谈《甲乙经》论治痿证.pdf,3133fdd2acdc627ec9b79ab323f513df39bca081c99b43c4bb8cba921786353c,content-production/corpus/extracted-text/HFM-A000112_raw.txt,TEXT
JIAYI-PAGE-HFM-A000113-1,WORK-JIAYI,DOC-HFM-A000113,HFM-A000113,1,针灸甲乙经/论文/针灸甲乙经/26-《针灸甲乙经》治疗腰痛特点分析.pdf,801ef24d20aae1ced9b51f91795863e354a3c1c2d523948526fcfa27883f4a52,content-production/corpus/extracted-text/HFM-A000113_raw.txt,TEXT
JIAYI-PAGE-HFM-A000113-2,WORK-JIAYI,DOC-HFM-A000113,HFM-A000113,2,针灸甲乙经/论文/针灸甲乙经/26-《针灸甲乙经》治疗腰痛特点分析.pdf,801ef24d20aae1ced9b51f91795863e354a3c1c2d523948526fcfa27883f4a52,content-production/corpus/extracted-text/HFM-A000113_raw.txt,TEXT
JIAYI-PAGE-HFM-A000114-1,WORK-JIAYI,DOC-HFM-A000114,HFM-A000114,1,针灸甲乙经/论文/针灸甲乙经/263-从现代针灸临床应用探析古代禁针禁灸经穴.pdf,2182441a84013e460d8d5de7dbdcf74756709e7c781d697fcdc56676201b327b,content-production/corpus/extracted-text/HFM-A000114_raw.txt,TEXT
JIAYI-PAGE-HFM-A000114-2,WORK-JIAYI,DOC-HFM-A000114,HFM-A000114,2,针灸甲乙经/论文/针灸甲乙经/263-从现代针灸临床应用探析古代禁针禁灸经穴.pdf,2182441a84013e460d8d5de7dbdcf74756709e7c781d697fcdc56676201b327b,content-production/corpus/extracted-text/HFM-A000114_raw.txt,TEXT
JIAYI-PAGE-HFM-A000115-1,WORK-JIAYI,DOC-HFM-A000115,HFM-A000115,1,针灸甲乙经/论文/针灸甲乙经/265-王执中《针灸资生经》学术思想浅析.pdf,266d0d5b4e4b8f15e773a0203d85e44eb401870471a1d948560359455b96c44c,content-production/corpus/extracted-text/HFM-A000115_raw.txt,TEXT
JIAYI-PAGE-HFM-A000116-1,WORK-JIAYI,DOC-HFM-A000116,HFM-A000116,1,针灸甲乙经/论文/针灸甲乙经/27-浅谈《针灸甲乙经》的学术价值.pdf,c61bb3d1a46f14119f9d62bec355e6a4fb9e74562e5099b203d4d16983cd4f21,content-production/corpus/extracted-text/HFM-A000116_raw.txt,TEXT
JIAYI-PAGE-HFM-A000116-2,WORK-JIAYI,DOC-HFM-A000116,HFM-A000116,2,针灸甲乙经/论文/针灸甲乙经/27-浅谈《针灸甲乙经》的学术价值.pdf,c61bb3d1a46f14119f9d62bec355e6a4fb9e74562e5099b203d4d16983cd4f21,content-production/corpus/extracted-text/HFM-A000116_raw.txt,TEXT
JIAYI-PAGE-HFM-A000117-1,WORK-JIAYI,DOC-HFM-A000117,HFM-A000117,1,针灸甲乙经/论文/针灸甲乙经/289-《素问》《灵枢》《太素》《甲乙经》异文例释.pdf,9ca040d25c0da7d573b1a374be2ab69a8fc5cdeaabead74f5ab75122a5b66f70,content-production/corpus/extracted-text/HFM-A000117_raw.txt,TEXT
JIAYI-PAGE-HFM-A000117-2,WORK-JIAYI,DOC-HFM-A000117,HFM-A000117,2,针灸甲乙经/论文/针灸甲乙经/289-《素问》《灵枢》《太素》《甲乙经》异文例释.pdf,9ca040d25c0da7d573b1a374be2ab69a8fc5cdeaabead74f5ab75122a5b66f70,content-production/corpus/extracted-text/HFM-A000117_raw.txt,TEXT
JIAYI-PAGE-HFM-A000118-1,WORK-JIAYI,DOC-HFM-A000118,HFM-A000118,1,针灸甲乙经/论文/针灸甲乙经/29-浅析《针灸甲乙经》之痉证.pdf,09912ef76aa9f8b3c34a74745685c6c803010a0100f36e2d64bf87a31beffd12,content-production/corpus/extracted-text/HFM-A000118_raw.txt,TEXT
JIAYI-PAGE-HFM-A000118-2,WORK-JIAYI,DOC-HFM-A000118,HFM-A000118,2,针灸甲乙经/论文/针灸甲乙经/29-浅析《针灸甲乙经》之痉证.pdf,09912ef76aa9f8b3c34a74745685c6c803010a0100f36e2d64bf87a31beffd12,content-production/corpus/extracted-text/HFM-A000118_raw.txt,TEXT
JIAYI-PAGE-HFM-A000118-3,WORK-JIAYI,DOC-HFM-A000118,HFM-A000118,3,针灸甲乙经/论文/针灸甲乙经/29-浅析《针灸甲乙经》之痉证.pdf,09912ef76aa9f8b3c34a74745685c6c803010a0100f36e2d64bf87a31beffd12,content-production/corpus/extracted-text/HFM-A000118_raw.txt,TEXT
JIAYI-PAGE-HFM-A000119-1,WORK-JIAYI,DOC-HFM-A000119,HFM-A000119,1,针灸甲乙经/论文/针灸甲乙经/295-针灸“人神禁忌”学说中的“尻神”辨误.pdf,7d2efbdd23c12fd6c190170e4790ba63ad6bdb8986905f89f70fee7eecbfe41f,content-production/corpus/extracted-text/HFM-A000119_raw.txt,TEXT
JIAYI-PAGE-HFM-A000120-1,WORK-JIAYI,DOC-HFM-A000120,HFM-A000120,1,针灸甲乙经/论文/针灸甲乙经/296-王执中针灸学术思想探微.pdf,e5c5d891728a2ff9a2120e87fb9aa8b7eb70d69a4498bde9e475a62520b1c299,content-production/corpus/extracted-text/HFM-A000120_raw.txt,TEXT
JIAYI-PAGE-HFM-A000120-2,WORK-JIAYI,DOC-HFM-A000120,HFM-A000120,2,针灸甲乙经/论文/针灸甲乙经/296-王执中针灸学术思想探微.pdf,e5c5d891728a2ff9a2120e87fb9aa8b7eb70d69a4498bde9e475a62520b1c299,content-production/corpus/extracted-text/HFM-A000120_raw.txt,TEXT
JIAYI-PAGE-HFM-A000120-3,WORK-JIAYI,DOC-HFM-A000120,HFM-A000120,3,针灸甲乙经/论文/针灸甲乙经/296-王执中针灸学术思想探微.pdf,e5c5d891728a2ff9a2120e87fb9aa8b7eb70d69a4498bde9e475a62520b1c299,content-production/corpus/extracted-text/HFM-A000120_raw.txt,TEXT
JIAYI-PAGE-HFM-A000121-1,WORK-JIAYI,DOC-HFM-A000121,HFM-A000121,1,针灸甲乙经/论文/针灸甲乙经/297-针灸疗法治疗缺乳症52例疗效观察.pdf,ed1260dd5e99e3d9129fb001f42e612f6764dc42f878fc6f6c00a9167e1e07d6,content-production/corpus/extracted-text/HFM-A000121_raw.txt,TEXT
JIAYI-PAGE-HFM-A000122-1,WORK-JIAYI,DOC-HFM-A000122,HFM-A000122,1,针灸甲乙经/论文/针灸甲乙经/3-《针灸甲乙经》月经病治疗.pdf,e4e5e7cc064c0d5b6fad14eff42cea6d9327fdefc05a065aab77f2aff5d25bea,content-production/corpus/extracted-text/HFM-A000122_raw.txt,TEXT
JIAYI-PAGE-HFM-A000122-2,WORK-JIAYI,DOC-HFM-A000122,HFM-A000122,2,针灸甲乙经/论文/针灸甲乙经/3-《针灸甲乙经》月经病治疗.pdf,e4e5e7cc064c0d5b6fad14eff42cea6d9327fdefc05a065aab77f2aff5d25bea,content-production/corpus/extracted-text/HFM-A000122_raw.txt,TEXT
JIAYI-PAGE-HFM-A000122-3,WORK-JIAYI,DOC-HFM-A000122,HFM-A000122,3,针灸甲乙经/论文/针灸甲乙经/3-《针灸甲乙经》月经病治疗.pdf,e4e5e7cc064c0d5b6fad14eff42cea6d9327fdefc05a065aab77f2aff5d25bea,content-production/corpus/extracted-text/HFM-A000122_raw.txt,TEXT
JIAYI-PAGE-HFM-A000122-4,WORK-JIAYI,DOC-HFM-A000122,HFM-A000122,4,针灸甲乙经/论文/针灸甲乙经/3-《针灸甲乙经》月经病治疗.pdf,e4e5e7cc064c0d5b6fad14eff42cea6d9327fdefc05a065aab77f2aff5d25bea,content-production/corpus/extracted-text/HFM-A000122_raw.txt,TEXT
JIAYI-PAGE-HFM-A000123-1,WORK-JIAYI,DOC-HFM-A000123,HFM-A000123,1,针灸甲乙经/论文/针灸甲乙经/30-《针灸甲乙经》研究现状的分析.pdf,336def0adfb9e91f973d12d966f4813eebdbac7ca5b9c05dd4740005a71a368d,content-production/corpus/extracted-text/HFM-A000123_raw.txt,TEXT
JIAYI-PAGE-HFM-A000123-2,WORK-JIAYI,DOC-HFM-A000123,HFM-A000123,2,针灸甲乙经/论文/针灸甲乙经/30-《针灸甲乙经》研究现状的分析.pdf,336def0adfb9e91f973d12d966f4813eebdbac7ca5b9c05dd4740005a71a368d,content-production/corpus/extracted-text/HFM-A000123_raw.txt,TEXT
JIAYI-PAGE-HFM-A000123-3,WORK-JIAYI,DOC-HFM-A000123,HFM-A000123,3,针灸甲乙经/论文/针灸甲乙经/30-《针灸甲乙经》研究现状的分析.pdf,336def0adfb9e91f973d12d966f4813eebdbac7ca5b9c05dd4740005a71a368d,content-production/corpus/extracted-text/HFM-A000123_raw.txt,TEXT
JIAYI-PAGE-HFM-A000124-1,WORK-JIAYI,DOC-HFM-A000124,HFM-A000124,1,针灸甲乙经/论文/针灸甲乙经/305-针灸治疗视神经萎缩1例报道.pdf,1e5940f113e587b75e2492122cc07aac29650a46f357a092f7cf277bdae741d2,content-production/corpus/extracted-text/HFM-A000124_raw.txt,TEXT
JIAYI-PAGE-HFM-A000124-2,WORK-JIAYI,DOC-HFM-A000124,HFM-A000124,2,针灸甲乙经/论文/针灸甲乙经/305-针灸治疗视神经萎缩1例报道.pdf,1e5940f113e587b75e2492122cc07aac29650a46f357a092f7cf277bdae741d2,content-production/corpus/extracted-text/HFM-A000124_raw.txt,TEXT
JIAYI-PAGE-HFM-A000125-1,WORK-JIAYI,DOC-HFM-A000125,HFM-A000125,1,针灸甲乙经/论文/针灸甲乙经/31-《针灸甲乙经》中痿证的论述.pdf,ba41b4ccb5a089386dd35d3166485cb148efc83d76eb579dd38874eb26c78a82,content-production/corpus/extracted-text/HFM-A000125_raw.txt,TEXT
JIAYI-PAGE-HFM-A000126-1,WORK-JIAYI,DOC-HFM-A000126,HFM-A000126,1,针灸甲乙经/论文/针灸甲乙经/32-《黄帝三部针灸甲乙经》题名解.pdf,133ab8d22fcfff790fdc0a5232391079e201432497788f9d87b909a16feffe59,content-production/corpus/extracted-text/HFM-A000126_raw.txt,TEXT
JIAYI-PAGE-HFM-A000126-2,WORK-JIAYI,DOC-HFM-A000126,HFM-A000126,2,针灸甲乙经/论文/针灸甲乙经/32-《黄帝三部针灸甲乙经》题名解.pdf,133ab8d22fcfff790fdc0a5232391079e201432497788f9d87b909a16feffe59,content-production/corpus/extracted-text/HFM-A000126_raw.txt,TEXT
JIAYI-PAGE-HFM-A000127-1,WORK-JIAYI,DOC-HFM-A000127,HFM-A000127,1,针灸甲乙经/论文/针灸甲乙经/33-浅析《针灸甲乙经》对募穴的贡献.pdf,d3e147fb0349cf08cfffc0e87d8e4dab00468e78e35ef26eb3100dfc7e6ea173,content-production/corpus/extracted-text/HFM-A000127_raw.txt,TEXT
JIAYI-PAGE-HFM-A000127-2,WORK-JIAYI,DOC-HFM-A000127,HFM-A000127,2,针灸甲乙经/论文/针灸甲乙经/33-浅析《针灸甲乙经》对募穴的贡献.pdf,d3e147fb0349cf08cfffc0e87d8e4dab00468e78e35ef26eb3100dfc7e6ea173,content-production/corpus/extracted-text/HFM-A000127_raw.txt,TEXT
JIAYI-PAGE-HFM-A000127-3,WORK-JIAYI,DOC-HFM-A000127,HFM-A000127,3,针灸甲乙经/论文/针灸甲乙经/33-浅析《针灸甲乙经》对募穴的贡献.pdf,d3e147fb0349cf08cfffc0e87d8e4dab00468e78e35ef26eb3100dfc7e6ea173,content-production/corpus/extracted-text/HFM-A000127_raw.txt,TEXT
JIAYI-PAGE-HFM-A000128-1,WORK-JIAYI,DOC-HFM-A000128,HFM-A000128,1,针灸甲乙经/论文/针灸甲乙经/330-近十年国内郄穴的临床研究进展.pdf,9e6aae97a35e3266da8bf7bb7e989f5f62983757fd708fddd3379bf36624b547,content-production/corpus/extracted-text/HFM-A000128_raw.txt,TEXT
JIAYI-PAGE-HFM-A000128-2,WORK-JIAYI,DOC-HFM-A000128,HFM-A000128,2,针灸甲乙经/论文/针灸甲乙经/330-近十年国内郄穴的临床研究进展.pdf,9e6aae97a35e3266da8bf7bb7e989f5f62983757fd708fddd3379bf36624b547,content-production/corpus/extracted-text/HFM-A000128_raw.txt,TEXT
JIAYI-PAGE-HFM-A000128-3,WORK-JIAYI,DOC-HFM-A000128,HFM-A000128,3,针灸甲乙经/论文/针灸甲乙经/330-近十年国内郄穴的临床研究进展.pdf,9e6aae97a35e3266da8bf7bb7e989f5f62983757fd708fddd3379bf36624b547,content-production/corpus/extracted-text/HFM-A000128_raw.txt,TEXT
JIAYI-PAGE-HFM-A000128-4,WORK-JIAYI,DOC-HFM-A000128,HFM-A000128,4,针灸甲乙经/论文/针灸甲乙经/330-近十年国内郄穴的临床研究进展.pdf,9e6aae97a35e3266da8bf7bb7e989f5f62983757fd708fddd3379bf36624b547,content-production/corpus/extracted-text/HFM-A000128_raw.txt,TEXT
JIAYI-PAGE-HFM-A000128-5,WORK-JIAYI,DOC-HFM-A000128,HFM-A000128,5,针灸甲乙经/论文/针灸甲乙经/330-近十年国内郄穴的临床研究进展.pdf,9e6aae97a35e3266da8bf7bb7e989f5f62983757fd708fddd3379bf36624b547,content-production/corpus/extracted-text/HFM-A000128_raw.txt,TEXT
JIAYI-PAGE-HFM-A000129-1,WORK-JIAYI,DOC-HFM-A000129,HFM-A000129,1,针灸甲乙经/论文/针灸甲乙经/331-十二经水刍议.pdf,635ef52d392b887763efb9df918d119110b70a20ce214fd755a4e6350c33f167,content-production/corpus/extracted-text/HFM-A000129_raw.txt,TEXT
JIAYI-PAGE-HFM-A000129-2,WORK-JIAYI,DOC-HFM-A000129,HFM-A000129,2,针灸甲乙经/论文/针灸甲乙经/331-十二经水刍议.pdf,635ef52d392b887763efb9df918d119110b70a20ce214fd755a4e6350c33f167,content-production/corpus/extracted-text/HFM-A000129_raw.txt,TEXT
JIAYI-PAGE-HFM-A000129-3,WORK-JIAYI,DOC-HFM-A000129,HFM-A000129,3,针灸甲乙经/论文/针灸甲乙经/331-十二经水刍议.pdf,635ef52d392b887763efb9df918d119110b70a20ce214fd755a4e6350c33f167,content-production/corpus/extracted-text/HFM-A000129_raw.txt,TEXT
JIAYI-PAGE-HFM-A000129-4,WORK-JIAYI,DOC-HFM-A000129,HFM-A000129,4,针灸甲乙经/论文/针灸甲乙经/331-十二经水刍议.pdf,635ef52d392b887763efb9df918d119110b70a20ce214fd755a4e6350c33f167,content-production/corpus/extracted-text/HFM-A000129_raw.txt,TEXT
JIAYI-PAGE-HFM-A000130-1,WORK-JIAYI,DOC-HFM-A000130,HFM-A000130,1,针灸甲乙经/论文/针灸甲乙经/334-任、督、冲脉_一源三歧__异名同体_探析.pdf,5379a452ab359f6614276ce4345aa32aeaafea2274cbfec508d89f5961391405,content-production/corpus/extracted-text/HFM-A000130_raw.txt,TEXT
JIAYI-PAGE-HFM-A000130-2,WORK-JIAYI,DOC-HFM-A000130,HFM-A000130,2,针灸甲乙经/论文/针灸甲乙经/334-任、督、冲脉_一源三歧__异名同体_探析.pdf,5379a452ab359f6614276ce4345aa32aeaafea2274cbfec508d89f5961391405,content-production/corpus/extracted-text/HFM-A000130_raw.txt,TEXT
JIAYI-PAGE-HFM-A000130-3,WORK-JIAYI,DOC-HFM-A000130,HFM-A000130,3,针灸甲乙经/论文/针灸甲乙经/334-任、督、冲脉_一源三歧__异名同体_探析.pdf,5379a452ab359f6614276ce4345aa32aeaafea2274cbfec508d89f5961391405,content-production/corpus/extracted-text/HFM-A000130_raw.txt,TEXT
JIAYI-PAGE-HFM-A000130-4,WORK-JIAYI,DOC-HFM-A000130,HFM-A000130,4,针灸甲乙经/论文/针灸甲乙经/334-任、督、冲脉_一源三歧__异名同体_探析.pdf,5379a452ab359f6614276ce4345aa32aeaafea2274cbfec508d89f5961391405,content-production/corpus/extracted-text/HFM-A000130_raw.txt,TEXT
JIAYI-PAGE-HFM-A000130-5,WORK-JIAYI,DOC-HFM-A000130,HFM-A000130,5,针灸甲乙经/论文/针灸甲乙经/334-任、督、冲脉_一源三歧__异名同体_探析.pdf,5379a452ab359f6614276ce4345aa32aeaafea2274cbfec508d89f5961391405,content-production/corpus/extracted-text/HFM-A000130_raw.txt,TEXT
JIAYI-PAGE-HFM-A000131-1,WORK-JIAYI,DOC-HFM-A000131,HFM-A000131,1,针灸甲乙经/论文/针灸甲乙经/338-肩井穴治疗乳痈病机初探.pdf,5c46981bf490d7f266a656be79bdfa329292c163afe086a6b1577903c02bb35e,content-production/corpus/extracted-text/HFM-A000131_raw.txt,TEXT
JIAYI-PAGE-HFM-A000131-2,WORK-JIAYI,DOC-HFM-A000131,HFM-A000131,2,针灸甲乙经/论文/针灸甲乙经/338-肩井穴治疗乳痈病机初探.pdf,5c46981bf490d7f266a656be79bdfa329292c163afe086a6b1577903c02bb35e,content-production/corpus/extracted-text/HFM-A000131_raw.txt,TEXT
JIAYI-PAGE-HFM-A000131-3,WORK-JIAYI,DOC-HFM-A000131,HFM-A000131,3,针灸甲乙经/论文/针灸甲乙经/338-肩井穴治疗乳痈病机初探.pdf,5c46981bf490d7f266a656be79bdfa329292c163afe086a6b1577903c02bb35e,content-production/corpus/extracted-text/HFM-A000131_raw.txt,TEXT
JIAYI-PAGE-HFM-A000131-4,WORK-JIAYI,DOC-HFM-A000131,HFM-A000131,4,针灸甲乙经/论文/针灸甲乙经/338-肩井穴治疗乳痈病机初探.pdf,5c46981bf490d7f266a656be79bdfa329292c163afe086a6b1577903c02bb35e,content-production/corpus/extracted-text/HFM-A000131_raw.txt,TEXT
JIAYI-PAGE-HFM-A000131-5,WORK-JIAYI,DOC-HFM-A000131,HFM-A000131,5,针灸甲乙经/论文/针灸甲乙经/338-肩井穴治疗乳痈病机初探.pdf,5c46981bf490d7f266a656be79bdfa329292c163afe086a6b1577903c02bb35e,content-production/corpus/extracted-text/HFM-A000131_raw.txt,TEXT
JIAYI-PAGE-HFM-A000132-1,WORK-JIAYI,DOC-HFM-A000132,HFM-A000132,1,针灸甲乙经/论文/针灸甲乙经/34-浅论《针灸甲乙经》对腧穴学的贡献.pdf,9c846fa0fba28155f300f7709661d9388d77ed1fc33d825c54dd901d03345001,content-production/corpus/extracted-text/HFM-A000132_raw.txt,TEXT
JIAYI-PAGE-HFM-A000132-2,WORK-JIAYI,DOC-HFM-A000132,HFM-A000132,2,针灸甲乙经/论文/针灸甲乙经/34-浅论《针灸甲乙经》对腧穴学的贡献.pdf,9c846fa0fba28155f300f7709661d9388d77ed1fc33d825c54dd901d03345001,content-production/corpus/extracted-text/HFM-A000132_raw.txt,TEXT
JIAYI-PAGE-HFM-A000132-3,WORK-JIAYI,DOC-HFM-A000132,HFM-A000132,3,针灸甲乙经/论文/针灸甲乙经/34-浅论《针灸甲乙经》对腧穴学的贡献.pdf,9c846fa0fba28155f300f7709661d9388d77ed1fc33d825c54dd901d03345001,content-production/corpus/extracted-text/HFM-A000132_raw.txt,TEXT
JIAYI-PAGE-HFM-A000133-1,WORK-JIAYI,DOC-HFM-A000133,HFM-A000133,1,针灸甲乙经/论文/针灸甲乙经/35-《针灸甲乙经》胁痛的诊治特点.pdf,c7871ae6cb531e2aa2fb6c667a38602a7f08b300496a6fce95abdbbf29dae08c,content-production/corpus/extracted-text/HFM-A000133_raw.txt,TEXT
JIAYI-PAGE-HFM-A000133-2,WORK-JIAYI,DOC-HFM-A000133,HFM-A000133,2,针灸甲乙经/论文/针灸甲乙经/35-《针灸甲乙经》胁痛的诊治特点.pdf,c7871ae6cb531e2aa2fb6c667a38602a7f08b300496a6fce95abdbbf29dae08c,content-production/corpus/extracted-text/HFM-A000133_raw.txt,TEXT
JIAYI-PAGE-HFM-A000134-1,WORK-JIAYI,DOC-HFM-A000134,HFM-A000134,1,针灸甲乙经/论文/针灸甲乙经/351-攒竹穴探析.pdf,f4be22162dcdfd3b43f3b92f5619895399b6538f8ec4521269448982ccc98190,content-production/corpus/extracted-text/HFM-A000134_raw.txt,TEXT
JIAYI-PAGE-HFM-A000134-2,WORK-JIAYI,DOC-HFM-A000134,HFM-A000134,2,针灸甲乙经/论文/针灸甲乙经/351-攒竹穴探析.pdf,f4be22162dcdfd3b43f3b92f5619895399b6538f8ec4521269448982ccc98190,content-production/corpus/extracted-text/HFM-A000134_raw.txt,TEXT
JIAYI-PAGE-HFM-A000134-3,WORK-JIAYI,DOC-HFM-A000134,HFM-A000134,3,针灸甲乙经/论文/针灸甲乙经/351-攒竹穴探析.pdf,f4be22162dcdfd3b43f3b92f5619895399b6538f8ec4521269448982ccc98190,content-production/corpus/extracted-text/HFM-A000134_raw.txt,TEXT
JIAYI-PAGE-HFM-A000135-1,WORK-JIAYI,DOC-HFM-A000135,HFM-A000135,1,针灸甲乙经/论文/针灸甲乙经/352-经筋刺法的理论渊源及发展.pdf,aac2b118e7ae37ef0758c927f3a7903f6d8601ff380d46b1deb5636aa4085805,content-production/batches/B02/extracted-text/HFM-A000135_raw.txt,TEXT
JIAYI-PAGE-HFM-A000135-2,WORK-JIAYI,DOC-HFM-A000135,HFM-A000135,2,针灸甲乙经/论文/针灸甲乙经/352-经筋刺法的理论渊源及发展.pdf,aac2b118e7ae37ef0758c927f3a7903f6d8601ff380d46b1deb5636aa4085805,content-production/batches/B02/extracted-text/HFM-A000135_raw.txt,TEXT
JIAYI-PAGE-HFM-A000135-3,WORK-JIAYI,DOC-HFM-A000135,HFM-A000135,3,针灸甲乙经/论文/针灸甲乙经/352-经筋刺法的理论渊源及发展.pdf,aac2b118e7ae37ef0758c927f3a7903f6d8601ff380d46b1deb5636aa4085805,content-production/batches/B02/extracted-text/HFM-A000135_raw.txt,TEXT
JIAYI-PAGE-HFM-A000136-1,WORK-JIAYI,DOC-HFM-A000136,HFM-A000136,1,针灸甲乙经/论文/针灸甲乙经/353-论皇甫谧的医学思想.pdf,d66dbdc2b543daea045bb72ba84e1c1149615cd9b28f13bf8c120d20de536b2c,content-production/corpus/extracted-text/HFM-A000136_raw.txt,TEXT
JIAYI-PAGE-HFM-A000136-2,WORK-JIAYI,DOC-HFM-A000136,HFM-A000136,2,针灸甲乙经/论文/针灸甲乙经/353-论皇甫谧的医学思想.pdf,d66dbdc2b543daea045bb72ba84e1c1149615cd9b28f13bf8c120d20de536b2c,content-production/corpus/extracted-text/HFM-A000136_raw.txt,TEXT
JIAYI-PAGE-HFM-A000137-1,WORK-JIAYI,DOC-HFM-A000137,HFM-A000137,1,针灸甲乙经/论文/针灸甲乙经/354-浅析皇甫谧对郄穴的贡献.pdf,c49ff1e152f69ac61fe8f84d07687d96ec467fcb476f19a35b3c40522b57e9d2,content-production/corpus/extracted-text/HFM-A000137_raw.txt,TEXT
JIAYI-PAGE-HFM-A000137-2,WORK-JIAYI,DOC-HFM-A000137,HFM-A000137,2,针灸甲乙经/论文/针灸甲乙经/354-浅析皇甫谧对郄穴的贡献.pdf,c49ff1e152f69ac61fe8f84d07687d96ec467fcb476f19a35b3c40522b57e9d2,content-production/corpus/extracted-text/HFM-A000137_raw.txt,TEXT
JIAYI-PAGE-HFM-A000138-1,WORK-JIAYI,DOC-HFM-A000138,HFM-A000138,1,针灸甲乙经/论文/针灸甲乙经/355-委中穴考证及临床应用.pdf,7c5ca2a9e1d9d1d62ceb92ba9122a48dc4c312134ba71c98e5f66e78b0a8478c,content-production/corpus/extracted-text/HFM-A000138_raw.txt,TEXT
JIAYI-PAGE-HFM-A000138-2,WORK-JIAYI,DOC-HFM-A000138,HFM-A000138,2,针灸甲乙经/论文/针灸甲乙经/355-委中穴考证及临床应用.pdf,7c5ca2a9e1d9d1d62ceb92ba9122a48dc4c312134ba71c98e5f66e78b0a8478c,content-production/corpus/extracted-text/HFM-A000138_raw.txt,TEXT
JIAYI-PAGE-HFM-A000138-3,WORK-JIAYI,DOC-HFM-A000138,HFM-A000138,3,针灸甲乙经/论文/针灸甲乙经/355-委中穴考证及临床应用.pdf,7c5ca2a9e1d9d1d62ceb92ba9122a48dc4c312134ba71c98e5f66e78b0a8478c,content-production/corpus/extracted-text/HFM-A000138_raw.txt,TEXT
JIAYI-PAGE-HFM-A000139-1,WORK-JIAYI,DOC-HFM-A000139,HFM-A000139,1,针灸甲乙经/论文/针灸甲乙经/356-中脘穴的临床应用.pdf,0088b03bdd6257591a8c8f20e2b66d163c84fbfb9c27a760e1c77a99ec441cd2,content-production/corpus/extracted-text/HFM-A000139_raw.txt,TEXT
JIAYI-PAGE-HFM-A000139-2,WORK-JIAYI,DOC-HFM-A000139,HFM-A000139,2,针灸甲乙经/论文/针灸甲乙经/356-中脘穴的临床应用.pdf,0088b03bdd6257591a8c8f20e2b66d163c84fbfb9c27a760e1c77a99ec441cd2,content-production/corpus/extracted-text/HFM-A000139_raw.txt,TEXT
JIAYI-PAGE-HFM-A000140-1,WORK-JIAYI,DOC-HFM-A000140,HFM-A000140,1,针灸甲乙经/论文/针灸甲乙经/359-孔最治疗厥头痛的理论探讨.pdf,611d3f65dd135b0f5ae3813b1166dcc837694ac479924680fcf61a23c1ea5f53,content-production/corpus/extracted-text/HFM-A000140_raw.txt,TEXT
JIAYI-PAGE-HFM-A000140-2,WORK-JIAYI,DOC-HFM-A000140,HFM-A000140,2,针灸甲乙经/论文/针灸甲乙经/359-孔最治疗厥头痛的理论探讨.pdf,611d3f65dd135b0f5ae3813b1166dcc837694ac479924680fcf61a23c1ea5f53,content-production/corpus/extracted-text/HFM-A000140_raw.txt,TEXT
JIAYI-PAGE-HFM-A000140-3,WORK-JIAYI,DOC-HFM-A000140,HFM-A000140,3,针灸甲乙经/论文/针灸甲乙经/359-孔最治疗厥头痛的理论探讨.pdf,611d3f65dd135b0f5ae3813b1166dcc837694ac479924680fcf61a23c1ea5f53,content-production/corpus/extracted-text/HFM-A000140_raw.txt,TEXT
JIAYI-PAGE-HFM-A000140-4,WORK-JIAYI,DOC-HFM-A000140,HFM-A000140,4,针灸甲乙经/论文/针灸甲乙经/359-孔最治疗厥头痛的理论探讨.pdf,611d3f65dd135b0f5ae3813b1166dcc837694ac479924680fcf61a23c1ea5f53,content-production/corpus/extracted-text/HFM-A000140_raw.txt,TEXT
JIAYI-PAGE-HFM-A000141-1,WORK-JIAYI,DOC-HFM-A000141,HFM-A000141,1,针灸甲乙经/论文/针灸甲乙经/36-《针灸甲乙经》中治疗鼻部病症的穴位分析.pdf,89b0b29b26fbc400dc859b2c5bc08e1f8dc084f708bc431fa743b2a455d5554b,content-production/corpus/extracted-text/HFM-A000141_raw.txt,TEXT
JIAYI-PAGE-HFM-A000141-2,WORK-JIAYI,DOC-HFM-A000141,HFM-A000141,2,针灸甲乙经/论文/针灸甲乙经/36-《针灸甲乙经》中治疗鼻部病症的穴位分析.pdf,89b0b29b26fbc400dc859b2c5bc08e1f8dc084f708bc431fa743b2a455d5554b,content-production/corpus/extracted-text/HFM-A000141_raw.txt,TEXT
JIAYI-PAGE-HFM-A000141-3,WORK-JIAYI,DOC-HFM-A000141,HFM-A000141,3,针灸甲乙经/论文/针灸甲乙经/36-《针灸甲乙经》中治疗鼻部病症的穴位分析.pdf,89b0b29b26fbc400dc859b2c5bc08e1f8dc084f708bc431fa743b2a455d5554b,content-production/corpus/extracted-text/HFM-A000141_raw.txt,TEXT
JIAYI-PAGE-HFM-A000141-4,WORK-JIAYI,DOC-HFM-A000141,HFM-A000141,4,针灸甲乙经/论文/针灸甲乙经/36-《针灸甲乙经》中治疗鼻部病症的穴位分析.pdf,89b0b29b26fbc400dc859b2c5bc08e1f8dc084f708bc431fa743b2a455d5554b,content-production/corpus/extracted-text/HFM-A000141_raw.txt,TEXT
JIAYI-PAGE-HFM-A000141-5,WORK-JIAYI,DOC-HFM-A000141,HFM-A000141,5,针灸甲乙经/论文/针灸甲乙经/36-《针灸甲乙经》中治疗鼻部病症的穴位分析.pdf,89b0b29b26fbc400dc859b2c5bc08e1f8dc084f708bc431fa743b2a455d5554b,content-production/corpus/extracted-text/HFM-A000141_raw.txt,TEXT
JIAYI-PAGE-HFM-A000142-1,WORK-JIAYI,DOC-HFM-A000142,HFM-A000142,1,针灸甲乙经/论文/针灸甲乙经/360-基于数据挖掘技术分析古代文献中水沟穴的临床应用规律.pdf,1ef2e86d862a35766f8321b5b72092008fa3400b7268bce1a85f5787ec64381f,content-production/corpus/extracted-text/HFM-A000142_raw.txt,TEXT
JIAYI-PAGE-HFM-A000142-2,WORK-JIAYI,DOC-HFM-A000142,HFM-A000142,2,针灸甲乙经/论文/针灸甲乙经/360-基于数据挖掘技术分析古代文献中水沟穴的临床应用规律.pdf,1ef2e86d862a35766f8321b5b72092008fa3400b7268bce1a85f5787ec64381f,content-production/corpus/extracted-text/HFM-A000142_raw.txt,TEXT
JIAYI-PAGE-HFM-A000142-3,WORK-JIAYI,DOC-HFM-A000142,HFM-A000142,3,针灸甲乙经/论文/针灸甲乙经/360-基于数据挖掘技术分析古代文献中水沟穴的临床应用规律.pdf,1ef2e86d862a35766f8321b5b72092008fa3400b7268bce1a85f5787ec64381f,content-production/corpus/extracted-text/HFM-A000142_raw.txt,TEXT
JIAYI-PAGE-HFM-A000142-4,WORK-JIAYI,DOC-HFM-A000142,HFM-A000142,4,针灸甲乙经/论文/针灸甲乙经/360-基于数据挖掘技术分析古代文献中水沟穴的临床应用规律.pdf,1ef2e86d862a35766f8321b5b72092008fa3400b7268bce1a85f5787ec64381f,content-production/corpus/extracted-text/HFM-A000142_raw.txt,TEXT
JIAYI-PAGE-HFM-A000142-5,WORK-JIAYI,DOC-HFM-A000142,HFM-A000142,5,针灸甲乙经/论文/针灸甲乙经/360-基于数据挖掘技术分析古代文献中水沟穴的临床应用规律.pdf,1ef2e86d862a35766f8321b5b72092008fa3400b7268bce1a85f5787ec64381f,content-production/corpus/extracted-text/HFM-A000142_raw.txt,TEXT
JIAYI-PAGE-HFM-A000142-6,WORK-JIAYI,DOC-HFM-A000142,HFM-A000142,6,针灸甲乙经/论文/针灸甲乙经/360-基于数据挖掘技术分析古代文献中水沟穴的临床应用规律.pdf,1ef2e86d862a35766f8321b5b72092008fa3400b7268bce1a85f5787ec64381f,content-production/corpus/extracted-text/HFM-A000142_raw.txt,TEXT
JIAYI-PAGE-HFM-A000142-7,WORK-JIAYI,DOC-HFM-A000142,HFM-A000142,7,针灸甲乙经/论文/针灸甲乙经/360-基于数据挖掘技术分析古代文献中水沟穴的临床应用规律.pdf,1ef2e86d862a35766f8321b5b72092008fa3400b7268bce1a85f5787ec64381f,content-production/corpus/extracted-text/HFM-A000142_raw.txt,TEXT
JIAYI-PAGE-HFM-A000142-8,WORK-JIAYI,DOC-HFM-A000142,HFM-A000142,8,针灸甲乙经/论文/针灸甲乙经/360-基于数据挖掘技术分析古代文献中水沟穴的临床应用规律.pdf,1ef2e86d862a35766f8321b5b72092008fa3400b7268bce1a85f5787ec64381f,content-production/corpus/extracted-text/HFM-A000142_raw.txt,TEXT
JIAYI-PAGE-HFM-A000143-1,WORK-JIAYI,DOC-HFM-A000143,HFM-A000143,1,针灸甲乙经/论文/针灸甲乙经/363-皇甫谧对张仲景经方运用浅析.pdf,2cacded816b81c01b77718058362154951232b84f7bc656b163b19824fc1a8be,content-production/corpus/extracted-text/HFM-A000143_raw.txt,TEXT
JIAYI-PAGE-HFM-A000143-2,WORK-JIAYI,DOC-HFM-A000143,HFM-A000143,2,针灸甲乙经/论文/针灸甲乙经/363-皇甫谧对张仲景经方运用浅析.pdf,2cacded816b81c01b77718058362154951232b84f7bc656b163b19824fc1a8be,content-production/corpus/extracted-text/HFM-A000143_raw.txt,TEXT
JIAYI-PAGE-HFM-A000143-3,WORK-JIAYI,DOC-HFM-A000143,HFM-A000143,3,针灸甲乙经/论文/针灸甲乙经/363-皇甫谧对张仲景经方运用浅析.pdf,2cacded816b81c01b77718058362154951232b84f7bc656b163b19824fc1a8be,content-production/corpus/extracted-text/HFM-A000143_raw.txt,TEXT
JIAYI-PAGE-HFM-A000143-4,WORK-JIAYI,DOC-HFM-A000143,HFM-A000143,4,针灸甲乙经/论文/针灸甲乙经/363-皇甫谧对张仲景经方运用浅析.pdf,2cacded816b81c01b77718058362154951232b84f7bc656b163b19824fc1a8be,content-production/corpus/extracted-text/HFM-A000143_raw.txt,TEXT
JIAYI-PAGE-HFM-A000143-5,WORK-JIAYI,DOC-HFM-A000143,HFM-A000143,5,针灸甲乙经/论文/针灸甲乙经/363-皇甫谧对张仲景经方运用浅析.pdf,2cacded816b81c01b77718058362154951232b84f7bc656b163b19824fc1a8be,content-production/corpus/extracted-text/HFM-A000143_raw.txt,TEXT
JIAYI-PAGE-HFM-A000144-1,WORK-JIAYI,DOC-HFM-A000144,HFM-A000144,1,针灸甲乙经/论文/针灸甲乙经/364-阳经郄穴治疗痛症的古今研究.pdf,7fb63b506ab27b58ef0fc553748762b679415faa9b8c1048a98519ee846f46ab,content-production/corpus/extracted-text/HFM-A000144_raw.txt,TEXT
JIAYI-PAGE-HFM-A000144-2,WORK-JIAYI,DOC-HFM-A000144,HFM-A000144,2,针灸甲乙经/论文/针灸甲乙经/364-阳经郄穴治疗痛症的古今研究.pdf,7fb63b506ab27b58ef0fc553748762b679415faa9b8c1048a98519ee846f46ab,content-production/corpus/extracted-text/HFM-A000144_raw.txt,TEXT
JIAYI-PAGE-HFM-A000144-3,WORK-JIAYI,DOC-HFM-A000144,HFM-A000144,3,针灸甲乙经/论文/针灸甲乙经/364-阳经郄穴治疗痛症的古今研究.pdf,7fb63b506ab27b58ef0fc553748762b679415faa9b8c1048a98519ee846f46ab,content-production/corpus/extracted-text/HFM-A000144_raw.txt,TEXT
JIAYI-PAGE-HFM-A000144-4,WORK-JIAYI,DOC-HFM-A000144,HFM-A000144,4,针灸甲乙经/论文/针灸甲乙经/364-阳经郄穴治疗痛症的古今研究.pdf,7fb63b506ab27b58ef0fc553748762b679415faa9b8c1048a98519ee846f46ab,content-production/corpus/extracted-text/HFM-A000144_raw.txt,TEXT
JIAYI-PAGE-HFM-A000144-5,WORK-JIAYI,DOC-HFM-A000144,HFM-A000144,5,针灸甲乙经/论文/针灸甲乙经/364-阳经郄穴治疗痛症的古今研究.pdf,7fb63b506ab27b58ef0fc553748762b679415faa9b8c1048a98519ee846f46ab,content-production/corpus/extracted-text/HFM-A000144_raw.txt,TEXT
JIAYI-PAGE-HFM-A000144-6,WORK-JIAYI,DOC-HFM-A000144,HFM-A000144,6,针灸甲乙经/论文/针灸甲乙经/364-阳经郄穴治疗痛症的古今研究.pdf,7fb63b506ab27b58ef0fc553748762b679415faa9b8c1048a98519ee846f46ab,content-production/corpus/extracted-text/HFM-A000144_raw.txt,TEXT
JIAYI-PAGE-HFM-A000145-1,WORK-JIAYI,DOC-HFM-A000145,HFM-A000145,1,针灸甲乙经/论文/针灸甲乙经/365-阳经五官病候及治疗用穴分析——兼论经脉病候与腧穴主治关系.pdf,1ba72cd9fc0e08bf9f9c7ecbe097f3f7d207c70a1cb68676b1cba1b70cac5a5b,content-production/corpus/extracted-text/HFM-A000145_raw.txt,TEXT
JIAYI-PAGE-HFM-A000145-2,WORK-JIAYI,DOC-HFM-A000145,HFM-A000145,2,针灸甲乙经/论文/针灸甲乙经/365-阳经五官病候及治疗用穴分析——兼论经脉病候与腧穴主治关系.pdf,1ba72cd9fc0e08bf9f9c7ecbe097f3f7d207c70a1cb68676b1cba1b70cac5a5b,content-production/corpus/extracted-text/HFM-A000145_raw.txt,TEXT
JIAYI-PAGE-HFM-A000145-3,WORK-JIAYI,DOC-HFM-A000145,HFM-A000145,3,针灸甲乙经/论文/针灸甲乙经/365-阳经五官病候及治疗用穴分析——兼论经脉病候与腧穴主治关系.pdf,1ba72cd9fc0e08bf9f9c7ecbe097f3f7d207c70a1cb68676b1cba1b70cac5a5b,content-production/corpus/extracted-text/HFM-A000145_raw.txt,TEXT
JIAYI-PAGE-HFM-A000145-4,WORK-JIAYI,DOC-HFM-A000145,HFM-A000145,4,针灸甲乙经/论文/针灸甲乙经/365-阳经五官病候及治疗用穴分析——兼论经脉病候与腧穴主治关系.pdf,1ba72cd9fc0e08bf9f9c7ecbe097f3f7d207c70a1cb68676b1cba1b70cac5a5b,content-production/corpus/extracted-text/HFM-A000145_raw.txt,TEXT
JIAYI-PAGE-HFM-A000145-5,WORK-JIAYI,DOC-HFM-A000145,HFM-A000145,5,针灸甲乙经/论文/针灸甲乙经/365-阳经五官病候及治疗用穴分析——兼论经脉病候与腧穴主治关系.pdf,1ba72cd9fc0e08bf9f9c7ecbe097f3f7d207c70a1cb68676b1cba1b70cac5a5b,content-production/corpus/extracted-text/HFM-A000145_raw.txt,TEXT
JIAYI-PAGE-HFM-A000145-6,WORK-JIAYI,DOC-HFM-A000145,HFM-A000145,6,针灸甲乙经/论文/针灸甲乙经/365-阳经五官病候及治疗用穴分析——兼论经脉病候与腧穴主治关系.pdf,1ba72cd9fc0e08bf9f9c7ecbe097f3f7d207c70a1cb68676b1cba1b70cac5a5b,content-production/corpus/extracted-text/HFM-A000145_raw.txt,TEXT
JIAYI-PAGE-HFM-A000145-7,WORK-JIAYI,DOC-HFM-A000145,HFM-A000145,7,针灸甲乙经/论文/针灸甲乙经/365-阳经五官病候及治疗用穴分析——兼论经脉病候与腧穴主治关系.pdf,1ba72cd9fc0e08bf9f9c7ecbe097f3f7d207c70a1cb68676b1cba1b70cac5a5b,content-production/corpus/extracted-text/HFM-A000145_raw.txt,TEXT
JIAYI-PAGE-HFM-A000145-8,WORK-JIAYI,DOC-HFM-A000145,HFM-A000145,8,针灸甲乙经/论文/针灸甲乙经/365-阳经五官病候及治疗用穴分析——兼论经脉病候与腧穴主治关系.pdf,1ba72cd9fc0e08bf9f9c7ecbe097f3f7d207c70a1cb68676b1cba1b70cac5a5b,content-production/corpus/extracted-text/HFM-A000145_raw.txt,TEXT
JIAYI-PAGE-HFM-A000146-1,WORK-JIAYI,DOC-HFM-A000146,HFM-A000146,1,针灸甲乙经/论文/针灸甲乙经/366-从《咳论经旨》谈中医临床专病文献的编撰.pdf,44913dbd4dda3992859db2b19fb917e39eb8137d86a3695104602547158c7b8c,content-production/corpus/extracted-text/HFM-A000146_raw.txt,TEXT
JIAYI-PAGE-HFM-A000146-2,WORK-JIAYI,DOC-HFM-A000146,HFM-A000146,2,针灸甲乙经/论文/针灸甲乙经/366-从《咳论经旨》谈中医临床专病文献的编撰.pdf,44913dbd4dda3992859db2b19fb917e39eb8137d86a3695104602547158c7b8c,content-production/corpus/extracted-text/HFM-A000146_raw.txt,TEXT
JIAYI-PAGE-HFM-A000146-3,WORK-JIAYI,DOC-HFM-A000146,HFM-A000146,3,针灸甲乙经/论文/针灸甲乙经/366-从《咳论经旨》谈中医临床专病文献的编撰.pdf,44913dbd4dda3992859db2b19fb917e39eb8137d86a3695104602547158c7b8c,content-production/corpus/extracted-text/HFM-A000146_raw.txt,TEXT
JIAYI-PAGE-HFM-A000146-4,WORK-JIAYI,DOC-HFM-A000146,HFM-A000146,4,针灸甲乙经/论文/针灸甲乙经/366-从《咳论经旨》谈中医临床专病文献的编撰.pdf,44913dbd4dda3992859db2b19fb917e39eb8137d86a3695104602547158c7b8c,content-production/corpus/extracted-text/HFM-A000146_raw.txt,TEXT
JIAYI-PAGE-HFM-A000146-5,WORK-JIAYI,DOC-HFM-A000146,HFM-A000146,5,针灸甲乙经/论文/针灸甲乙经/366-从《咳论经旨》谈中医临床专病文献的编撰.pdf,44913dbd4dda3992859db2b19fb917e39eb8137d86a3695104602547158c7b8c,content-production/corpus/extracted-text/HFM-A000146_raw.txt,TEXT
JIAYI-PAGE-HFM-A000147-1,WORK-JIAYI,DOC-HFM-A000147,HFM-A000147,1,针灸甲乙经/论文/针灸甲乙经/368-皇甫谧手工艾条制备工艺优化与质量标准化研究.pdf,666ea847d07a7e16c6a94a2b90cfc899ecadfb6aefde48087862a7fad8428049,content-production/corpus/extracted-text/HFM-A000147_raw.txt,TEXT
JIAYI-PAGE-HFM-A000147-2,WORK-JIAYI,DOC-HFM-A000147,HFM-A000147,2,针灸甲乙经/论文/针灸甲乙经/368-皇甫谧手工艾条制备工艺优化与质量标准化研究.pdf,666ea847d07a7e16c6a94a2b90cfc899ecadfb6aefde48087862a7fad8428049,content-production/corpus/extracted-text/HFM-A000147_raw.txt,TEXT
JIAYI-PAGE-HFM-A000147-3,WORK-JIAYI,DOC-HFM-A000147,HFM-A000147,3,针灸甲乙经/论文/针灸甲乙经/368-皇甫谧手工艾条制备工艺优化与质量标准化研究.pdf,666ea847d07a7e16c6a94a2b90cfc899ecadfb6aefde48087862a7fad8428049,content-production/corpus/extracted-text/HFM-A000147_raw.txt,TEXT
JIAYI-PAGE-HFM-A000147-4,WORK-JIAYI,DOC-HFM-A000147,HFM-A000147,4,针灸甲乙经/论文/针灸甲乙经/368-皇甫谧手工艾条制备工艺优化与质量标准化研究.pdf,666ea847d07a7e16c6a94a2b90cfc899ecadfb6aefde48087862a7fad8428049,content-production/corpus/extracted-text/HFM-A000147_raw.txt,TEXT
JIAYI-PAGE-HFM-A000148-1,WORK-JIAYI,DOC-HFM-A000148,HFM-A000148,1,针灸甲乙经/论文/针灸甲乙经/369-探析八脉交会穴源流发展和临床应用.pdf,57144699b5b9ae662b307c19af212a71f8e49487b4e1ccde297f5abe3b63a77b,content-production/corpus/extracted-text/HFM-A000148_raw.txt,TEXT
JIAYI-PAGE-HFM-A000148-2,WORK-JIAYI,DOC-HFM-A000148,HFM-A000148,2,针灸甲乙经/论文/针灸甲乙经/369-探析八脉交会穴源流发展和临床应用.pdf,57144699b5b9ae662b307c19af212a71f8e49487b4e1ccde297f5abe3b63a77b,content-production/corpus/extracted-text/HFM-A000148_raw.txt,TEXT
JIAYI-PAGE-HFM-A000148-3,WORK-JIAYI,DOC-HFM-A000148,HFM-A000148,3,针灸甲乙经/论文/针灸甲乙经/369-探析八脉交会穴源流发展和临床应用.pdf,57144699b5b9ae662b307c19af212a71f8e49487b4e1ccde297f5abe3b63a77b,content-production/corpus/extracted-text/HFM-A000148_raw.txt,TEXT
JIAYI-PAGE-HFM-A000148-4,WORK-JIAYI,DOC-HFM-A000148,HFM-A000148,4,针灸甲乙经/论文/针灸甲乙经/369-探析八脉交会穴源流发展和临床应用.pdf,57144699b5b9ae662b307c19af212a71f8e49487b4e1ccde297f5abe3b63a77b,content-production/corpus/extracted-text/HFM-A000148_raw.txt,TEXT
JIAYI-PAGE-HFM-A000149-1,WORK-JIAYI,DOC-HFM-A000149,HFM-A000149,1,针灸甲乙经/论文/针灸甲乙经/37-《针灸甲乙经》治疗胃肠病取穴特色探析.pdf,b88240195abe76c162917ea2be40acecf5e2da0a2bd7a53927a33f1395d23831,content-production/corpus/extracted-text/HFM-A000149_raw.txt,TEXT
JIAYI-PAGE-HFM-A000149-2,WORK-JIAYI,DOC-HFM-A000149,HFM-A000149,2,针灸甲乙经/论文/针灸甲乙经/37-《针灸甲乙经》治疗胃肠病取穴特色探析.pdf,b88240195abe76c162917ea2be40acecf5e2da0a2bd7a53927a33f1395d23831,content-production/corpus/extracted-text/HFM-A000149_raw.txt,TEXT
JIAYI-PAGE-HFM-A000150-1,WORK-JIAYI,DOC-HFM-A000150,HFM-A000150,1,针灸甲乙经/论文/针灸甲乙经/371-古代不同时期头痛的用穴特点及思路浅析.pdf,48939e5c12e7d049e26fd7c3582043721ab90b4942543480358930b164e09624,content-production/corpus/extracted-text/HFM-A000150_raw.txt,TEXT
JIAYI-PAGE-HFM-A000150-2,WORK-JIAYI,DOC-HFM-A000150,HFM-A000150,2,针灸甲乙经/论文/针灸甲乙经/371-古代不同时期头痛的用穴特点及思路浅析.pdf,48939e5c12e7d049e26fd7c3582043721ab90b4942543480358930b164e09624,content-production/corpus/extracted-text/HFM-A000150_raw.txt,TEXT
JIAYI-PAGE-HFM-A000151-1,WORK-JIAYI,DOC-HFM-A000151,HFM-A000151,1,针灸甲乙经/论文/针灸甲乙经/372-张吉教授学术经验述要.pdf,02301504732002633d8f31afb84a0ef65b362024c6712f08243c515f82e5c9fe,content-production/corpus/extracted-text/HFM-A000151_raw.txt,TEXT
JIAYI-PAGE-HFM-A000151-2,WORK-JIAYI,DOC-HFM-A000151,HFM-A000151,2,针灸甲乙经/论文/针灸甲乙经/372-张吉教授学术经验述要.pdf,02301504732002633d8f31afb84a0ef65b362024c6712f08243c515f82e5c9fe,content-production/corpus/extracted-text/HFM-A000151_raw.txt,TEXT
JIAYI-PAGE-HFM-A000152-1,WORK-JIAYI,DOC-HFM-A000152,HFM-A000152,1,针灸甲乙经/论文/针灸甲乙经/373-赖新生教授膻中穴配穴经验介绍.pdf,192d77a8d7adcb5e2df666a0bf7cb60247c0a7c986a9a88c21d675aed7660513,content-production/corpus/extracted-text/HFM-A000152_raw.txt,TEXT
JIAYI-PAGE-HFM-A000152-2,WORK-JIAYI,DOC-HFM-A000152,HFM-A000152,2,针灸甲乙经/论文/针灸甲乙经/373-赖新生教授膻中穴配穴经验介绍.pdf,192d77a8d7adcb5e2df666a0bf7cb60247c0a7c986a9a88c21d675aed7660513,content-production/corpus/extracted-text/HFM-A000152_raw.txt,TEXT
JIAYI-PAGE-HFM-A000152-3,WORK-JIAYI,DOC-HFM-A000152,HFM-A000152,3,针灸甲乙经/论文/针灸甲乙经/373-赖新生教授膻中穴配穴经验介绍.pdf,192d77a8d7adcb5e2df666a0bf7cb60247c0a7c986a9a88c21d675aed7660513,content-production/corpus/extracted-text/HFM-A000152_raw.txt,TEXT
JIAYI-PAGE-HFM-A000153-1,WORK-JIAYI,DOC-HFM-A000153,HFM-A000153,1,针灸甲乙经/论文/针灸甲乙经/374-妇女盆底功能障碍类疾病中医古籍文献考.pdf,86b21ae4442a74ae1f3da6ce8d226d9fc13b04f76117bc85a175056b7a3cbc37,content-production/corpus/extracted-text/HFM-A000153_raw.txt,TEXT
JIAYI-PAGE-HFM-A000153-2,WORK-JIAYI,DOC-HFM-A000153,HFM-A000153,2,针灸甲乙经/论文/针灸甲乙经/374-妇女盆底功能障碍类疾病中医古籍文献考.pdf,86b21ae4442a74ae1f3da6ce8d226d9fc13b04f76117bc85a175056b7a3cbc37,content-production/corpus/extracted-text/HFM-A000153_raw.txt,TEXT
JIAYI-PAGE-HFM-A000153-3,WORK-JIAYI,DOC-HFM-A000153,HFM-A000153,3,针灸甲乙经/论文/针灸甲乙经/374-妇女盆底功能障碍类疾病中医古籍文献考.pdf,86b21ae4442a74ae1f3da6ce8d226d9fc13b04f76117bc85a175056b7a3cbc37,content-production/corpus/extracted-text/HFM-A000153_raw.txt,TEXT
JIAYI-PAGE-HFM-A000154-1,WORK-JIAYI,DOC-HFM-A000154,HFM-A000154,1,针灸甲乙经/论文/针灸甲乙经/375-《灵枢·刺节真邪》中五邪刺校注.pdf,faf7f29e3519c7a8fb134c5cd794bda4c4f406ae182912bbd0b66631adfe8762,content-production/corpus/extracted-text/HFM-A000154_raw.txt,TEXT
JIAYI-PAGE-HFM-A000154-2,WORK-JIAYI,DOC-HFM-A000154,HFM-A000154,2,针灸甲乙经/论文/针灸甲乙经/375-《灵枢·刺节真邪》中五邪刺校注.pdf,faf7f29e3519c7a8fb134c5cd794bda4c4f406ae182912bbd0b66631adfe8762,content-production/corpus/extracted-text/HFM-A000154_raw.txt,TEXT
JIAYI-PAGE-HFM-A000155-1,WORK-JIAYI,DOC-HFM-A000155,HFM-A000155,1,针灸甲乙经/论文/针灸甲乙经/376-针刺治疗卒中后抑郁的腧穴配伍规律文献研究.pdf,6dd698033daa99c1acfe46e84f23d446f3345fe2e73ed52d076919f535ecba8c,content-production/corpus/extracted-text/HFM-A000155_raw.txt,TEXT
JIAYI-PAGE-HFM-A000155-2,WORK-JIAYI,DOC-HFM-A000155,HFM-A000155,2,针灸甲乙经/论文/针灸甲乙经/376-针刺治疗卒中后抑郁的腧穴配伍规律文献研究.pdf,6dd698033daa99c1acfe46e84f23d446f3345fe2e73ed52d076919f535ecba8c,content-production/corpus/extracted-text/HFM-A000155_raw.txt,TEXT
JIAYI-PAGE-HFM-A000155-3,WORK-JIAYI,DOC-HFM-A000155,HFM-A000155,3,针灸甲乙经/论文/针灸甲乙经/376-针刺治疗卒中后抑郁的腧穴配伍规律文献研究.pdf,6dd698033daa99c1acfe46e84f23d446f3345fe2e73ed52d076919f535ecba8c,content-production/corpus/extracted-text/HFM-A000155_raw.txt,TEXT
JIAYI-PAGE-HFM-A000155-4,WORK-JIAYI,DOC-HFM-A000155,HFM-A000155,4,针灸甲乙经/论文/针灸甲乙经/376-针刺治疗卒中后抑郁的腧穴配伍规律文献研究.pdf,6dd698033daa99c1acfe46e84f23d446f3345fe2e73ed52d076919f535ecba8c,content-production/corpus/extracted-text/HFM-A000155_raw.txt,TEXT
JIAYI-PAGE-HFM-A000155-5,WORK-JIAYI,DOC-HFM-A000155,HFM-A000155,5,针灸甲乙经/论文/针灸甲乙经/376-针刺治疗卒中后抑郁的腧穴配伍规律文献研究.pdf,6dd698033daa99c1acfe46e84f23d446f3345fe2e73ed52d076919f535ecba8c,content-production/corpus/extracted-text/HFM-A000155_raw.txt,TEXT
JIAYI-PAGE-HFM-A000155-6,WORK-JIAYI,DOC-HFM-A000155,HFM-A000155,6,针灸甲乙经/论文/针灸甲乙经/376-针刺治疗卒中后抑郁的腧穴配伍规律文献研究.pdf,6dd698033daa99c1acfe46e84f23d446f3345fe2e73ed52d076919f535ecba8c,content-production/corpus/extracted-text/HFM-A000155_raw.txt,TEXT
JIAYI-PAGE-HFM-A000156-1,WORK-JIAYI,DOC-HFM-A000156,HFM-A000156,1,针灸甲乙经/论文/针灸甲乙经/377-《黄帝内经》及别传本古今字例释.pdf,11356888f2c48230706a23385f05afd0fb948b153d8e7ccbe723edea00a9d3f1,content-production/corpus/extracted-text/HFM-A000156_raw.txt,TEXT
JIAYI-PAGE-HFM-A000156-2,WORK-JIAYI,DOC-HFM-A000156,HFM-A000156,2,针灸甲乙经/论文/针灸甲乙经/377-《黄帝内经》及别传本古今字例释.pdf,11356888f2c48230706a23385f05afd0fb948b153d8e7ccbe723edea00a9d3f1,content-production/corpus/extracted-text/HFM-A000156_raw.txt,TEXT
JIAYI-PAGE-HFM-A000156-3,WORK-JIAYI,DOC-HFM-A000156,HFM-A000156,3,针灸甲乙经/论文/针灸甲乙经/377-《黄帝内经》及别传本古今字例释.pdf,11356888f2c48230706a23385f05afd0fb948b153d8e7ccbe723edea00a9d3f1,content-production/corpus/extracted-text/HFM-A000156_raw.txt,TEXT
JIAYI-PAGE-HFM-A000157-1,WORK-JIAYI,DOC-HFM-A000157,HFM-A000157,1,针灸甲乙经/论文/针灸甲乙经/378-简析古代医籍中禁针慎针腧穴的形态学依据.pdf,4d0e3ef51dbf46cd95caad30b38267303015ebe1fa88014c63927e567b980275,content-production/corpus/extracted-text/HFM-A000157_raw.txt,TEXT
JIAYI-PAGE-HFM-A000157-2,WORK-JIAYI,DOC-HFM-A000157,HFM-A000157,2,针灸甲乙经/论文/针灸甲乙经/378-简析古代医籍中禁针慎针腧穴的形态学依据.pdf,4d0e3ef51dbf46cd95caad30b38267303015ebe1fa88014c63927e567b980275,content-production/corpus/extracted-text/HFM-A000157_raw.txt,TEXT
JIAYI-PAGE-HFM-A000158-1,WORK-JIAYI,DOC-HFM-A000158,HFM-A000158,1,针灸甲乙经/论文/针灸甲乙经/379-基于图论的十二原穴拓扑参数变化差异分析.pdf,a36f67d23d3e7b48331242680a4b0f0b70f7d604e62da335fdabaa9980f66cde,content-production/corpus/extracted-text/HFM-A000158_raw.txt,TEXT
JIAYI-PAGE-HFM-A000158-2,WORK-JIAYI,DOC-HFM-A000158,HFM-A000158,2,针灸甲乙经/论文/针灸甲乙经/379-基于图论的十二原穴拓扑参数变化差异分析.pdf,a36f67d23d3e7b48331242680a4b0f0b70f7d604e62da335fdabaa9980f66cde,content-production/corpus/extracted-text/HFM-A000158_raw.txt,TEXT
JIAYI-PAGE-HFM-A000158-3,WORK-JIAYI,DOC-HFM-A000158,HFM-A000158,3,针灸甲乙经/论文/针灸甲乙经/379-基于图论的十二原穴拓扑参数变化差异分析.pdf,a36f67d23d3e7b48331242680a4b0f0b70f7d604e62da335fdabaa9980f66cde,content-production/corpus/extracted-text/HFM-A000158_raw.txt,TEXT
JIAYI-PAGE-HFM-A000159-1,WORK-JIAYI,DOC-HFM-A000159,HFM-A000159,1,针灸甲乙经/论文/针灸甲乙经/38-《针灸甲乙经》中处方用穴特点.pdf,5fc88c9784a7fc3956bd689363b2bd2b9fd921efac5375b4494c5d5113bfa13e,content-production/corpus/extracted-text/HFM-A000159_raw.txt,TEXT
JIAYI-PAGE-HFM-A000159-2,WORK-JIAYI,DOC-HFM-A000159,HFM-A000159,2,针灸甲乙经/论文/针灸甲乙经/38-《针灸甲乙经》中处方用穴特点.pdf,5fc88c9784a7fc3956bd689363b2bd2b9fd921efac5375b4494c5d5113bfa13e,content-production/corpus/extracted-text/HFM-A000159_raw.txt,TEXT
JIAYI-PAGE-HFM-A000159-3,WORK-JIAYI,DOC-HFM-A000159,HFM-A000159,3,针灸甲乙经/论文/针灸甲乙经/38-《针灸甲乙经》中处方用穴特点.pdf,5fc88c9784a7fc3956bd689363b2bd2b9fd921efac5375b4494c5d5113bfa13e,content-production/corpus/extracted-text/HFM-A000159_raw.txt,TEXT
JIAYI-PAGE-HFM-A000159-4,WORK-JIAYI,DOC-HFM-A000159,HFM-A000159,4,针灸甲乙经/论文/针灸甲乙经/38-《针灸甲乙经》中处方用穴特点.pdf,5fc88c9784a7fc3956bd689363b2bd2b9fd921efac5375b4494c5d5113bfa13e,content-production/corpus/extracted-text/HFM-A000159_raw.txt,TEXT
JIAYI-PAGE-HFM-A000160-1,WORK-JIAYI,DOC-HFM-A000160,HFM-A000160,1,针灸甲乙经/论文/针灸甲乙经/380-关于概括腧穴主治方法的几点思考.pdf,59ec336887245409c46a3f736658decf5f9d34608ea2507556ca8428eca66fe5,content-production/batches/B02/extracted-text/HFM-A000160_raw.txt,TEXT
JIAYI-PAGE-HFM-A000160-2,WORK-JIAYI,DOC-HFM-A000160,HFM-A000160,2,针灸甲乙经/论文/针灸甲乙经/380-关于概括腧穴主治方法的几点思考.pdf,59ec336887245409c46a3f736658decf5f9d34608ea2507556ca8428eca66fe5,content-production/batches/B02/extracted-text/HFM-A000160_raw.txt,TEXT
JIAYI-PAGE-HFM-A000161-1,WORK-JIAYI,DOC-HFM-A000161,HFM-A000161,1,针灸甲乙经/论文/针灸甲乙经/381-明堂孔穴_的沿革.pdf,4d70caae560699c7ecc7062e06f45cd2e8fa11d3ef6393282db2c359bf1a2027,content-production/corpus/extracted-text/HFM-A000161_raw.txt,TEXT
JIAYI-PAGE-HFM-A000161-2,WORK-JIAYI,DOC-HFM-A000161,HFM-A000161,2,针灸甲乙经/论文/针灸甲乙经/381-明堂孔穴_的沿革.pdf,4d70caae560699c7ecc7062e06f45cd2e8fa11d3ef6393282db2c359bf1a2027,content-production/corpus/extracted-text/HFM-A000161_raw.txt,TEXT
JIAYI-PAGE-HFM-A000162-1,WORK-JIAYI,DOC-HFM-A000162,HFM-A000162,1,针灸甲乙经/论文/针灸甲乙经/382-留针的意义与依据探析.pdf,92553b4f60bad9cfee279d22cd50a98c4b47c0e716734daa149375b405c91c80,content-production/corpus/extracted-text/HFM-A000162_raw.txt,TEXT
JIAYI-PAGE-HFM-A000162-2,WORK-JIAYI,DOC-HFM-A000162,HFM-A000162,2,针灸甲乙经/论文/针灸甲乙经/382-留针的意义与依据探析.pdf,92553b4f60bad9cfee279d22cd50a98c4b47c0e716734daa149375b405c91c80,content-production/corpus/extracted-text/HFM-A000162_raw.txt,TEXT
JIAYI-PAGE-HFM-A000163-1,WORK-JIAYI,DOC-HFM-A000163,HFM-A000163,1,针灸甲乙经/论文/针灸甲乙经/383-太溪穴的临床应用浅谈.pdf,ac41721341a1e43442b20281e41dbdf29697dbe84895eb94fe422ca0d9a8c9d6,content-production/corpus/extracted-text/HFM-A000163_raw.txt,TEXT
JIAYI-PAGE-HFM-A000163-2,WORK-JIAYI,DOC-HFM-A000163,HFM-A000163,2,针灸甲乙经/论文/针灸甲乙经/383-太溪穴的临床应用浅谈.pdf,ac41721341a1e43442b20281e41dbdf29697dbe84895eb94fe422ca0d9a8c9d6,content-production/corpus/extracted-text/HFM-A000163_raw.txt,TEXT
JIAYI-PAGE-HFM-A000164-1,WORK-JIAYI,DOC-HFM-A000164,HFM-A000164,1,针灸甲乙经/论文/针灸甲乙经/384-《史记·扁鹊仓公列传》_外三阳五会_新考.pdf,9c32d99d74d9a1f7aa4e858c5af32aab0713f264995c58f21a4346504ffadac6,content-production/corpus/extracted-text/HFM-A000164_raw.txt,TEXT
JIAYI-PAGE-HFM-A000164-2,WORK-JIAYI,DOC-HFM-A000164,HFM-A000164,2,针灸甲乙经/论文/针灸甲乙经/384-《史记·扁鹊仓公列传》_外三阳五会_新考.pdf,9c32d99d74d9a1f7aa4e858c5af32aab0713f264995c58f21a4346504ffadac6,content-production/corpus/extracted-text/HFM-A000164_raw.txt,TEXT
JIAYI-PAGE-HFM-A000164-3,WORK-JIAYI,DOC-HFM-A000164,HFM-A000164,3,针灸甲乙经/论文/针灸甲乙经/384-《史记·扁鹊仓公列传》_外三阳五会_新考.pdf,9c32d99d74d9a1f7aa4e858c5af32aab0713f264995c58f21a4346504ffadac6,content-production/corpus/extracted-text/HFM-A000164_raw.txt,TEXT
JIAYI-PAGE-HFM-A000165-1,WORK-JIAYI,DOC-HFM-A000165,HFM-A000165,1,针灸甲乙经/论文/针灸甲乙经/386-深刺中脘穴临床验案4则.pdf,f39e9499d1f5a4608d84a5b359511c4723b169633881dde76bd8c7ab145aa8e2,content-production/corpus/extracted-text/HFM-A000165_raw.txt,TEXT
JIAYI-PAGE-HFM-A000165-2,WORK-JIAYI,DOC-HFM-A000165,HFM-A000165,2,针灸甲乙经/论文/针灸甲乙经/386-深刺中脘穴临床验案4则.pdf,f39e9499d1f5a4608d84a5b359511c4723b169633881dde76bd8c7ab145aa8e2,content-production/corpus/extracted-text/HFM-A000165_raw.txt,TEXT
JIAYI-PAGE-HFM-A000166-1,WORK-JIAYI,DOC-HFM-A000166,HFM-A000166,1,针灸甲乙经/论文/针灸甲乙经/387-略谈照海穴之主治.pdf,6331b76703ff6e109bf38a9c49c30e3b9d2e57e814ad379a97f22434f22354ed,content-production/corpus/extracted-text/HFM-A000166_raw.txt,TEXT
JIAYI-PAGE-HFM-A000166-2,WORK-JIAYI,DOC-HFM-A000166,HFM-A000166,2,针灸甲乙经/论文/针灸甲乙经/387-略谈照海穴之主治.pdf,6331b76703ff6e109bf38a9c49c30e3b9d2e57e814ad379a97f22434f22354ed,content-production/corpus/extracted-text/HFM-A000166_raw.txt,TEXT
JIAYI-PAGE-HFM-A000166-3,WORK-JIAYI,DOC-HFM-A000166,HFM-A000166,3,针灸甲乙经/论文/针灸甲乙经/387-略谈照海穴之主治.pdf,6331b76703ff6e109bf38a9c49c30e3b9d2e57e814ad379a97f22434f22354ed,content-production/corpus/extracted-text/HFM-A000166_raw.txt,TEXT
JIAYI-PAGE-HFM-A000167-1,WORK-JIAYI,DOC-HFM-A000167,HFM-A000167,1,针灸甲乙经/论文/针灸甲乙经/388-寸口疗法初探.pdf,8b29d048d0370a0323a8bd3128df04976f6f48067c302c2b70aa7e9c2901bd47,content-production/corpus/extracted-text/HFM-A000167_raw.txt,TEXT
JIAYI-PAGE-HFM-A000168-1,WORK-JIAYI,DOC-HFM-A000168,HFM-A000168,1,针灸甲乙经/论文/针灸甲乙经/389-俞昌德教授治疗坐骨神经痛临床经验介绍.pdf,24a8b9bf9d097337eecbfb4e911a0ee984108785131f4ea7b945c661ab3141ea,content-production/corpus/extracted-text/HFM-A000168_raw.txt,TEXT
JIAYI-PAGE-HFM-A000169-1,WORK-JIAYI,DOC-HFM-A000169,HFM-A000169,1,针灸甲乙经/论文/针灸甲乙经/39-《针灸甲乙经》推拿疗法探析.pdf,9428a3383b33a342b5ae3315df89269bb3f8a1a941c8d171f53ce877b2d9ce8f,content-production/corpus/extracted-text/HFM-A000169_raw.txt,TEXT
JIAYI-PAGE-HFM-A000169-2,WORK-JIAYI,DOC-HFM-A000169,HFM-A000169,2,针灸甲乙经/论文/针灸甲乙经/39-《针灸甲乙经》推拿疗法探析.pdf,9428a3383b33a342b5ae3315df89269bb3f8a1a941c8d171f53ce877b2d9ce8f,content-production/corpus/extracted-text/HFM-A000169_raw.txt,TEXT
JIAYI-PAGE-HFM-A000169-3,WORK-JIAYI,DOC-HFM-A000169,HFM-A000169,3,针灸甲乙经/论文/针灸甲乙经/39-《针灸甲乙经》推拿疗法探析.pdf,9428a3383b33a342b5ae3315df89269bb3f8a1a941c8d171f53ce877b2d9ce8f,content-production/corpus/extracted-text/HFM-A000169_raw.txt,TEXT
JIAYI-PAGE-HFM-A000170-1,WORK-JIAYI,DOC-HFM-A000170,HFM-A000170,1,针灸甲乙经/论文/针灸甲乙经/390-交会穴临床应用举隅.pdf,95b052983973b931c833c897e9b443544a6e9254ae2a8f371b71bd1a74ffecf8,content-production/corpus/extracted-text/HFM-A000170_raw.txt,TEXT
JIAYI-PAGE-HFM-A000170-2,WORK-JIAYI,DOC-HFM-A000170,HFM-A000170,2,针灸甲乙经/论文/针灸甲乙经/390-交会穴临床应用举隅.pdf,95b052983973b931c833c897e9b443544a6e9254ae2a8f371b71bd1a74ffecf8,content-production/corpus/extracted-text/HFM-A000170_raw.txt,TEXT
JIAYI-PAGE-HFM-A000171-1,WORK-JIAYI,DOC-HFM-A000171,HFM-A000171,1,针灸甲乙经/论文/针灸甲乙经/392-手厥阴心包经理论发展探析.pdf,ce5fb66c70a0c38e5921f7cfe77ec1243a4cfdf721f9e1e29c1bebf1ce56622a,content-production/corpus/extracted-text/HFM-A000171_raw.txt,TEXT
JIAYI-PAGE-HFM-A000171-2,WORK-JIAYI,DOC-HFM-A000171,HFM-A000171,2,针灸甲乙经/论文/针灸甲乙经/392-手厥阴心包经理论发展探析.pdf,ce5fb66c70a0c38e5921f7cfe77ec1243a4cfdf721f9e1e29c1bebf1ce56622a,content-production/corpus/extracted-text/HFM-A000171_raw.txt,TEXT
JIAYI-PAGE-HFM-A000171-3,WORK-JIAYI,DOC-HFM-A000171,HFM-A000171,3,针灸甲乙经/论文/针灸甲乙经/392-手厥阴心包经理论发展探析.pdf,ce5fb66c70a0c38e5921f7cfe77ec1243a4cfdf721f9e1e29c1bebf1ce56622a,content-production/corpus/extracted-text/HFM-A000171_raw.txt,TEXT
JIAYI-PAGE-HFM-A000171-4,WORK-JIAYI,DOC-HFM-A000171,HFM-A000171,4,针灸甲乙经/论文/针灸甲乙经/392-手厥阴心包经理论发展探析.pdf,ce5fb66c70a0c38e5921f7cfe77ec1243a4cfdf721f9e1e29c1bebf1ce56622a,content-production/corpus/extracted-text/HFM-A000171_raw.txt,TEXT
JIAYI-PAGE-HFM-A000171-5,WORK-JIAYI,DOC-HFM-A000171,HFM-A000171,5,针灸甲乙经/论文/针灸甲乙经/392-手厥阴心包经理论发展探析.pdf,ce5fb66c70a0c38e5921f7cfe77ec1243a4cfdf721f9e1e29c1bebf1ce56622a,content-production/corpus/extracted-text/HFM-A000171_raw.txt,TEXT
JIAYI-PAGE-HFM-A000172-1,WORK-JIAYI,DOC-HFM-A000172,HFM-A000172,1,针灸甲乙经/论文/针灸甲乙经/393-经脉循行的《灵枢》原文英译探析.pdf,4a86856afd2d2c4549c93f399cd6743b1a9e861b5d56da7e86f54d6f945be149,content-production/corpus/extracted-text/HFM-A000172_raw.txt,TEXT
JIAYI-PAGE-HFM-A000172-2,WORK-JIAYI,DOC-HFM-A000172,HFM-A000172,2,针灸甲乙经/论文/针灸甲乙经/393-经脉循行的《灵枢》原文英译探析.pdf,4a86856afd2d2c4549c93f399cd6743b1a9e861b5d56da7e86f54d6f945be149,content-production/corpus/extracted-text/HFM-A000172_raw.txt,TEXT
JIAYI-PAGE-HFM-A000172-3,WORK-JIAYI,DOC-HFM-A000172,HFM-A000172,3,针灸甲乙经/论文/针灸甲乙经/393-经脉循行的《灵枢》原文英译探析.pdf,4a86856afd2d2c4549c93f399cd6743b1a9e861b5d56da7e86f54d6f945be149,content-production/corpus/extracted-text/HFM-A000172_raw.txt,TEXT
JIAYI-PAGE-HFM-A000172-4,WORK-JIAYI,DOC-HFM-A000172,HFM-A000172,4,针灸甲乙经/论文/针灸甲乙经/393-经脉循行的《灵枢》原文英译探析.pdf,4a86856afd2d2c4549c93f399cd6743b1a9e861b5d56da7e86f54d6f945be149,content-production/corpus/extracted-text/HFM-A000172_raw.txt,TEXT
JIAYI-PAGE-HFM-A000172-5,WORK-JIAYI,DOC-HFM-A000172,HFM-A000172,5,针灸甲乙经/论文/针灸甲乙经/393-经脉循行的《灵枢》原文英译探析.pdf,4a86856afd2d2c4549c93f399cd6743b1a9e861b5d56da7e86f54d6f945be149,content-production/corpus/extracted-text/HFM-A000172_raw.txt,TEXT
JIAYI-PAGE-HFM-A000173-1,WORK-JIAYI,DOC-HFM-A000173,HFM-A000173,1,针灸甲乙经/论文/针灸甲乙经/394-刺法寸历史演变与探究.pdf,7fa656ab03df1c620fca4ca3d727eaf95b40d4ca3e037a1576111cb15a56b57b,content-production/corpus/extracted-text/HFM-A000173_raw.txt,TEXT
JIAYI-PAGE-HFM-A000173-2,WORK-JIAYI,DOC-HFM-A000173,HFM-A000173,2,针灸甲乙经/论文/针灸甲乙经/394-刺法寸历史演变与探究.pdf,7fa656ab03df1c620fca4ca3d727eaf95b40d4ca3e037a1576111cb15a56b57b,content-production/corpus/extracted-text/HFM-A000173_raw.txt,TEXT
JIAYI-PAGE-HFM-A000173-3,WORK-JIAYI,DOC-HFM-A000173,HFM-A000173,3,针灸甲乙经/论文/针灸甲乙经/394-刺法寸历史演变与探究.pdf,7fa656ab03df1c620fca4ca3d727eaf95b40d4ca3e037a1576111cb15a56b57b,content-production/corpus/extracted-text/HFM-A000173_raw.txt,TEXT
JIAYI-PAGE-HFM-A000173-4,WORK-JIAYI,DOC-HFM-A000173,HFM-A000173,4,针灸甲乙经/论文/针灸甲乙经/394-刺法寸历史演变与探究.pdf,7fa656ab03df1c620fca4ca3d727eaf95b40d4ca3e037a1576111cb15a56b57b,content-production/corpus/extracted-text/HFM-A000173_raw.txt,TEXT
JIAYI-PAGE-HFM-A000173-5,WORK-JIAYI,DOC-HFM-A000173,HFM-A000173,5,针灸甲乙经/论文/针灸甲乙经/394-刺法寸历史演变与探究.pdf,7fa656ab03df1c620fca4ca3d727eaf95b40d4ca3e037a1576111cb15a56b57b,content-production/corpus/extracted-text/HFM-A000173_raw.txt,TEXT
JIAYI-PAGE-HFM-A000174-1,WORK-JIAYI,DOC-HFM-A000174,HFM-A000174,1,针灸甲乙经/论文/针灸甲乙经/395-腧穴别名与校勘.pdf,3a02167980f18cf68de0b5a9c480df087f09ea238e7af8cad17db3aade90d15a,content-production/corpus/extracted-text/HFM-A000174_raw.txt,TEXT
JIAYI-PAGE-HFM-A000174-2,WORK-JIAYI,DOC-HFM-A000174,HFM-A000174,2,针灸甲乙经/论文/针灸甲乙经/395-腧穴别名与校勘.pdf,3a02167980f18cf68de0b5a9c480df087f09ea238e7af8cad17db3aade90d15a,content-production/corpus/extracted-text/HFM-A000174_raw.txt,TEXT
JIAYI-PAGE-HFM-A000175-1,WORK-JIAYI,DOC-HFM-A000175,HFM-A000175,1,针灸甲乙经/论文/针灸甲乙经/396-《素问》王冰注所见十二经脉循行文本整合复原.pdf,dca4a41b3bd4892be6e9ca4680901b54d048a2060169e6e103e795a204daf34a,content-production/corpus/extracted-text/HFM-A000175_raw.txt,TEXT
JIAYI-PAGE-HFM-A000175-2,WORK-JIAYI,DOC-HFM-A000175,HFM-A000175,2,针灸甲乙经/论文/针灸甲乙经/396-《素问》王冰注所见十二经脉循行文本整合复原.pdf,dca4a41b3bd4892be6e9ca4680901b54d048a2060169e6e103e795a204daf34a,content-production/corpus/extracted-text/HFM-A000175_raw.txt,TEXT
JIAYI-PAGE-HFM-A000175-3,WORK-JIAYI,DOC-HFM-A000175,HFM-A000175,3,针灸甲乙经/论文/针灸甲乙经/396-《素问》王冰注所见十二经脉循行文本整合复原.pdf,dca4a41b3bd4892be6e9ca4680901b54d048a2060169e6e103e795a204daf34a,content-production/corpus/extracted-text/HFM-A000175_raw.txt,TEXT
JIAYI-PAGE-HFM-A000175-4,WORK-JIAYI,DOC-HFM-A000175,HFM-A000175,4,针灸甲乙经/论文/针灸甲乙经/396-《素问》王冰注所见十二经脉循行文本整合复原.pdf,dca4a41b3bd4892be6e9ca4680901b54d048a2060169e6e103e795a204daf34a,content-production/corpus/extracted-text/HFM-A000175_raw.txt,TEXT
JIAYI-PAGE-HFM-A000175-5,WORK-JIAYI,DOC-HFM-A000175,HFM-A000175,5,针灸甲乙经/论文/针灸甲乙经/396-《素问》王冰注所见十二经脉循行文本整合复原.pdf,dca4a41b3bd4892be6e9ca4680901b54d048a2060169e6e103e795a204daf34a,content-production/corpus/extracted-text/HFM-A000175_raw.txt,TEXT
JIAYI-PAGE-HFM-A000176-1,WORK-JIAYI,DOC-HFM-A000176,HFM-A000176,1,针灸甲乙经/论文/针灸甲乙经/398-《太平圣惠方》小儿灸法文献研究.pdf,617501d338616c050c51b0c21137e7876fe3a86420fb1d4625b0ac9dd04e2470,content-production/corpus/extracted-text/HFM-A000176_raw.txt,TEXT
JIAYI-PAGE-HFM-A000176-2,WORK-JIAYI,DOC-HFM-A000176,HFM-A000176,2,针灸甲乙经/论文/针灸甲乙经/398-《太平圣惠方》小儿灸法文献研究.pdf,617501d338616c050c51b0c21137e7876fe3a86420fb1d4625b0ac9dd04e2470,content-production/corpus/extracted-text/HFM-A000176_raw.txt,TEXT
JIAYI-PAGE-HFM-A000176-3,WORK-JIAYI,DOC-HFM-A000176,HFM-A000176,3,针灸甲乙经/论文/针灸甲乙经/398-《太平圣惠方》小儿灸法文献研究.pdf,617501d338616c050c51b0c21137e7876fe3a86420fb1d4625b0ac9dd04e2470,content-production/corpus/extracted-text/HFM-A000176_raw.txt,TEXT
JIAYI-PAGE-HFM-A000176-4,WORK-JIAYI,DOC-HFM-A000176,HFM-A000176,4,针灸甲乙经/论文/针灸甲乙经/398-《太平圣惠方》小儿灸法文献研究.pdf,617501d338616c050c51b0c21137e7876fe3a86420fb1d4625b0ac9dd04e2470,content-production/corpus/extracted-text/HFM-A000176_raw.txt,TEXT
JIAYI-PAGE-HFM-A000176-5,WORK-JIAYI,DOC-HFM-A000176,HFM-A000176,5,针灸甲乙经/论文/针灸甲乙经/398-《太平圣惠方》小儿灸法文献研究.pdf,617501d338616c050c51b0c21137e7876fe3a86420fb1d4625b0ac9dd04e2470,content-production/corpus/extracted-text/HFM-A000176_raw.txt,TEXT
JIAYI-PAGE-HFM-A000177-1,WORK-JIAYI,DOC-HFM-A000177,HFM-A000177,1,针灸甲乙经/论文/针灸甲乙经/399-扶突穴的临床应用.pdf,ecce6d81d7662a7eb7a475045484e831d54864d8310ad740db7c47088577f013,content-production/corpus/extracted-text/HFM-A000177_raw.txt,TEXT
JIAYI-PAGE-HFM-A000178-1,WORK-JIAYI,DOC-HFM-A000178,HFM-A000178,1,针灸甲乙经/论文/针灸甲乙经/4-浅析《针灸甲乙经》的刺法特点.pdf,32b5b7d6536071133d3a875c7841eb86600da67d1d1114cd71cdb86b2c08e512,content-production/corpus/extracted-text/HFM-A000178_raw.txt,TEXT
JIAYI-PAGE-HFM-A000178-2,WORK-JIAYI,DOC-HFM-A000178,HFM-A000178,2,针灸甲乙经/论文/针灸甲乙经/4-浅析《针灸甲乙经》的刺法特点.pdf,32b5b7d6536071133d3a875c7841eb86600da67d1d1114cd71cdb86b2c08e512,content-production/corpus/extracted-text/HFM-A000178_raw.txt,TEXT
JIAYI-PAGE-HFM-A000178-3,WORK-JIAYI,DOC-HFM-A000178,HFM-A000178,3,针灸甲乙经/论文/针灸甲乙经/4-浅析《针灸甲乙经》的刺法特点.pdf,32b5b7d6536071133d3a875c7841eb86600da67d1d1114cd71cdb86b2c08e512,content-production/corpus/extracted-text/HFM-A000178_raw.txt,TEXT
JIAYI-PAGE-HFM-A000178-4,WORK-JIAYI,DOC-HFM-A000178,HFM-A000178,4,针灸甲乙经/论文/针灸甲乙经/4-浅析《针灸甲乙经》的刺法特点.pdf,32b5b7d6536071133d3a875c7841eb86600da67d1d1114cd71cdb86b2c08e512,content-production/corpus/extracted-text/HFM-A000178_raw.txt,TEXT
JIAYI-PAGE-HFM-A000178-5,WORK-JIAYI,DOC-HFM-A000178,HFM-A000178,5,针灸甲乙经/论文/针灸甲乙经/4-浅析《针灸甲乙经》的刺法特点.pdf,32b5b7d6536071133d3a875c7841eb86600da67d1d1114cd71cdb86b2c08e512,content-production/corpus/extracted-text/HFM-A000178_raw.txt,TEXT
JIAYI-PAGE-HFM-A000179-1,WORK-JIAYI,DOC-HFM-A000179,HFM-A000179,1,针灸甲乙经/论文/针灸甲乙经/40-《针灸甲乙经》浅刺针法理论研究探析.pdf,93118f9b010edb5c2943b0af3c63b632c0c9517b866b70698e9a11e9b19f5585,content-production/corpus/extracted-text/HFM-A000179_raw.txt,TEXT
JIAYI-PAGE-HFM-A000179-2,WORK-JIAYI,DOC-HFM-A000179,HFM-A000179,2,针灸甲乙经/论文/针灸甲乙经/40-《针灸甲乙经》浅刺针法理论研究探析.pdf,93118f9b010edb5c2943b0af3c63b632c0c9517b866b70698e9a11e9b19f5585,content-production/corpus/extracted-text/HFM-A000179_raw.txt,TEXT
JIAYI-PAGE-HFM-A000180-1,WORK-JIAYI,DOC-HFM-A000180,HFM-A000180,1,针灸甲乙经/论文/针灸甲乙经/400-柳氏广意派小儿推拿辨治小儿咳嗽.pdf,9a16c80eb9d3b82201e12015c5af6ae9a5113b764939cbb3d95a330f9af915d7,content-production/corpus/extracted-text/HFM-A000180_raw.txt,TEXT
JIAYI-PAGE-HFM-A000180-2,WORK-JIAYI,DOC-HFM-A000180,HFM-A000180,2,针灸甲乙经/论文/针灸甲乙经/400-柳氏广意派小儿推拿辨治小儿咳嗽.pdf,9a16c80eb9d3b82201e12015c5af6ae9a5113b764939cbb3d95a330f9af915d7,content-production/corpus/extracted-text/HFM-A000180_raw.txt,TEXT
JIAYI-PAGE-HFM-A000180-3,WORK-JIAYI,DOC-HFM-A000180,HFM-A000180,3,针灸甲乙经/论文/针灸甲乙经/400-柳氏广意派小儿推拿辨治小儿咳嗽.pdf,9a16c80eb9d3b82201e12015c5af6ae9a5113b764939cbb3d95a330f9af915d7,content-production/corpus/extracted-text/HFM-A000180_raw.txt,TEXT
JIAYI-PAGE-HFM-A000180-4,WORK-JIAYI,DOC-HFM-A000180,HFM-A000180,4,针灸甲乙经/论文/针灸甲乙经/400-柳氏广意派小儿推拿辨治小儿咳嗽.pdf,9a16c80eb9d3b82201e12015c5af6ae9a5113b764939cbb3d95a330f9af915d7,content-production/corpus/extracted-text/HFM-A000180_raw.txt,TEXT
JIAYI-PAGE-HFM-A000181-1,WORK-JIAYI,DOC-HFM-A000181,HFM-A000181,1,针灸甲乙经/论文/针灸甲乙经/401-试论出针补泻的临床意义.pdf,830e6ee57ff7350e59851714049846d0cd2aef82df9f4c20c2b6733c0b2a14d8,content-production/corpus/extracted-text/HFM-A000181_raw.txt,TEXT
JIAYI-PAGE-HFM-A000181-2,WORK-JIAYI,DOC-HFM-A000181,HFM-A000181,2,针灸甲乙经/论文/针灸甲乙经/401-试论出针补泻的临床意义.pdf,830e6ee57ff7350e59851714049846d0cd2aef82df9f4c20c2b6733c0b2a14d8,content-production/corpus/extracted-text/HFM-A000181_raw.txt,TEXT
JIAYI-PAGE-HFM-A000181-3,WORK-JIAYI,DOC-HFM-A000181,HFM-A000181,3,针灸甲乙经/论文/针灸甲乙经/401-试论出针补泻的临床意义.pdf,830e6ee57ff7350e59851714049846d0cd2aef82df9f4c20c2b6733c0b2a14d8,content-production/corpus/extracted-text/HFM-A000181_raw.txt,TEXT
JIAYI-PAGE-HFM-A000181-4,WORK-JIAYI,DOC-HFM-A000181,HFM-A000181,4,针灸甲乙经/论文/针灸甲乙经/401-试论出针补泻的临床意义.pdf,830e6ee57ff7350e59851714049846d0cd2aef82df9f4c20c2b6733c0b2a14d8,content-production/corpus/extracted-text/HFM-A000181_raw.txt,TEXT
JIAYI-PAGE-HFM-A000182-1,WORK-JIAYI,DOC-HFM-A000182,HFM-A000182,1,针灸甲乙经/论文/针灸甲乙经/402-条口穴用于肩关节周围炎治疗的起源初探.pdf,bc4b74053f0cdd2a9c8e4a689516031abce40246ab61040bc309f937ce8c93d3,content-production/corpus/extracted-text/HFM-A000182_raw.txt,TEXT
JIAYI-PAGE-HFM-A000182-2,WORK-JIAYI,DOC-HFM-A000182,HFM-A000182,2,针灸甲乙经/论文/针灸甲乙经/402-条口穴用于肩关节周围炎治疗的起源初探.pdf,bc4b74053f0cdd2a9c8e4a689516031abce40246ab61040bc309f937ce8c93d3,content-production/corpus/extracted-text/HFM-A000182_raw.txt,TEXT
JIAYI-PAGE-HFM-A000183-1,WORK-JIAYI,DOC-HFM-A000183,HFM-A000183,1,针灸甲乙经/论文/针灸甲乙经/403-太白穴在灼口综合征治疗中的应用举隅.pdf,dd09149f14016b08b17191408c37974e69d62eb333358e5b442f64cc3b9286b9,content-production/corpus/extracted-text/HFM-A000183_raw.txt,TEXT
JIAYI-PAGE-HFM-A000183-2,WORK-JIAYI,DOC-HFM-A000183,HFM-A000183,2,针灸甲乙经/论文/针灸甲乙经/403-太白穴在灼口综合征治疗中的应用举隅.pdf,dd09149f14016b08b17191408c37974e69d62eb333358e5b442f64cc3b9286b9,content-production/corpus/extracted-text/HFM-A000183_raw.txt,TEXT
JIAYI-PAGE-HFM-A000184-1,WORK-JIAYI,DOC-HFM-A000184,HFM-A000184,1,针灸甲乙经/论文/针灸甲乙经/404-神庭穴临证探讨.pdf,c1997f3fa53ba38b2834a8238df03a107e6e1570eec9abe953325be75ddae864,content-production/batches/B02/extracted-text/HFM-A000184_raw.txt,TEXT
JIAYI-PAGE-HFM-A000184-2,WORK-JIAYI,DOC-HFM-A000184,HFM-A000184,2,针灸甲乙经/论文/针灸甲乙经/404-神庭穴临证探讨.pdf,c1997f3fa53ba38b2834a8238df03a107e6e1570eec9abe953325be75ddae864,content-production/batches/B02/extracted-text/HFM-A000184_raw.txt,TEXT
JIAYI-PAGE-HFM-A000184-3,WORK-JIAYI,DOC-HFM-A000184,HFM-A000184,3,针灸甲乙经/论文/针灸甲乙经/404-神庭穴临证探讨.pdf,c1997f3fa53ba38b2834a8238df03a107e6e1570eec9abe953325be75ddae864,content-production/batches/B02/extracted-text/HFM-A000184_raw.txt,TEXT
JIAYI-PAGE-HFM-A000185-1,WORK-JIAYI,DOC-HFM-A000185,HFM-A000185,1,针灸甲乙经/论文/针灸甲乙经/405-基于《内经》《难经》的五输穴原理探微.pdf,e13ca593bdb464c9b6c591e9a0f77bf04be602ef9ad8f1ca9d362054a838120f,content-production/corpus/extracted-text/HFM-A000185_raw.txt,TEXT
JIAYI-PAGE-HFM-A000185-2,WORK-JIAYI,DOC-HFM-A000185,HFM-A000185,2,针灸甲乙经/论文/针灸甲乙经/405-基于《内经》《难经》的五输穴原理探微.pdf,e13ca593bdb464c9b6c591e9a0f77bf04be602ef9ad8f1ca9d362054a838120f,content-production/corpus/extracted-text/HFM-A000185_raw.txt,TEXT
JIAYI-PAGE-HFM-A000185-3,WORK-JIAYI,DOC-HFM-A000185,HFM-A000185,3,针灸甲乙经/论文/针灸甲乙经/405-基于《内经》《难经》的五输穴原理探微.pdf,e13ca593bdb464c9b6c591e9a0f77bf04be602ef9ad8f1ca9d362054a838120f,content-production/corpus/extracted-text/HFM-A000185_raw.txt,TEXT
JIAYI-PAGE-HFM-A000185-4,WORK-JIAYI,DOC-HFM-A000185,HFM-A000185,4,针灸甲乙经/论文/针灸甲乙经/405-基于《内经》《难经》的五输穴原理探微.pdf,e13ca593bdb464c9b6c591e9a0f77bf04be602ef9ad8f1ca9d362054a838120f,content-production/corpus/extracted-text/HFM-A000185_raw.txt,TEXT
JIAYI-PAGE-HFM-A000186-1,WORK-JIAYI,DOC-HFM-A000186,HFM-A000186,1,针灸甲乙经/论文/针灸甲乙经/406-洞鉴古今探源_肠神同调_腧穴内涵及规律.pdf,88657a4649a568d128d8bd2effd22a08c75e0eb81213500db447f70e6bb55a33,content-production/corpus/extracted-text/HFM-A000186_raw.txt,TEXT
JIAYI-PAGE-HFM-A000186-2,WORK-JIAYI,DOC-HFM-A000186,HFM-A000186,2,针灸甲乙经/论文/针灸甲乙经/406-洞鉴古今探源_肠神同调_腧穴内涵及规律.pdf,88657a4649a568d128d8bd2effd22a08c75e0eb81213500db447f70e6bb55a33,content-production/corpus/extracted-text/HFM-A000186_raw.txt,TEXT
JIAYI-PAGE-HFM-A000186-3,WORK-JIAYI,DOC-HFM-A000186,HFM-A000186,3,针灸甲乙经/论文/针灸甲乙经/406-洞鉴古今探源_肠神同调_腧穴内涵及规律.pdf,88657a4649a568d128d8bd2effd22a08c75e0eb81213500db447f70e6bb55a33,content-production/corpus/extracted-text/HFM-A000186_raw.txt,TEXT
JIAYI-PAGE-HFM-A000186-4,WORK-JIAYI,DOC-HFM-A000186,HFM-A000186,4,针灸甲乙经/论文/针灸甲乙经/406-洞鉴古今探源_肠神同调_腧穴内涵及规律.pdf,88657a4649a568d128d8bd2effd22a08c75e0eb81213500db447f70e6bb55a33,content-production/corpus/extracted-text/HFM-A000186_raw.txt,TEXT
JIAYI-PAGE-HFM-A000186-5,WORK-JIAYI,DOC-HFM-A000186,HFM-A000186,5,针灸甲乙经/论文/针灸甲乙经/406-洞鉴古今探源_肠神同调_腧穴内涵及规律.pdf,88657a4649a568d128d8bd2effd22a08c75e0eb81213500db447f70e6bb55a33,content-production/corpus/extracted-text/HFM-A000186_raw.txt,TEXT
JIAYI-PAGE-HFM-A000187-1,WORK-JIAYI,DOC-HFM-A000187,HFM-A000187,1,针灸甲乙经/论文/针灸甲乙经/409-合谷_穴区传入神经元的节段性分布——HRP法的实验研究.pdf,43b10cf7f78055e7359494f999d3e9c2f27b94b946dbdf2c92e39387611c0b3f,content-production/corpus/extracted-text/HFM-A000187_raw.txt,TEXT
JIAYI-PAGE-HFM-A000187-2,WORK-JIAYI,DOC-HFM-A000187,HFM-A000187,2,针灸甲乙经/论文/针灸甲乙经/409-合谷_穴区传入神经元的节段性分布——HRP法的实验研究.pdf,43b10cf7f78055e7359494f999d3e9c2f27b94b946dbdf2c92e39387611c0b3f,content-production/corpus/extracted-text/HFM-A000187_raw.txt,TEXT
JIAYI-PAGE-HFM-A000188-1,WORK-JIAYI,DOC-HFM-A000188,HFM-A000188,1,针灸甲乙经/论文/针灸甲乙经/41-《针灸甲乙经》之刺血疗法研究.pdf,2278fd4034e824a1aa98ae0683575ad09d39e77a669928be560b967f19d634ff,content-production/corpus/extracted-text/HFM-A000188_raw.txt,TEXT
JIAYI-PAGE-HFM-A000188-2,WORK-JIAYI,DOC-HFM-A000188,HFM-A000188,2,针灸甲乙经/论文/针灸甲乙经/41-《针灸甲乙经》之刺血疗法研究.pdf,2278fd4034e824a1aa98ae0683575ad09d39e77a669928be560b967f19d634ff,content-production/corpus/extracted-text/HFM-A000188_raw.txt,TEXT
JIAYI-PAGE-HFM-A000188-3,WORK-JIAYI,DOC-HFM-A000188,HFM-A000188,3,针灸甲乙经/论文/针灸甲乙经/41-《针灸甲乙经》之刺血疗法研究.pdf,2278fd4034e824a1aa98ae0683575ad09d39e77a669928be560b967f19d634ff,content-production/corpus/extracted-text/HFM-A000188_raw.txt,TEXT
JIAYI-PAGE-HFM-A000189-1,WORK-JIAYI,DOC-HFM-A000189,HFM-A000189,1,针灸甲乙经/论文/针灸甲乙经/410-睛明穴的应用体会.pdf,5ff00d14a8cf2a4e82b18636700d0bbb0c2cc978c625fe65b4e57a891d7ec00f,content-production/corpus/extracted-text/HFM-A000189_raw.txt,TEXT
JIAYI-PAGE-HFM-A000189-2,WORK-JIAYI,DOC-HFM-A000189,HFM-A000189,2,针灸甲乙经/论文/针灸甲乙经/410-睛明穴的应用体会.pdf,5ff00d14a8cf2a4e82b18636700d0bbb0c2cc978c625fe65b4e57a891d7ec00f,content-production/corpus/extracted-text/HFM-A000189_raw.txt,TEXT
JIAYI-PAGE-HFM-A000190-1,WORK-JIAYI,DOC-HFM-A000190,HFM-A000190,1,针灸甲乙经/论文/针灸甲乙经/411-睛明穴临床研究汇总.pdf,40a13aab1bfae6a2b708096dd70aae9cc88b5900002fb933e2112e4007786d65,content-production/corpus/extracted-text/HFM-A000190_raw.txt,TEXT
JIAYI-PAGE-HFM-A000190-2,WORK-JIAYI,DOC-HFM-A000190,HFM-A000190,2,针灸甲乙经/论文/针灸甲乙经/411-睛明穴临床研究汇总.pdf,40a13aab1bfae6a2b708096dd70aae9cc88b5900002fb933e2112e4007786d65,content-production/corpus/extracted-text/HFM-A000190_raw.txt,TEXT
JIAYI-PAGE-HFM-A000190-3,WORK-JIAYI,DOC-HFM-A000190,HFM-A000190,3,针灸甲乙经/论文/针灸甲乙经/411-睛明穴临床研究汇总.pdf,40a13aab1bfae6a2b708096dd70aae9cc88b5900002fb933e2112e4007786d65,content-production/corpus/extracted-text/HFM-A000190_raw.txt,TEXT
JIAYI-PAGE-HFM-A000191-1,WORK-JIAYI,DOC-HFM-A000191,HFM-A000191,1,针灸甲乙经/论文/针灸甲乙经/412-短刺手三里穴治疗腰腿痛临床体会.pdf,9ec9a12d63f5bfb4d7135aafc90382772214da9afaa8b6d87bfb6c9085ee4ffe,content-production/corpus/extracted-text/HFM-A000191_raw.txt,TEXT
JIAYI-PAGE-HFM-A000192-1,WORK-JIAYI,DOC-HFM-A000192,HFM-A000192,1,针灸甲乙经/论文/针灸甲乙经/413-天突穴的临床应用.pdf,fc242221f3134aaefab5acf8b61316b3a435630158c76185fd102b15c7427fdc,content-production/corpus/extracted-text/HFM-A000192_raw.txt,TEXT
JIAYI-PAGE-HFM-A000192-2,WORK-JIAYI,DOC-HFM-A000192,HFM-A000192,2,针灸甲乙经/论文/针灸甲乙经/413-天突穴的临床应用.pdf,fc242221f3134aaefab5acf8b61316b3a435630158c76185fd102b15c7427fdc,content-production/corpus/extracted-text/HFM-A000192_raw.txt,TEXT
JIAYI-PAGE-HFM-A000193-1,WORK-JIAYI,DOC-HFM-A000193,HFM-A000193,1,针灸甲乙经/论文/针灸甲乙经/414-条口穴用于肩关节周围炎治疗的起源初探 (1).pdf,c525f9a767bec359a9003931c2fdd25a13963c49cfdb4319ae0c6d054bcf2019,content-production/corpus/extracted-text/HFM-A000193_raw.txt,TEXT
JIAYI-PAGE-HFM-A000193-2,WORK-JIAYI,DOC-HFM-A000193,HFM-A000193,2,针灸甲乙经/论文/针灸甲乙经/414-条口穴用于肩关节周围炎治疗的起源初探 (1).pdf,c525f9a767bec359a9003931c2fdd25a13963c49cfdb4319ae0c6d054bcf2019,content-production/corpus/extracted-text/HFM-A000193_raw.txt,TEXT
JIAYI-PAGE-HFM-A000193-3,WORK-JIAYI,DOC-HFM-A000193,HFM-A000193,3,针灸甲乙经/论文/针灸甲乙经/414-条口穴用于肩关节周围炎治疗的起源初探 (1).pdf,c525f9a767bec359a9003931c2fdd25a13963c49cfdb4319ae0c6d054bcf2019,content-production/corpus/extracted-text/HFM-A000193_raw.txt,TEXT
JIAYI-PAGE-HFM-A000194-1,WORK-JIAYI,DOC-HFM-A000194,HFM-A000194,1,针灸甲乙经/论文/针灸甲乙经/415-郄穴治疗经脉和脏腑顽固性疾病的临床应用.pdf,035a6ee88ff66cdee5cae309f82bf78ecd25a84f34613dcb92e007d86ab3e9b6,content-production/corpus/extracted-text/HFM-A000194_raw.txt,TEXT
JIAYI-PAGE-HFM-A000195-1,WORK-JIAYI,DOC-HFM-A000195,HFM-A000195,1,针灸甲乙经/论文/针灸甲乙经/416-近年大椎穴临床研究概况.pdf,402b9b20041f88fb3f24b65329a5a115a714ee1fcd7399d78a275e12b73601a5,content-production/corpus/extracted-text/HFM-A000195_raw.txt,TEXT
JIAYI-PAGE-HFM-A000195-2,WORK-JIAYI,DOC-HFM-A000195,HFM-A000195,2,针灸甲乙经/论文/针灸甲乙经/416-近年大椎穴临床研究概况.pdf,402b9b20041f88fb3f24b65329a5a115a714ee1fcd7399d78a275e12b73601a5,content-production/corpus/extracted-text/HFM-A000195_raw.txt,TEXT
JIAYI-PAGE-HFM-A000195-3,WORK-JIAYI,DOC-HFM-A000195,HFM-A000195,3,针灸甲乙经/论文/针灸甲乙经/416-近年大椎穴临床研究概况.pdf,402b9b20041f88fb3f24b65329a5a115a714ee1fcd7399d78a275e12b73601a5,content-production/corpus/extracted-text/HFM-A000195_raw.txt,TEXT
JIAYI-PAGE-HFM-A000195-4,WORK-JIAYI,DOC-HFM-A000195,HFM-A000195,4,针灸甲乙经/论文/针灸甲乙经/416-近年大椎穴临床研究概况.pdf,402b9b20041f88fb3f24b65329a5a115a714ee1fcd7399d78a275e12b73601a5,content-production/corpus/extracted-text/HFM-A000195_raw.txt,TEXT
JIAYI-PAGE-HFM-A000196-1,WORK-JIAYI,DOC-HFM-A000196,HFM-A000196,1,针灸甲乙经/论文/针灸甲乙经/417-膝关节相关腧穴定位考析.pdf,80b38eabff8aec0bf16cee650e0305faf2a620f8b7ee417ffc5d86e29645f3bc,content-production/corpus/extracted-text/HFM-A000196_raw.txt,TEXT
JIAYI-PAGE-HFM-A000197-1,WORK-JIAYI,DOC-HFM-A000197,HFM-A000197,1,针灸甲乙经/论文/针灸甲乙经/419-“缪剌”与“巨刺”之浅析.pdf,80b97ea465ecec9ccf76a9411a23d0e60cfd68d2a1a69e970261a4efba3b385b,content-production/corpus/extracted-text/HFM-A000197_raw.txt,TEXT
JIAYI-PAGE-HFM-A000197-2,WORK-JIAYI,DOC-HFM-A000197,HFM-A000197,2,针灸甲乙经/论文/针灸甲乙经/419-“缪剌”与“巨刺”之浅析.pdf,80b97ea465ecec9ccf76a9411a23d0e60cfd68d2a1a69e970261a4efba3b385b,content-production/corpus/extracted-text/HFM-A000197_raw.txt,TEXT
JIAYI-PAGE-HFM-A000198-1,WORK-JIAYI,DOC-HFM-A000198,HFM-A000198,1,针灸甲乙经/论文/针灸甲乙经/42-《针灸甲乙经》治疗头痛的特点分析.pdf,a01e38dbedbeea6a73d8cb813db8d6946a763462bd02ea50dfd4bb3868c07873,content-production/corpus/extracted-text/HFM-A000198_raw.txt,TEXT
JIAYI-PAGE-HFM-A000198-2,WORK-JIAYI,DOC-HFM-A000198,HFM-A000198,2,针灸甲乙经/论文/针灸甲乙经/42-《针灸甲乙经》治疗头痛的特点分析.pdf,a01e38dbedbeea6a73d8cb813db8d6946a763462bd02ea50dfd4bb3868c07873,content-production/corpus/extracted-text/HFM-A000198_raw.txt,TEXT
JIAYI-PAGE-HFM-A000199-1,WORK-JIAYI,DOC-HFM-A000199,HFM-A000199,1,针灸甲乙经/论文/针灸甲乙经/420-疏肝调神针刺法治疗奔豚气案.pdf,117e28230c58f5be81753f25bd567cf0925fe940007d398c8e4f56aa5ac33f6e,content-production/corpus/extracted-text/HFM-A000199_raw.txt,TEXT
JIAYI-PAGE-HFM-A000200-1,WORK-JIAYI,DOC-HFM-A000200,HFM-A000200,1,针灸甲乙经/论文/针灸甲乙经/421-百会穴临床应用概述.pdf,d9e9dff3ced802dd2ab8b65b83827f7a99bef4ccf18da37d37063ef675243c91,content-production/corpus/extracted-text/HFM-A000200_raw.txt,TEXT
JIAYI-PAGE-HFM-A000200-2,WORK-JIAYI,DOC-HFM-A000200,HFM-A000200,2,针灸甲乙经/论文/针灸甲乙经/421-百会穴临床应用概述.pdf,d9e9dff3ced802dd2ab8b65b83827f7a99bef4ccf18da37d37063ef675243c91,content-production/corpus/extracted-text/HFM-A000200_raw.txt,TEXT
JIAYI-PAGE-HFM-A000200-3,WORK-JIAYI,DOC-HFM-A000200,HFM-A000200,3,针灸甲乙经/论文/针灸甲乙经/421-百会穴临床应用概述.pdf,d9e9dff3ced802dd2ab8b65b83827f7a99bef4ccf18da37d37063ef675243c91,content-production/corpus/extracted-text/HFM-A000200_raw.txt,TEXT
JIAYI-PAGE-HFM-A000200-4,WORK-JIAYI,DOC-HFM-A000200,HFM-A000200,4,针灸甲乙经/论文/针灸甲乙经/421-百会穴临床应用概述.pdf,d9e9dff3ced802dd2ab8b65b83827f7a99bef4ccf18da37d37063ef675243c91,content-production/corpus/extracted-text/HFM-A000200_raw.txt,TEXT
JIAYI-PAGE-HFM-A000201-1,WORK-JIAYI,DOC-HFM-A000201,HFM-A000201,1,针灸甲乙经/论文/针灸甲乙经/422-中医古籍校勘的新思考与新探索.pdf,a703a768463bea7c34fb0a1b6ded50d9cf59d7c69788e13aa36da515d94871e0,content-production/corpus/extracted-text/HFM-A000201_raw.txt,TEXT
JIAYI-PAGE-HFM-A000201-2,WORK-JIAYI,DOC-HFM-A000201,HFM-A000201,2,针灸甲乙经/论文/针灸甲乙经/422-中医古籍校勘的新思考与新探索.pdf,a703a768463bea7c34fb0a1b6ded50d9cf59d7c69788e13aa36da515d94871e0,content-production/corpus/extracted-text/HFM-A000201_raw.txt,TEXT
JIAYI-PAGE-HFM-A000201-3,WORK-JIAYI,DOC-HFM-A000201,HFM-A000201,3,针灸甲乙经/论文/针灸甲乙经/422-中医古籍校勘的新思考与新探索.pdf,a703a768463bea7c34fb0a1b6ded50d9cf59d7c69788e13aa36da515d94871e0,content-production/corpus/extracted-text/HFM-A000201_raw.txt,TEXT
JIAYI-PAGE-HFM-A000202-1,WORK-JIAYI,DOC-HFM-A000202,HFM-A000202,1,针灸甲乙经/论文/针灸甲乙经/423-中医古籍校勘的新思考与新探索(续).pdf,e4a4cf9180b56075d20182f29eedf4e016abbc5ce21c4014cb2fb679cda09d44,content-production/corpus/extracted-text/HFM-A000202_raw.txt,TEXT
JIAYI-PAGE-HFM-A000202-2,WORK-JIAYI,DOC-HFM-A000202,HFM-A000202,2,针灸甲乙经/论文/针灸甲乙经/423-中医古籍校勘的新思考与新探索(续).pdf,e4a4cf9180b56075d20182f29eedf4e016abbc5ce21c4014cb2fb679cda09d44,content-production/corpus/extracted-text/HFM-A000202_raw.txt,TEXT
JIAYI-PAGE-HFM-A000202-3,WORK-JIAYI,DOC-HFM-A000202,HFM-A000202,3,针灸甲乙经/论文/针灸甲乙经/423-中医古籍校勘的新思考与新探索(续).pdf,e4a4cf9180b56075d20182f29eedf4e016abbc5ce21c4014cb2fb679cda09d44,content-production/corpus/extracted-text/HFM-A000202_raw.txt,TEXT
JIAYI-PAGE-HFM-A000202-4,WORK-JIAYI,DOC-HFM-A000202,HFM-A000202,4,针灸甲乙经/论文/针灸甲乙经/423-中医古籍校勘的新思考与新探索(续).pdf,e4a4cf9180b56075d20182f29eedf4e016abbc5ce21c4014cb2fb679cda09d44,content-production/corpus/extracted-text/HFM-A000202_raw.txt,TEXT
JIAYI-PAGE-HFM-A000202-5,WORK-JIAYI,DOC-HFM-A000202,HFM-A000202,5,针灸甲乙经/论文/针灸甲乙经/423-中医古籍校勘的新思考与新探索(续).pdf,e4a4cf9180b56075d20182f29eedf4e016abbc5ce21c4014cb2fb679cda09d44,content-production/corpus/extracted-text/HFM-A000202_raw.txt,TEXT
JIAYI-PAGE-HFM-A000203-1,WORK-JIAYI,DOC-HFM-A000203,HFM-A000203,1,针灸甲乙经/论文/针灸甲乙经/424-浅析手三里穴.pdf,02910769d825bd9325a09cdc974cc9ebfeb5ebbffce96ad8f787e05eb5bd01fa,content-production/corpus/extracted-text/HFM-A000203_raw.txt,TEXT
JIAYI-PAGE-HFM-A000204-1,WORK-JIAYI,DOC-HFM-A000204,HFM-A000204,1,针灸甲乙经/论文/针灸甲乙经/425-天枢穴古今临床应用探析.pdf,52c5d6be1ea03080cde45bbe40f7b7509d01fab37e3310bb843a6107e443fa2c,content-production/corpus/extracted-text/HFM-A000204_raw.txt,TEXT
JIAYI-PAGE-HFM-A000204-2,WORK-JIAYI,DOC-HFM-A000204,HFM-A000204,2,针灸甲乙经/论文/针灸甲乙经/425-天枢穴古今临床应用探析.pdf,52c5d6be1ea03080cde45bbe40f7b7509d01fab37e3310bb843a6107e443fa2c,content-production/corpus/extracted-text/HFM-A000204_raw.txt,TEXT
JIAYI-PAGE-HFM-A000205-1,WORK-JIAYI,DOC-HFM-A000205,HFM-A000205,1,针灸甲乙经/论文/针灸甲乙经/426-化脓灸法临床应用与研究进展.pdf,5af265dc9a3d63448480a19e33c8b8ffdb27f80be8785db78c2e68c46ad295c3,content-production/corpus/extracted-text/HFM-A000205_raw.txt,TEXT
JIAYI-PAGE-HFM-A000205-2,WORK-JIAYI,DOC-HFM-A000205,HFM-A000205,2,针灸甲乙经/论文/针灸甲乙经/426-化脓灸法临床应用与研究进展.pdf,5af265dc9a3d63448480a19e33c8b8ffdb27f80be8785db78c2e68c46ad295c3,content-production/corpus/extracted-text/HFM-A000205_raw.txt,TEXT
JIAYI-PAGE-HFM-A000206-1,WORK-JIAYI,DOC-HFM-A000206,HFM-A000206,1,针灸甲乙经/论文/针灸甲乙经/427-论针刺深浅.pdf,5a2412522fa792d1ac3defa6da6fb387f968dfa52752024376d0746eecad075f,content-production/corpus/extracted-text/HFM-A000206_raw.txt,TEXT
JIAYI-PAGE-HFM-A000206-2,WORK-JIAYI,DOC-HFM-A000206,HFM-A000206,2,针灸甲乙经/论文/针灸甲乙经/427-论针刺深浅.pdf,5a2412522fa792d1ac3defa6da6fb387f968dfa52752024376d0746eecad075f,content-production/corpus/extracted-text/HFM-A000206_raw.txt,TEXT
JIAYI-PAGE-HFM-A000206-3,WORK-JIAYI,DOC-HFM-A000206,HFM-A000206,3,针灸甲乙经/论文/针灸甲乙经/427-论针刺深浅.pdf,5a2412522fa792d1ac3defa6da6fb387f968dfa52752024376d0746eecad075f,content-production/corpus/extracted-text/HFM-A000206_raw.txt,TEXT
JIAYI-PAGE-HFM-A000206-4,WORK-JIAYI,DOC-HFM-A000206,HFM-A000206,4,针灸甲乙经/论文/针灸甲乙经/427-论针刺深浅.pdf,5a2412522fa792d1ac3defa6da6fb387f968dfa52752024376d0746eecad075f,content-production/corpus/extracted-text/HFM-A000206_raw.txt,TEXT
JIAYI-PAGE-HFM-A000207-1,WORK-JIAYI,DOC-HFM-A000207,HFM-A000207,1,针灸甲乙经/论文/针灸甲乙经/428-气海穴基础研究进展.pdf,923bad621adb20e01ab1dc50a1415d9955bedb41f9b63912b23a490f49e53ed0,content-production/corpus/extracted-text/HFM-A000207_raw.txt,TEXT
JIAYI-PAGE-HFM-A000207-2,WORK-JIAYI,DOC-HFM-A000207,HFM-A000207,2,针灸甲乙经/论文/针灸甲乙经/428-气海穴基础研究进展.pdf,923bad621adb20e01ab1dc50a1415d9955bedb41f9b63912b23a490f49e53ed0,content-production/corpus/extracted-text/HFM-A000207_raw.txt,TEXT
JIAYI-PAGE-HFM-A000207-3,WORK-JIAYI,DOC-HFM-A000207,HFM-A000207,3,针灸甲乙经/论文/针灸甲乙经/428-气海穴基础研究进展.pdf,923bad621adb20e01ab1dc50a1415d9955bedb41f9b63912b23a490f49e53ed0,content-production/corpus/extracted-text/HFM-A000207_raw.txt,TEXT
JIAYI-PAGE-HFM-A000208-1,WORK-JIAYI,DOC-HFM-A000208,HFM-A000208,1,针灸甲乙经/论文/针灸甲乙经/429-金门穴的特点与应用.pdf,c7bb9e304db9aa289a17f0fcff9ca76150f545f29898751a09e9d062e9014bda,content-production/corpus/extracted-text/HFM-A000208_raw.txt,TEXT
JIAYI-PAGE-HFM-A000208-2,WORK-JIAYI,DOC-HFM-A000208,HFM-A000208,2,针灸甲乙经/论文/针灸甲乙经/429-金门穴的特点与应用.pdf,c7bb9e304db9aa289a17f0fcff9ca76150f545f29898751a09e9d062e9014bda,content-production/corpus/extracted-text/HFM-A000208_raw.txt,TEXT
JIAYI-PAGE-HFM-A000209-1,WORK-JIAYI,DOC-HFM-A000209,HFM-A000209,1,针灸甲乙经/论文/针灸甲乙经/430-背俞穴概述.pdf,b1cf9e283f6a6fae374fcc0ae7442d61bf745c4e882f75d54cabdc7e4da803c8,content-production/batches/B02/extracted-text/HFM-A000209_raw.txt,TEXT
JIAYI-PAGE-HFM-A000209-2,WORK-JIAYI,DOC-HFM-A000209,HFM-A000209,2,针灸甲乙经/论文/针灸甲乙经/430-背俞穴概述.pdf,b1cf9e283f6a6fae374fcc0ae7442d61bf745c4e882f75d54cabdc7e4da803c8,content-production/batches/B02/extracted-text/HFM-A000209_raw.txt,TEXT
JIAYI-PAGE-HFM-A000210-1,WORK-JIAYI,DOC-HFM-A000210,HFM-A000210,1,针灸甲乙经/论文/针灸甲乙经/431-百会穴临床应用概况.pdf,8d95ac1db9fbf9dbbc548dd1656bdb60878192ae222b5a992cf4b157abf6e858,content-production/corpus/extracted-text/HFM-A000210_raw.txt,TEXT
JIAYI-PAGE-HFM-A000210-2,WORK-JIAYI,DOC-HFM-A000210,HFM-A000210,2,针灸甲乙经/论文/针灸甲乙经/431-百会穴临床应用概况.pdf,8d95ac1db9fbf9dbbc548dd1656bdb60878192ae222b5a992cf4b157abf6e858,content-production/corpus/extracted-text/HFM-A000210_raw.txt,TEXT
JIAYI-PAGE-HFM-A000211-1,WORK-JIAYI,DOC-HFM-A000211,HFM-A000211,1,针灸甲乙经/论文/针灸甲乙经/432-应用上巨虚穴调节胃肠功能的理论探讨.pdf,923c82f03f899492c2622565564aea1f36ace0c6e50a1f87a53d01289e99aa0c,content-production/corpus/extracted-text/HFM-A000211_raw.txt,TEXT
JIAYI-PAGE-HFM-A000211-2,WORK-JIAYI,DOC-HFM-A000211,HFM-A000211,2,针灸甲乙经/论文/针灸甲乙经/432-应用上巨虚穴调节胃肠功能的理论探讨.pdf,923c82f03f899492c2622565564aea1f36ace0c6e50a1f87a53d01289e99aa0c,content-production/corpus/extracted-text/HFM-A000211_raw.txt,TEXT
JIAYI-PAGE-HFM-A000212-1,WORK-JIAYI,DOC-HFM-A000212,HFM-A000212,1,针灸甲乙经/论文/针灸甲乙经/433-浅析针刺神阙穴的可行性.pdf,3259526b0bf610a918a796cb6255beb009540761b38523f0adb47479e147829f,content-production/corpus/extracted-text/HFM-A000212_raw.txt,TEXT
JIAYI-PAGE-HFM-A000212-2,WORK-JIAYI,DOC-HFM-A000212,HFM-A000212,2,针灸甲乙经/论文/针灸甲乙经/433-浅析针刺神阙穴的可行性.pdf,3259526b0bf610a918a796cb6255beb009540761b38523f0adb47479e147829f,content-production/corpus/extracted-text/HFM-A000212_raw.txt,TEXT
JIAYI-PAGE-HFM-A000213-1,WORK-JIAYI,DOC-HFM-A000213,HFM-A000213,1,针灸甲乙经/论文/针灸甲乙经/434-下关穴的临床应用.pdf,138373828206db817378e5fa2c1342c4b1127384c54288964a3d829fcac907f1,content-production/corpus/extracted-text/HFM-A000213_raw.txt,TEXT
JIAYI-PAGE-HFM-A000213-2,WORK-JIAYI,DOC-HFM-A000213,HFM-A000213,2,针灸甲乙经/论文/针灸甲乙经/434-下关穴的临床应用.pdf,138373828206db817378e5fa2c1342c4b1127384c54288964a3d829fcac907f1,content-production/corpus/extracted-text/HFM-A000213_raw.txt,TEXT
JIAYI-PAGE-HFM-A000214-1,WORK-JIAYI,DOC-HFM-A000214,HFM-A000214,1,针灸甲乙经/论文/针灸甲乙经/435-手三里穴的临床应用.pdf,a84f70f4d0c93e70b2ff58bf63d3ff60adeb6b124af7472fbef2c7ccb7dfaf8e,content-production/corpus/extracted-text/HFM-A000214_raw.txt,TEXT
JIAYI-PAGE-HFM-A000214-2,WORK-JIAYI,DOC-HFM-A000214,HFM-A000214,2,针灸甲乙经/论文/针灸甲乙经/435-手三里穴的临床应用.pdf,a84f70f4d0c93e70b2ff58bf63d3ff60adeb6b124af7472fbef2c7ccb7dfaf8e,content-production/corpus/extracted-text/HFM-A000214_raw.txt,TEXT
JIAYI-PAGE-HFM-A000215-1,WORK-JIAYI,DOC-HFM-A000215,HFM-A000215,1,针灸甲乙经/论文/针灸甲乙经/437-针刺关元、曲骨、行间等穴对慢性非菌性前列腺炎大鼠TNF-α、IL-2的影响.pdf,ccd626328c4097ec0e8da1ce9239981f2a2d0959cae465436e3008fb56ffadc9,content-production/corpus/extracted-text/HFM-A000215_raw.txt,TEXT
JIAYI-PAGE-HFM-A000215-2,WORK-JIAYI,DOC-HFM-A000215,HFM-A000215,2,针灸甲乙经/论文/针灸甲乙经/437-针刺关元、曲骨、行间等穴对慢性非菌性前列腺炎大鼠TNF-α、IL-2的影响.pdf,ccd626328c4097ec0e8da1ce9239981f2a2d0959cae465436e3008fb56ffadc9,content-production/corpus/extracted-text/HFM-A000215_raw.txt,TEXT
JIAYI-PAGE-HFM-A000216-1,WORK-JIAYI,DOC-HFM-A000216,HFM-A000216,1,针灸甲乙经/论文/针灸甲乙经/438-肺俞穴的功效.pdf,b5a11068b28c80f5355548c00cd1a499dce3f9cdcc5d83d9400179abddae1ae0,content-production/corpus/extracted-text/HFM-A000216_raw.txt,TEXT
JIAYI-PAGE-HFM-A000217-1,WORK-JIAYI,DOC-HFM-A000217,HFM-A000217,1,针灸甲乙经/论文/针灸甲乙经/44-《针灸甲乙经》的理论框架探析.pdf,fd218d753b0bc09d6248e1f99b07f09c5b87a214e4565a260d17d5fabdd5e152,content-production/corpus/extracted-text/HFM-A000217_raw.txt,TEXT
JIAYI-PAGE-HFM-A000217-2,WORK-JIAYI,DOC-HFM-A000217,HFM-A000217,2,针灸甲乙经/论文/针灸甲乙经/44-《针灸甲乙经》的理论框架探析.pdf,fd218d753b0bc09d6248e1f99b07f09c5b87a214e4565a260d17d5fabdd5e152,content-production/corpus/extracted-text/HFM-A000217_raw.txt,TEXT
JIAYI-PAGE-HFM-A000218-1,WORK-JIAYI,DOC-HFM-A000218,HFM-A000218,1,针灸甲乙经/论文/针灸甲乙经/440-脱疽源流考略.pdf,bdb1b23edec2c71cdb84d95fe7a551ec0cc29efbbadb68fa69b53c3451ffec23,content-production/corpus/extracted-text/HFM-A000218_raw.txt,TEXT
JIAYI-PAGE-HFM-A000218-2,WORK-JIAYI,DOC-HFM-A000218,HFM-A000218,2,针灸甲乙经/论文/针灸甲乙经/440-脱疽源流考略.pdf,bdb1b23edec2c71cdb84d95fe7a551ec0cc29efbbadb68fa69b53c3451ffec23,content-production/corpus/extracted-text/HFM-A000218_raw.txt,TEXT
JIAYI-PAGE-HFM-A000218-3,WORK-JIAYI,DOC-HFM-A000218,HFM-A000218,3,针灸甲乙经/论文/针灸甲乙经/440-脱疽源流考略.pdf,bdb1b23edec2c71cdb84d95fe7a551ec0cc29efbbadb68fa69b53c3451ffec23,content-production/corpus/extracted-text/HFM-A000218_raw.txt,TEXT
JIAYI-PAGE-HFM-A000218-4,WORK-JIAYI,DOC-HFM-A000218,HFM-A000218,4,针灸甲乙经/论文/针灸甲乙经/440-脱疽源流考略.pdf,bdb1b23edec2c71cdb84d95fe7a551ec0cc29efbbadb68fa69b53c3451ffec23,content-production/corpus/extracted-text/HFM-A000218_raw.txt,TEXT
JIAYI-PAGE-HFM-A000218-5,WORK-JIAYI,DOC-HFM-A000218,HFM-A000218,5,针灸甲乙经/论文/针灸甲乙经/440-脱疽源流考略.pdf,bdb1b23edec2c71cdb84d95fe7a551ec0cc29efbbadb68fa69b53c3451ffec23,content-production/corpus/extracted-text/HFM-A000218_raw.txt,TEXT
JIAYI-PAGE-HFM-A000219-1,WORK-JIAYI,DOC-HFM-A000219,HFM-A000219,1,针灸甲乙经/论文/针灸甲乙经/441-基于古代文献浅析手少阴心经与手厥阴心包经的联系.pdf,f483f4f8898e6fe6d022cea90555f90300db74923fdeca29611fc49f123e73c0,content-production/corpus/extracted-text/HFM-A000219_raw.txt,TEXT
JIAYI-PAGE-HFM-A000219-2,WORK-JIAYI,DOC-HFM-A000219,HFM-A000219,2,针灸甲乙经/论文/针灸甲乙经/441-基于古代文献浅析手少阴心经与手厥阴心包经的联系.pdf,f483f4f8898e6fe6d022cea90555f90300db74923fdeca29611fc49f123e73c0,content-production/corpus/extracted-text/HFM-A000219_raw.txt,TEXT
JIAYI-PAGE-HFM-A000219-3,WORK-JIAYI,DOC-HFM-A000219,HFM-A000219,3,针灸甲乙经/论文/针灸甲乙经/441-基于古代文献浅析手少阴心经与手厥阴心包经的联系.pdf,f483f4f8898e6fe6d022cea90555f90300db74923fdeca29611fc49f123e73c0,content-production/corpus/extracted-text/HFM-A000219_raw.txt,TEXT
JIAYI-PAGE-HFM-A000219-4,WORK-JIAYI,DOC-HFM-A000219,HFM-A000219,4,针灸甲乙经/论文/针灸甲乙经/441-基于古代文献浅析手少阴心经与手厥阴心包经的联系.pdf,f483f4f8898e6fe6d022cea90555f90300db74923fdeca29611fc49f123e73c0,content-production/corpus/extracted-text/HFM-A000219_raw.txt,TEXT
JIAYI-PAGE-HFM-A000219-5,WORK-JIAYI,DOC-HFM-A000219,HFM-A000219,5,针灸甲乙经/论文/针灸甲乙经/441-基于古代文献浅析手少阴心经与手厥阴心包经的联系.pdf,f483f4f8898e6fe6d022cea90555f90300db74923fdeca29611fc49f123e73c0,content-production/corpus/extracted-text/HFM-A000219_raw.txt,TEXT
JIAYI-PAGE-HFM-A000220-1,WORK-JIAYI,DOC-HFM-A000220,HFM-A000220,1,针灸甲乙经/论文/针灸甲乙经/442-《医心方》引《诸病源候论》同义替换现象举隅.pdf,e074487340bf6e0e25e8f286880105a5f780769ed97d482c7f3e40b09a7e0b20,content-production/corpus/extracted-text/HFM-A000220_raw.txt,TEXT
JIAYI-PAGE-HFM-A000220-2,WORK-JIAYI,DOC-HFM-A000220,HFM-A000220,2,针灸甲乙经/论文/针灸甲乙经/442-《医心方》引《诸病源候论》同义替换现象举隅.pdf,e074487340bf6e0e25e8f286880105a5f780769ed97d482c7f3e40b09a7e0b20,content-production/corpus/extracted-text/HFM-A000220_raw.txt,TEXT
JIAYI-PAGE-HFM-A000220-3,WORK-JIAYI,DOC-HFM-A000220,HFM-A000220,3,针灸甲乙经/论文/针灸甲乙经/442-《医心方》引《诸病源候论》同义替换现象举隅.pdf,e074487340bf6e0e25e8f286880105a5f780769ed97d482c7f3e40b09a7e0b20,content-production/corpus/extracted-text/HFM-A000220_raw.txt,TEXT
JIAYI-PAGE-HFM-A000220-4,WORK-JIAYI,DOC-HFM-A000220,HFM-A000220,4,针灸甲乙经/论文/针灸甲乙经/442-《医心方》引《诸病源候论》同义替换现象举隅.pdf,e074487340bf6e0e25e8f286880105a5f780769ed97d482c7f3e40b09a7e0b20,content-production/corpus/extracted-text/HFM-A000220_raw.txt,TEXT
JIAYI-PAGE-HFM-A000220-5,WORK-JIAYI,DOC-HFM-A000220,HFM-A000220,5,针灸甲乙经/论文/针灸甲乙经/442-《医心方》引《诸病源候论》同义替换现象举隅.pdf,e074487340bf6e0e25e8f286880105a5f780769ed97d482c7f3e40b09a7e0b20,content-production/corpus/extracted-text/HFM-A000220_raw.txt,TEXT
JIAYI-PAGE-HFM-A000220-6,WORK-JIAYI,DOC-HFM-A000220,HFM-A000220,6,针灸甲乙经/论文/针灸甲乙经/442-《医心方》引《诸病源候论》同义替换现象举隅.pdf,e074487340bf6e0e25e8f286880105a5f780769ed97d482c7f3e40b09a7e0b20,content-production/corpus/extracted-text/HFM-A000220_raw.txt,TEXT
JIAYI-PAGE-HFM-A000220-7,WORK-JIAYI,DOC-HFM-A000220,HFM-A000220,7,针灸甲乙经/论文/针灸甲乙经/442-《医心方》引《诸病源候论》同义替换现象举隅.pdf,e074487340bf6e0e25e8f286880105a5f780769ed97d482c7f3e40b09a7e0b20,content-production/corpus/extracted-text/HFM-A000220_raw.txt,TEXT
JIAYI-PAGE-HFM-A000220-8,WORK-JIAYI,DOC-HFM-A000220,HFM-A000220,8,针灸甲乙经/论文/针灸甲乙经/442-《医心方》引《诸病源候论》同义替换现象举隅.pdf,e074487340bf6e0e25e8f286880105a5f780769ed97d482c7f3e40b09a7e0b20,content-production/corpus/extracted-text/HFM-A000220_raw.txt,TEXT
JIAYI-PAGE-HFM-A000221-1,WORK-JIAYI,DOC-HFM-A000221,HFM-A000221,1,针灸甲乙经/论文/针灸甲乙经/443-浅谈涌泉穴的主治病证.pdf,b5d56e59a8de9a64055abd646332f446ecca13999a2ef7386d576469844f5671,content-production/corpus/extracted-text/HFM-A000221_raw.txt,TEXT
JIAYI-PAGE-HFM-A000221-2,WORK-JIAYI,DOC-HFM-A000221,HFM-A000221,2,针灸甲乙经/论文/针灸甲乙经/443-浅谈涌泉穴的主治病证.pdf,b5d56e59a8de9a64055abd646332f446ecca13999a2ef7386d576469844f5671,content-production/corpus/extracted-text/HFM-A000221_raw.txt,TEXT
JIAYI-PAGE-HFM-A000222-1,WORK-JIAYI,DOC-HFM-A000222,HFM-A000222,1,针灸甲乙经/论文/针灸甲乙经/444-对少数经穴定位不一之商榷.pdf,a77b5e221da7212b7bb3c544cd5af1b280a330e27c44493c58b73e17065ede64,content-production/corpus/extracted-text/HFM-A000222_raw.txt,TEXT
JIAYI-PAGE-HFM-A000222-2,WORK-JIAYI,DOC-HFM-A000222,HFM-A000222,2,针灸甲乙经/论文/针灸甲乙经/444-对少数经穴定位不一之商榷.pdf,a77b5e221da7212b7bb3c544cd5af1b280a330e27c44493c58b73e17065ede64,content-production/corpus/extracted-text/HFM-A000222_raw.txt,TEXT
JIAYI-PAGE-HFM-A000223-1,WORK-JIAYI,DOC-HFM-A000223,HFM-A000223,1,针灸甲乙经/论文/针灸甲乙经/445-_心胀_探析.pdf,1c2a098a1ec6fb3a54ffd205bae62fc7a95087a04845418e0b8750788941eaaf,content-production/corpus/extracted-text/HFM-A000223_raw.txt,TEXT
JIAYI-PAGE-HFM-A000223-2,WORK-JIAYI,DOC-HFM-A000223,HFM-A000223,2,针灸甲乙经/论文/针灸甲乙经/445-_心胀_探析.pdf,1c2a098a1ec6fb3a54ffd205bae62fc7a95087a04845418e0b8750788941eaaf,content-production/corpus/extracted-text/HFM-A000223_raw.txt,TEXT
JIAYI-PAGE-HFM-A000223-3,WORK-JIAYI,DOC-HFM-A000223,HFM-A000223,3,针灸甲乙经/论文/针灸甲乙经/445-_心胀_探析.pdf,1c2a098a1ec6fb3a54ffd205bae62fc7a95087a04845418e0b8750788941eaaf,content-production/corpus/extracted-text/HFM-A000223_raw.txt,TEXT
JIAYI-PAGE-HFM-A000223-4,WORK-JIAYI,DOC-HFM-A000223,HFM-A000223,4,针灸甲乙经/论文/针灸甲乙经/445-_心胀_探析.pdf,1c2a098a1ec6fb3a54ffd205bae62fc7a95087a04845418e0b8750788941eaaf,content-production/corpus/extracted-text/HFM-A000223_raw.txt,TEXT
JIAYI-PAGE-HFM-A000224-1,WORK-JIAYI,DOC-HFM-A000224,HFM-A000224,1,针灸甲乙经/论文/针灸甲乙经/446-针刺神门穴对心脏功能影响研究进展.pdf,c18e781c698b01269a4f1b13e75d9032d5aecba782aaabb3e30da67b3cb7edaf,content-production/corpus/extracted-text/HFM-A000224_raw.txt,TEXT
JIAYI-PAGE-HFM-A000224-2,WORK-JIAYI,DOC-HFM-A000224,HFM-A000224,2,针灸甲乙经/论文/针灸甲乙经/446-针刺神门穴对心脏功能影响研究进展.pdf,c18e781c698b01269a4f1b13e75d9032d5aecba782aaabb3e30da67b3cb7edaf,content-production/corpus/extracted-text/HFM-A000224_raw.txt,TEXT
JIAYI-PAGE-HFM-A000225-1,WORK-JIAYI,DOC-HFM-A000225,HFM-A000225,1,针灸甲乙经/论文/针灸甲乙经/447-基于经典文献整理的针刺治疗腰痛选穴研究.pdf,ef5589a0a41eccecfabbd09a2ebced6f90cb451abbc9eee18e4bbb5e6e361101,content-production/corpus/extracted-text/HFM-A000225_raw.txt,TEXT
JIAYI-PAGE-HFM-A000225-2,WORK-JIAYI,DOC-HFM-A000225,HFM-A000225,2,针灸甲乙经/论文/针灸甲乙经/447-基于经典文献整理的针刺治疗腰痛选穴研究.pdf,ef5589a0a41eccecfabbd09a2ebced6f90cb451abbc9eee18e4bbb5e6e361101,content-production/corpus/extracted-text/HFM-A000225_raw.txt,TEXT
JIAYI-PAGE-HFM-A000226-1,WORK-JIAYI,DOC-HFM-A000226,HFM-A000226,1,针灸甲乙经/论文/针灸甲乙经/448-关于_穴位_一词英文翻译的看法.pdf,fa9eb5cf409f6eb1ebd8d99171bd597c217e74cc80ddc21f33de06c274dde7d0,content-production/corpus/extracted-text/HFM-A000226_raw.txt,TEXT
JIAYI-PAGE-HFM-A000227-1,WORK-JIAYI,DOC-HFM-A000227,HFM-A000227,1,针灸甲乙经/论文/针灸甲乙经/449-基于文献研究的肾性水肿思路探析.pdf,ae59c9e5f772e8e00cf2ee555af736f81f25d3bd7537fba374a60161a88f6b26,content-production/corpus/extracted-text/HFM-A000227_raw.txt,TEXT
JIAYI-PAGE-HFM-A000227-2,WORK-JIAYI,DOC-HFM-A000227,HFM-A000227,2,针灸甲乙经/论文/针灸甲乙经/449-基于文献研究的肾性水肿思路探析.pdf,ae59c9e5f772e8e00cf2ee555af736f81f25d3bd7537fba374a60161a88f6b26,content-production/corpus/extracted-text/HFM-A000227_raw.txt,TEXT
JIAYI-PAGE-HFM-A000227-3,WORK-JIAYI,DOC-HFM-A000227,HFM-A000227,3,针灸甲乙经/论文/针灸甲乙经/449-基于文献研究的肾性水肿思路探析.pdf,ae59c9e5f772e8e00cf2ee555af736f81f25d3bd7537fba374a60161a88f6b26,content-production/corpus/extracted-text/HFM-A000227_raw.txt,TEXT
JIAYI-PAGE-HFM-A000227-4,WORK-JIAYI,DOC-HFM-A000227,HFM-A000227,4,针灸甲乙经/论文/针灸甲乙经/449-基于文献研究的肾性水肿思路探析.pdf,ae59c9e5f772e8e00cf2ee555af736f81f25d3bd7537fba374a60161a88f6b26,content-production/corpus/extracted-text/HFM-A000227_raw.txt,TEXT
JIAYI-PAGE-HFM-A000228-1,WORK-JIAYI,DOC-HFM-A000228,HFM-A000228,1,针灸甲乙经/论文/针灸甲乙经/45-浅论《针灸甲乙经》对特定穴的贡献.pdf,c835077707146b6563bd155f9bdd0640123d068d0e12ee7072e20822dbccf663,content-production/corpus/extracted-text/HFM-A000228_raw.txt,TEXT
JIAYI-PAGE-HFM-A000228-2,WORK-JIAYI,DOC-HFM-A000228,HFM-A000228,2,针灸甲乙经/论文/针灸甲乙经/45-浅论《针灸甲乙经》对特定穴的贡献.pdf,c835077707146b6563bd155f9bdd0640123d068d0e12ee7072e20822dbccf663,content-production/corpus/extracted-text/HFM-A000228_raw.txt,TEXT
JIAYI-PAGE-HFM-A000229-1,WORK-JIAYI,DOC-HFM-A000229,HFM-A000229,1,针灸甲乙经/论文/针灸甲乙经/450-试论腧穴体内属性.pdf,1e0f87be3b703f963136870e0164fe1bea4f47449587043a52e2f7139df48b24,content-production/corpus/extracted-text/HFM-A000229_raw.txt,TEXT
JIAYI-PAGE-HFM-A000229-2,WORK-JIAYI,DOC-HFM-A000229,HFM-A000229,2,针灸甲乙经/论文/针灸甲乙经/450-试论腧穴体内属性.pdf,1e0f87be3b703f963136870e0164fe1bea4f47449587043a52e2f7139df48b24,content-production/corpus/extracted-text/HFM-A000229_raw.txt,TEXT
JIAYI-PAGE-HFM-A000229-3,WORK-JIAYI,DOC-HFM-A000229,HFM-A000229,3,针灸甲乙经/论文/针灸甲乙经/450-试论腧穴体内属性.pdf,1e0f87be3b703f963136870e0164fe1bea4f47449587043a52e2f7139df48b24,content-production/corpus/extracted-text/HFM-A000229_raw.txt,TEXT
JIAYI-PAGE-HFM-A000229-4,WORK-JIAYI,DOC-HFM-A000229,HFM-A000229,4,针灸甲乙经/论文/针灸甲乙经/450-试论腧穴体内属性.pdf,1e0f87be3b703f963136870e0164fe1bea4f47449587043a52e2f7139df48b24,content-production/corpus/extracted-text/HFM-A000229_raw.txt,TEXT
JIAYI-PAGE-HFM-A000230-1,WORK-JIAYI,DOC-HFM-A000230,HFM-A000230,1,针灸甲乙经/论文/针灸甲乙经/451-手三里.pdf,ce30451110b92b91fd89c8df93e624c3eae6af437f8cd572603775276a28730f,content-production/corpus/extracted-text/HFM-A000230_raw.txt,TEXT
JIAYI-PAGE-HFM-A000231-1,WORK-JIAYI,DOC-HFM-A000231,HFM-A000231,1,针灸甲乙经/论文/针灸甲乙经/452-少海穴.pdf,99c5e360728ad58ac5e148de06a024ba6011c21ea436bf6b1f76d52c60d6fb16,content-production/corpus/extracted-text/HFM-A000231_raw.txt,TEXT
JIAYI-PAGE-HFM-A000232-1,WORK-JIAYI,DOC-HFM-A000232,HFM-A000232,1,针灸甲乙经/论文/针灸甲乙经/457-柳氏广意派小儿推拿辨证施治小儿脑瘫.pdf,fbb48fac336c9964ea0411a892c460b7ea43f56040e6b3774ab6d586cbe4ae4e,content-production/corpus/extracted-text/HFM-A000232_raw.txt,TEXT
JIAYI-PAGE-HFM-A000232-2,WORK-JIAYI,DOC-HFM-A000232,HFM-A000232,2,针灸甲乙经/论文/针灸甲乙经/457-柳氏广意派小儿推拿辨证施治小儿脑瘫.pdf,fbb48fac336c9964ea0411a892c460b7ea43f56040e6b3774ab6d586cbe4ae4e,content-production/corpus/extracted-text/HFM-A000232_raw.txt,TEXT
JIAYI-PAGE-HFM-A000232-3,WORK-JIAYI,DOC-HFM-A000232,HFM-A000232,3,针灸甲乙经/论文/针灸甲乙经/457-柳氏广意派小儿推拿辨证施治小儿脑瘫.pdf,fbb48fac336c9964ea0411a892c460b7ea43f56040e6b3774ab6d586cbe4ae4e,content-production/corpus/extracted-text/HFM-A000232_raw.txt,TEXT
JIAYI-PAGE-HFM-A000232-4,WORK-JIAYI,DOC-HFM-A000232,HFM-A000232,4,针灸甲乙经/论文/针灸甲乙经/457-柳氏广意派小儿推拿辨证施治小儿脑瘫.pdf,fbb48fac336c9964ea0411a892c460b7ea43f56040e6b3774ab6d586cbe4ae4e,content-production/corpus/extracted-text/HFM-A000232_raw.txt,TEXT
JIAYI-PAGE-HFM-A000232-5,WORK-JIAYI,DOC-HFM-A000232,HFM-A000232,5,针灸甲乙经/论文/针灸甲乙经/457-柳氏广意派小儿推拿辨证施治小儿脑瘫.pdf,fbb48fac336c9964ea0411a892c460b7ea43f56040e6b3774ab6d586cbe4ae4e,content-production/corpus/extracted-text/HFM-A000232_raw.txt,TEXT
JIAYI-PAGE-HFM-A000233-1,WORK-JIAYI,DOC-HFM-A000233,HFM-A000233,1,针灸甲乙经/论文/针灸甲乙经/458-(譩)(譆)穴古代文献研究.pdf,01a28d07731f6c09ca2b75f00117f1a94c0aa87ae596f6b3e3b75d783b913257,content-production/batches/B02/extracted-text/HFM-A000233_raw.txt,TEXT
JIAYI-PAGE-HFM-A000233-2,WORK-JIAYI,DOC-HFM-A000233,HFM-A000233,2,针灸甲乙经/论文/针灸甲乙经/458-(譩)(譆)穴古代文献研究.pdf,01a28d07731f6c09ca2b75f00117f1a94c0aa87ae596f6b3e3b75d783b913257,content-production/batches/B02/extracted-text/HFM-A000233_raw.txt,TEXT
JIAYI-PAGE-HFM-A000233-3,WORK-JIAYI,DOC-HFM-A000233,HFM-A000233,3,针灸甲乙经/论文/针灸甲乙经/458-(譩)(譆)穴古代文献研究.pdf,01a28d07731f6c09ca2b75f00117f1a94c0aa87ae596f6b3e3b75d783b913257,content-production/batches/B02/extracted-text/HFM-A000233_raw.txt,TEXT
JIAYI-PAGE-HFM-A000234-1,WORK-JIAYI,DOC-HFM-A000234,HFM-A000234,1,针灸甲乙经/论文/针灸甲乙经/459-八髎穴的临床运用.pdf,cf23d3f5e25959b566ea46c88f126145eaa09a5ad9cc169b8611e09cf06c265c,content-production/corpus/extracted-text/HFM-A000234_raw.txt,TEXT
JIAYI-PAGE-HFM-A000235-1,WORK-JIAYI,DOC-HFM-A000235,HFM-A000235,1,针灸甲乙经/论文/针灸甲乙经/46-《针灸甲乙经》的针灸理论框架分析.pdf,9849da340c897c293ae2d6f65f9285471c1bd59e5820bd768d7a0c233c1ee132,content-production/corpus/extracted-text/HFM-A000235_raw.txt,TEXT
JIAYI-PAGE-HFM-A000235-2,WORK-JIAYI,DOC-HFM-A000235,HFM-A000235,2,针灸甲乙经/论文/针灸甲乙经/46-《针灸甲乙经》的针灸理论框架分析.pdf,9849da340c897c293ae2d6f65f9285471c1bd59e5820bd768d7a0c233c1ee132,content-production/corpus/extracted-text/HFM-A000235_raw.txt,TEXT
JIAYI-PAGE-HFM-A000236-1,WORK-JIAYI,DOC-HFM-A000236,HFM-A000236,1,针灸甲乙经/论文/针灸甲乙经/460-灸疮_考辩.pdf,45388c75ce46c67c30fff9ac41cbff5a84dbf73f5dfbafced3e9701c79071664,content-production/corpus/extracted-text/HFM-A000236_raw.txt,TEXT
JIAYI-PAGE-HFM-A000236-2,WORK-JIAYI,DOC-HFM-A000236,HFM-A000236,2,针灸甲乙经/论文/针灸甲乙经/460-灸疮_考辩.pdf,45388c75ce46c67c30fff9ac41cbff5a84dbf73f5dfbafced3e9701c79071664,content-production/corpus/extracted-text/HFM-A000236_raw.txt,TEXT
JIAYI-PAGE-HFM-A000236-3,WORK-JIAYI,DOC-HFM-A000236,HFM-A000236,3,针灸甲乙经/论文/针灸甲乙经/460-灸疮_考辩.pdf,45388c75ce46c67c30fff9ac41cbff5a84dbf73f5dfbafced3e9701c79071664,content-production/corpus/extracted-text/HFM-A000236_raw.txt,TEXT
JIAYI-PAGE-HFM-A000236-4,WORK-JIAYI,DOC-HFM-A000236,HFM-A000236,4,针灸甲乙经/论文/针灸甲乙经/460-灸疮_考辩.pdf,45388c75ce46c67c30fff9ac41cbff5a84dbf73f5dfbafced3e9701c79071664,content-production/corpus/extracted-text/HFM-A000236_raw.txt,TEXT
JIAYI-PAGE-HFM-A000236-5,WORK-JIAYI,DOC-HFM-A000236,HFM-A000236,5,针灸甲乙经/论文/针灸甲乙经/460-灸疮_考辩.pdf,45388c75ce46c67c30fff9ac41cbff5a84dbf73f5dfbafced3e9701c79071664,content-production/corpus/extracted-text/HFM-A000236_raw.txt,TEXT
JIAYI-PAGE-HFM-A000237-1,WORK-JIAYI,DOC-HFM-A000237,HFM-A000237,1,针灸甲乙经/论文/针灸甲乙经/461-沈彤《释骨》考略.pdf,470b06969c9aa497d9b8a1564d52f62be4b984eb94a92de9bfa9b761d83ec622,content-production/corpus/extracted-text/HFM-A000237_raw.txt,TEXT
JIAYI-PAGE-HFM-A000237-2,WORK-JIAYI,DOC-HFM-A000237,HFM-A000237,2,针灸甲乙经/论文/针灸甲乙经/461-沈彤《释骨》考略.pdf,470b06969c9aa497d9b8a1564d52f62be4b984eb94a92de9bfa9b761d83ec622,content-production/corpus/extracted-text/HFM-A000237_raw.txt,TEXT
JIAYI-PAGE-HFM-A000237-3,WORK-JIAYI,DOC-HFM-A000237,HFM-A000237,3,针灸甲乙经/论文/针灸甲乙经/461-沈彤《释骨》考略.pdf,470b06969c9aa497d9b8a1564d52f62be4b984eb94a92de9bfa9b761d83ec622,content-production/corpus/extracted-text/HFM-A000237_raw.txt,TEXT
JIAYI-PAGE-HFM-A000237-4,WORK-JIAYI,DOC-HFM-A000237,HFM-A000237,4,针灸甲乙经/论文/针灸甲乙经/461-沈彤《释骨》考略.pdf,470b06969c9aa497d9b8a1564d52f62be4b984eb94a92de9bfa9b761d83ec622,content-production/corpus/extracted-text/HFM-A000237_raw.txt,TEXT
JIAYI-PAGE-HFM-A000237-5,WORK-JIAYI,DOC-HFM-A000237,HFM-A000237,5,针灸甲乙经/论文/针灸甲乙经/461-沈彤《释骨》考略.pdf,470b06969c9aa497d9b8a1564d52f62be4b984eb94a92de9bfa9b761d83ec622,content-production/corpus/extracted-text/HFM-A000237_raw.txt,TEXT
JIAYI-PAGE-HFM-A000237-6,WORK-JIAYI,DOC-HFM-A000237,HFM-A000237,6,针灸甲乙经/论文/针灸甲乙经/461-沈彤《释骨》考略.pdf,470b06969c9aa497d9b8a1564d52f62be4b984eb94a92de9bfa9b761d83ec622,content-production/corpus/extracted-text/HFM-A000237_raw.txt,TEXT
JIAYI-PAGE-HFM-A000238-1,WORK-JIAYI,DOC-HFM-A000238,HFM-A000238,1,针灸甲乙经/论文/针灸甲乙经/465-志室穴在蜂针中的应用.pdf,4973d024176f01ae003471aff2be429b34ef952552c19546cec04e45f44c81ae,content-production/corpus/extracted-text/HFM-A000238_raw.txt,TEXT
JIAYI-PAGE-HFM-A000238-2,WORK-JIAYI,DOC-HFM-A000238,HFM-A000238,2,针灸甲乙经/论文/针灸甲乙经/465-志室穴在蜂针中的应用.pdf,4973d024176f01ae003471aff2be429b34ef952552c19546cec04e45f44c81ae,content-production/corpus/extracted-text/HFM-A000238_raw.txt,TEXT
JIAYI-PAGE-HFM-A000239-1,WORK-JIAYI,DOC-HFM-A000239,HFM-A000239,1,针灸甲乙经/论文/针灸甲乙经/466-《黄帝内经》三阴三阳关阖枢说新论.pdf,2aa599b561a89d8525cd669276e3ab6a05b9a0d8e8f308fc54fd6db84737611a,content-production/corpus/extracted-text/HFM-A000239_raw.txt,TEXT
JIAYI-PAGE-HFM-A000239-2,WORK-JIAYI,DOC-HFM-A000239,HFM-A000239,2,针灸甲乙经/论文/针灸甲乙经/466-《黄帝内经》三阴三阳关阖枢说新论.pdf,2aa599b561a89d8525cd669276e3ab6a05b9a0d8e8f308fc54fd6db84737611a,content-production/corpus/extracted-text/HFM-A000239_raw.txt,TEXT
JIAYI-PAGE-HFM-A000239-3,WORK-JIAYI,DOC-HFM-A000239,HFM-A000239,3,针灸甲乙经/论文/针灸甲乙经/466-《黄帝内经》三阴三阳关阖枢说新论.pdf,2aa599b561a89d8525cd669276e3ab6a05b9a0d8e8f308fc54fd6db84737611a,content-production/corpus/extracted-text/HFM-A000239_raw.txt,TEXT
JIAYI-PAGE-HFM-A000240-1,WORK-JIAYI,DOC-HFM-A000240,HFM-A000240,1,针灸甲乙经/论文/针灸甲乙经/467-上星穴穴性及临床应用.pdf,20fc538093df16851b10735f9616af4bb342d4d914aa97ed9b2eed2f124876f0,content-production/corpus/extracted-text/HFM-A000240_raw.txt,TEXT
JIAYI-PAGE-HFM-A000240-2,WORK-JIAYI,DOC-HFM-A000240,HFM-A000240,2,针灸甲乙经/论文/针灸甲乙经/467-上星穴穴性及临床应用.pdf,20fc538093df16851b10735f9616af4bb342d4d914aa97ed9b2eed2f124876f0,content-production/corpus/extracted-text/HFM-A000240_raw.txt,TEXT
JIAYI-PAGE-HFM-A000240-3,WORK-JIAYI,DOC-HFM-A000240,HFM-A000240,3,针灸甲乙经/论文/针灸甲乙经/467-上星穴穴性及临床应用.pdf,20fc538093df16851b10735f9616af4bb342d4d914aa97ed9b2eed2f124876f0,content-production/corpus/extracted-text/HFM-A000240_raw.txt,TEXT
JIAYI-PAGE-HFM-A000241-1,WORK-JIAYI,DOC-HFM-A000241,HFM-A000241,1,针灸甲乙经/论文/针灸甲乙经/468-素髎穴的现代临床应用及研究.pdf,323a03335e40c0989100664118fca9fce2bb786f2df7d80fea8f4b44f9264add,content-production/corpus/extracted-text/HFM-A000241_raw.txt,TEXT
JIAYI-PAGE-HFM-A000241-2,WORK-JIAYI,DOC-HFM-A000241,HFM-A000241,2,针灸甲乙经/论文/针灸甲乙经/468-素髎穴的现代临床应用及研究.pdf,323a03335e40c0989100664118fca9fce2bb786f2df7d80fea8f4b44f9264add,content-production/corpus/extracted-text/HFM-A000241_raw.txt,TEXT
JIAYI-PAGE-HFM-A000241-3,WORK-JIAYI,DOC-HFM-A000241,HFM-A000241,3,针灸甲乙经/论文/针灸甲乙经/468-素髎穴的现代临床应用及研究.pdf,323a03335e40c0989100664118fca9fce2bb786f2df7d80fea8f4b44f9264add,content-production/corpus/extracted-text/HFM-A000241_raw.txt,TEXT
JIAYI-PAGE-HFM-A000241-4,WORK-JIAYI,DOC-HFM-A000241,HFM-A000241,4,针灸甲乙经/论文/针灸甲乙经/468-素髎穴的现代临床应用及研究.pdf,323a03335e40c0989100664118fca9fce2bb786f2df7d80fea8f4b44f9264add,content-production/corpus/extracted-text/HFM-A000241_raw.txt,TEXT
JIAYI-PAGE-HFM-A000242-1,WORK-JIAYI,DOC-HFM-A000242,HFM-A000242,1,针灸甲乙经/论文/针灸甲乙经/469-腕踝上三寸内外侧各有一个三经交会穴.pdf,a71c9a78abd2b6c9758ef4f8f203827aa18db91d075e6a87daeddb192a5ce124,content-production/corpus/extracted-text/HFM-A000242_raw.txt,TEXT
JIAYI-PAGE-HFM-A000242-2,WORK-JIAYI,DOC-HFM-A000242,HFM-A000242,2,针灸甲乙经/论文/针灸甲乙经/469-腕踝上三寸内外侧各有一个三经交会穴.pdf,a71c9a78abd2b6c9758ef4f8f203827aa18db91d075e6a87daeddb192a5ce124,content-production/corpus/extracted-text/HFM-A000242_raw.txt,TEXT
JIAYI-PAGE-HFM-A000242-3,WORK-JIAYI,DOC-HFM-A000242,HFM-A000242,3,针灸甲乙经/论文/针灸甲乙经/469-腕踝上三寸内外侧各有一个三经交会穴.pdf,a71c9a78abd2b6c9758ef4f8f203827aa18db91d075e6a87daeddb192a5ce124,content-production/corpus/extracted-text/HFM-A000242_raw.txt,TEXT
JIAYI-PAGE-HFM-A000242-4,WORK-JIAYI,DOC-HFM-A000242,HFM-A000242,4,针灸甲乙经/论文/针灸甲乙经/469-腕踝上三寸内外侧各有一个三经交会穴.pdf,a71c9a78abd2b6c9758ef4f8f203827aa18db91d075e6a87daeddb192a5ce124,content-production/corpus/extracted-text/HFM-A000242_raw.txt,TEXT
JIAYI-PAGE-HFM-A000243-1,WORK-JIAYI,DOC-HFM-A000243,HFM-A000243,1,针灸甲乙经/论文/针灸甲乙经/47-论《针灸甲乙经》配穴方法对后世的影响.pdf,a1a2d855fe2144a5b80755d2c5e0e738e7253242a7c0be777c3f14f38c5576cb,content-production/corpus/extracted-text/HFM-A000243_raw.txt,TEXT
JIAYI-PAGE-HFM-A000243-2,WORK-JIAYI,DOC-HFM-A000243,HFM-A000243,2,针灸甲乙经/论文/针灸甲乙经/47-论《针灸甲乙经》配穴方法对后世的影响.pdf,a1a2d855fe2144a5b80755d2c5e0e738e7253242a7c0be777c3f14f38c5576cb,content-production/corpus/extracted-text/HFM-A000243_raw.txt,TEXT
JIAYI-PAGE-HFM-A000243-3,WORK-JIAYI,DOC-HFM-A000243,HFM-A000243,3,针灸甲乙经/论文/针灸甲乙经/47-论《针灸甲乙经》配穴方法对后世的影响.pdf,a1a2d855fe2144a5b80755d2c5e0e738e7253242a7c0be777c3f14f38c5576cb,content-production/corpus/extracted-text/HFM-A000243_raw.txt,TEXT
JIAYI-PAGE-HFM-A000243-4,WORK-JIAYI,DOC-HFM-A000243,HFM-A000243,4,针灸甲乙经/论文/针灸甲乙经/47-论《针灸甲乙经》配穴方法对后世的影响.pdf,a1a2d855fe2144a5b80755d2c5e0e738e7253242a7c0be777c3f14f38c5576cb,content-production/corpus/extracted-text/HFM-A000243_raw.txt,TEXT
JIAYI-PAGE-HFM-A000244-1,WORK-JIAYI,DOC-HFM-A000244,HFM-A000244,1,针灸甲乙经/论文/针灸甲乙经/470-百会穴_顶中央旋毛中_考释.pdf,70b5bf1a7265e33fb7786c240fe037222c3293a84df0b1c9e67b2654bd386a18,content-production/corpus/extracted-text/HFM-A000244_raw.txt,TEXT
JIAYI-PAGE-HFM-A000244-2,WORK-JIAYI,DOC-HFM-A000244,HFM-A000244,2,针灸甲乙经/论文/针灸甲乙经/470-百会穴_顶中央旋毛中_考释.pdf,70b5bf1a7265e33fb7786c240fe037222c3293a84df0b1c9e67b2654bd386a18,content-production/corpus/extracted-text/HFM-A000244_raw.txt,TEXT
JIAYI-PAGE-HFM-A000244-3,WORK-JIAYI,DOC-HFM-A000244,HFM-A000244,3,针灸甲乙经/论文/针灸甲乙经/470-百会穴_顶中央旋毛中_考释.pdf,70b5bf1a7265e33fb7786c240fe037222c3293a84df0b1c9e67b2654bd386a18,content-production/corpus/extracted-text/HFM-A000244_raw.txt,TEXT
JIAYI-PAGE-HFM-A000245-1,WORK-JIAYI,DOC-HFM-A000245,HFM-A000245,1,针灸甲乙经/论文/针灸甲乙经/471-试论胸部经穴命名与古代建筑的关系.pdf,03ebe979dca7ac48e9e0336efe67ea11fa39e953a9ddbafd845ccc152f771c9b,content-production/corpus/extracted-text/HFM-A000245_raw.txt,TEXT
JIAYI-PAGE-HFM-A000245-2,WORK-JIAYI,DOC-HFM-A000245,HFM-A000245,2,针灸甲乙经/论文/针灸甲乙经/471-试论胸部经穴命名与古代建筑的关系.pdf,03ebe979dca7ac48e9e0336efe67ea11fa39e953a9ddbafd845ccc152f771c9b,content-production/corpus/extracted-text/HFM-A000245_raw.txt,TEXT
JIAYI-PAGE-HFM-A000245-3,WORK-JIAYI,DOC-HFM-A000245,HFM-A000245,3,针灸甲乙经/论文/针灸甲乙经/471-试论胸部经穴命名与古代建筑的关系.pdf,03ebe979dca7ac48e9e0336efe67ea11fa39e953a9ddbafd845ccc152f771c9b,content-production/corpus/extracted-text/HFM-A000245_raw.txt,TEXT
JIAYI-PAGE-HFM-A000245-4,WORK-JIAYI,DOC-HFM-A000245,HFM-A000245,4,针灸甲乙经/论文/针灸甲乙经/471-试论胸部经穴命名与古代建筑的关系.pdf,03ebe979dca7ac48e9e0336efe67ea11fa39e953a9ddbafd845ccc152f771c9b,content-production/corpus/extracted-text/HFM-A000245_raw.txt,TEXT
JIAYI-PAGE-HFM-A000245-5,WORK-JIAYI,DOC-HFM-A000245,HFM-A000245,5,针灸甲乙经/论文/针灸甲乙经/471-试论胸部经穴命名与古代建筑的关系.pdf,03ebe979dca7ac48e9e0336efe67ea11fa39e953a9ddbafd845ccc152f771c9b,content-production/corpus/extracted-text/HFM-A000245_raw.txt,TEXT
JIAYI-PAGE-HFM-A000246-1,WORK-JIAYI,DOC-HFM-A000246,HFM-A000246,1,针灸甲乙经/论文/针灸甲乙经/472-瓜蒌不同入药部位的药用价值及临床应用.pdf,823228afa4be9a6eb4622a16eb7ba06940f483262c1d54b34dfe636d7f49c68d,content-production/corpus/extracted-text/HFM-A000246_raw.txt,TEXT
JIAYI-PAGE-HFM-A000246-2,WORK-JIAYI,DOC-HFM-A000246,HFM-A000246,2,针灸甲乙经/论文/针灸甲乙经/472-瓜蒌不同入药部位的药用价值及临床应用.pdf,823228afa4be9a6eb4622a16eb7ba06940f483262c1d54b34dfe636d7f49c68d,content-production/corpus/extracted-text/HFM-A000246_raw.txt,TEXT
JIAYI-PAGE-HFM-A000247-1,WORK-JIAYI,DOC-HFM-A000247,HFM-A000247,1,针灸甲乙经/论文/针灸甲乙经/473-Combined+Use+of+the+Points+Shenmai+and+Zhaohai+for.pdf,89c5e268931d95ae3326931e68ad1d1f37c63fde4f0f6387d712387a2a77b4e4,content-production/corpus/extracted-text/HFM-A000247_raw.txt,TEXT
JIAYI-PAGE-HFM-A000247-2,WORK-JIAYI,DOC-HFM-A000247,HFM-A000247,2,针灸甲乙经/论文/针灸甲乙经/473-Combined+Use+of+the+Points+Shenmai+and+Zhaohai+for.pdf,89c5e268931d95ae3326931e68ad1d1f37c63fde4f0f6387d712387a2a77b4e4,content-production/corpus/extracted-text/HFM-A000247_raw.txt,TEXT
JIAYI-PAGE-HFM-A000247-3,WORK-JIAYI,DOC-HFM-A000247,HFM-A000247,3,针灸甲乙经/论文/针灸甲乙经/473-Combined+Use+of+the+Points+Shenmai+and+Zhaohai+for.pdf,89c5e268931d95ae3326931e68ad1d1f37c63fde4f0f6387d712387a2a77b4e4,content-production/corpus/extracted-text/HFM-A000247_raw.txt,TEXT
JIAYI-PAGE-HFM-A000248-1,WORK-JIAYI,DOC-HFM-A000248,HFM-A000248,1,针灸甲乙经/论文/针灸甲乙经/475-中脘穴的古今应用与研究.pdf,7987e08b81f8b6789743a8080cb0352300520692f3981ec02210a3d465780860,content-production/corpus/extracted-text/HFM-A000248_raw.txt,TEXT
JIAYI-PAGE-HFM-A000248-2,WORK-JIAYI,DOC-HFM-A000248,HFM-A000248,2,针灸甲乙经/论文/针灸甲乙经/475-中脘穴的古今应用与研究.pdf,7987e08b81f8b6789743a8080cb0352300520692f3981ec02210a3d465780860,content-production/corpus/extracted-text/HFM-A000248_raw.txt,TEXT
JIAYI-PAGE-HFM-A000248-3,WORK-JIAYI,DOC-HFM-A000248,HFM-A000248,3,针灸甲乙经/论文/针灸甲乙经/475-中脘穴的古今应用与研究.pdf,7987e08b81f8b6789743a8080cb0352300520692f3981ec02210a3d465780860,content-production/corpus/extracted-text/HFM-A000248_raw.txt,TEXT
JIAYI-PAGE-HFM-A000249-1,WORK-JIAYI,DOC-HFM-A000249,HFM-A000249,1,针灸甲乙经/论文/针灸甲乙经/476-经穴详解系列篇(2).pdf,2c683643761fc9af306daaf760eb836238a4baebca33bf00ed28aa756acbfafa,content-production/corpus/extracted-text/HFM-A000249_raw.txt,TEXT
JIAYI-PAGE-HFM-A000249-2,WORK-JIAYI,DOC-HFM-A000249,HFM-A000249,2,针灸甲乙经/论文/针灸甲乙经/476-经穴详解系列篇(2).pdf,2c683643761fc9af306daaf760eb836238a4baebca33bf00ed28aa756acbfafa,content-production/corpus/extracted-text/HFM-A000249_raw.txt,TEXT
JIAYI-PAGE-HFM-A000250-1,WORK-JIAYI,DOC-HFM-A000250,HFM-A000250,1,针灸甲乙经/论文/针灸甲乙经/477-对分类研究《内经》文献的评析.pdf,23449bf75c44f07966fb3f9731c0950c3aabefef44b07b62c1ee9956eff88300,content-production/corpus/extracted-text/HFM-A000250_raw.txt,TEXT
JIAYI-PAGE-HFM-A000250-2,WORK-JIAYI,DOC-HFM-A000250,HFM-A000250,2,针灸甲乙经/论文/针灸甲乙经/477-对分类研究《内经》文献的评析.pdf,23449bf75c44f07966fb3f9731c0950c3aabefef44b07b62c1ee9956eff88300,content-production/corpus/extracted-text/HFM-A000250_raw.txt,TEXT
JIAYI-PAGE-HFM-A000250-3,WORK-JIAYI,DOC-HFM-A000250,HFM-A000250,3,针灸甲乙经/论文/针灸甲乙经/477-对分类研究《内经》文献的评析.pdf,23449bf75c44f07966fb3f9731c0950c3aabefef44b07b62c1ee9956eff88300,content-production/corpus/extracted-text/HFM-A000250_raw.txt,TEXT
JIAYI-PAGE-HFM-A000251-1,WORK-JIAYI,DOC-HFM-A000251,HFM-A000251,1,针灸甲乙经/论文/针灸甲乙经/478-悬钟穴的应用及定位考证.pdf,65f5b3a8c882012c911fef99416f49f7cb98b2df26505d4af1f8c0bbf62ea24e,content-production/corpus/extracted-text/HFM-A000251_raw.txt,TEXT
JIAYI-PAGE-HFM-A000251-2,WORK-JIAYI,DOC-HFM-A000251,HFM-A000251,2,针灸甲乙经/论文/针灸甲乙经/478-悬钟穴的应用及定位考证.pdf,65f5b3a8c882012c911fef99416f49f7cb98b2df26505d4af1f8c0bbf62ea24e,content-production/corpus/extracted-text/HFM-A000251_raw.txt,TEXT
JIAYI-PAGE-HFM-A000251-3,WORK-JIAYI,DOC-HFM-A000251,HFM-A000251,3,针灸甲乙经/论文/针灸甲乙经/478-悬钟穴的应用及定位考证.pdf,65f5b3a8c882012c911fef99416f49f7cb98b2df26505d4af1f8c0bbf62ea24e,content-production/corpus/extracted-text/HFM-A000251_raw.txt,TEXT
JIAYI-PAGE-HFM-A000252-1,WORK-JIAYI,DOC-HFM-A000252,HFM-A000252,1,针灸甲乙经/论文/针灸甲乙经/479-百会穴的临证应用与研究述要.pdf,8ef91d14ecab47b62e8e358c98c70f1a33416c6d0016d5bbb030a176332f5357,content-production/corpus/extracted-text/HFM-A000252_raw.txt,TEXT
JIAYI-PAGE-HFM-A000252-2,WORK-JIAYI,DOC-HFM-A000252,HFM-A000252,2,针灸甲乙经/论文/针灸甲乙经/479-百会穴的临证应用与研究述要.pdf,8ef91d14ecab47b62e8e358c98c70f1a33416c6d0016d5bbb030a176332f5357,content-production/corpus/extracted-text/HFM-A000252_raw.txt,TEXT
JIAYI-PAGE-HFM-A000252-3,WORK-JIAYI,DOC-HFM-A000252,HFM-A000252,3,针灸甲乙经/论文/针灸甲乙经/479-百会穴的临证应用与研究述要.pdf,8ef91d14ecab47b62e8e358c98c70f1a33416c6d0016d5bbb030a176332f5357,content-production/corpus/extracted-text/HFM-A000252_raw.txt,TEXT
JIAYI-PAGE-HFM-A000253-1,WORK-JIAYI,DOC-HFM-A000253,HFM-A000253,1,针灸甲乙经/论文/针灸甲乙经/480-神阙穴拔罐调气作用的理论认识与临床应用.pdf,fde08e24ae3813b654accff6072c8979f79e5d9bb36ee3b41372084fb4cb67a8,content-production/corpus/extracted-text/HFM-A000253_raw.txt,TEXT
JIAYI-PAGE-HFM-A000254-1,WORK-JIAYI,DOC-HFM-A000254,HFM-A000254,1,针灸甲乙经/论文/针灸甲乙经/481-天突穴刺法述要.pdf,254b98a15c1e1d2b487972c2c47ac8d03643635527484eb3e15102bfea5f63c0,content-production/corpus/extracted-text/HFM-A000254_raw.txt,TEXT
JIAYI-PAGE-HFM-A000254-2,WORK-JIAYI,DOC-HFM-A000254,HFM-A000254,2,针灸甲乙经/论文/针灸甲乙经/481-天突穴刺法述要.pdf,254b98a15c1e1d2b487972c2c47ac8d03643635527484eb3e15102bfea5f63c0,content-production/corpus/extracted-text/HFM-A000254_raw.txt,TEXT
JIAYI-PAGE-HFM-A000255-1,WORK-JIAYI,DOC-HFM-A000255,HFM-A000255,1,针灸甲乙经/论文/针灸甲乙经/482-鸠尾穴的古代文献研究.pdf,d620afed0d66e1fc6c875829a2892e5f5859027c6b497dc07d18388df9cfad25,content-production/corpus/raw-ocr/HFM-A000255_p001_raw.txt,OCR
JIAYI-PAGE-HFM-A000255-2,WORK-JIAYI,DOC-HFM-A000255,HFM-A000255,2,针灸甲乙经/论文/针灸甲乙经/482-鸠尾穴的古代文献研究.pdf,d620afed0d66e1fc6c875829a2892e5f5859027c6b497dc07d18388df9cfad25,content-production/corpus/raw-ocr/HFM-A000255_p002_raw.txt,OCR
JIAYI-PAGE-HFM-A000255-3,WORK-JIAYI,DOC-HFM-A000255,HFM-A000255,3,针灸甲乙经/论文/针灸甲乙经/482-鸠尾穴的古代文献研究.pdf,d620afed0d66e1fc6c875829a2892e5f5859027c6b497dc07d18388df9cfad25,content-production/corpus/raw-ocr/HFM-A000255_p003_raw.txt,OCR
JIAYI-PAGE-HFM-A000255-4,WORK-JIAYI,DOC-HFM-A000255,HFM-A000255,4,针灸甲乙经/论文/针灸甲乙经/482-鸠尾穴的古代文献研究.pdf,d620afed0d66e1fc6c875829a2892e5f5859027c6b497dc07d18388df9cfad25,content-production/corpus/raw-ocr/HFM-A000255_p004_raw.txt,OCR
JIAYI-PAGE-HFM-A000256-1,WORK-JIAYI,DOC-HFM-A000256,HFM-A000256,1,针灸甲乙经/论文/针灸甲乙经/483-关于慢性前列腺炎中医病名的两点商榷.pdf,6b035dc83be58a3c9177bf9ab6aa816dd8add976c57a0246d2bc64a29260bbac,content-production/corpus/extracted-text/HFM-A000256_raw.txt,TEXT
JIAYI-PAGE-HFM-A000256-2,WORK-JIAYI,DOC-HFM-A000256,HFM-A000256,2,针灸甲乙经/论文/针灸甲乙经/483-关于慢性前列腺炎中医病名的两点商榷.pdf,6b035dc83be58a3c9177bf9ab6aa816dd8add976c57a0246d2bc64a29260bbac,content-production/corpus/extracted-text/HFM-A000256_raw.txt,TEXT
JIAYI-PAGE-HFM-A000256-3,WORK-JIAYI,DOC-HFM-A000256,HFM-A000256,3,针灸甲乙经/论文/针灸甲乙经/483-关于慢性前列腺炎中医病名的两点商榷.pdf,6b035dc83be58a3c9177bf9ab6aa816dd8add976c57a0246d2bc64a29260bbac,content-production/corpus/extracted-text/HFM-A000256_raw.txt,TEXT
JIAYI-PAGE-HFM-A000257-1,WORK-JIAYI,DOC-HFM-A000257,HFM-A000257,1,针灸甲乙经/论文/针灸甲乙经/484-四渎穴穴性辑考及临床发挥.pdf,b2133ba9714f18c9bf48ef2132a6f75a48c69d2c233dad3cdbe7d43398db7f03,content-production/corpus/extracted-text/HFM-A000257_raw.txt,TEXT
JIAYI-PAGE-HFM-A000257-2,WORK-JIAYI,DOC-HFM-A000257,HFM-A000257,2,针灸甲乙经/论文/针灸甲乙经/484-四渎穴穴性辑考及临床发挥.pdf,b2133ba9714f18c9bf48ef2132a6f75a48c69d2c233dad3cdbe7d43398db7f03,content-production/corpus/extracted-text/HFM-A000257_raw.txt,TEXT
JIAYI-PAGE-HFM-A000257-3,WORK-JIAYI,DOC-HFM-A000257,HFM-A000257,3,针灸甲乙经/论文/针灸甲乙经/484-四渎穴穴性辑考及临床发挥.pdf,b2133ba9714f18c9bf48ef2132a6f75a48c69d2c233dad3cdbe7d43398db7f03,content-production/corpus/extracted-text/HFM-A000257_raw.txt,TEXT
JIAYI-PAGE-HFM-A000257-4,WORK-JIAYI,DOC-HFM-A000257,HFM-A000257,4,针灸甲乙经/论文/针灸甲乙经/484-四渎穴穴性辑考及临床发挥.pdf,b2133ba9714f18c9bf48ef2132a6f75a48c69d2c233dad3cdbe7d43398db7f03,content-production/corpus/extracted-text/HFM-A000257_raw.txt,TEXT
JIAYI-PAGE-HFM-A000258-1,WORK-JIAYI,DOC-HFM-A000258,HFM-A000258,1,针灸甲乙经/论文/针灸甲乙经/485-《医学六经》考.pdf,8e15a0f0bb45e8453f6e470325057c9487fcc0357b290eaefc643de15e511958,content-production/batches/B02/extracted-text/HFM-A000258_raw.txt,TEXT
JIAYI-PAGE-HFM-A000258-2,WORK-JIAYI,DOC-HFM-A000258,HFM-A000258,2,针灸甲乙经/论文/针灸甲乙经/485-《医学六经》考.pdf,8e15a0f0bb45e8453f6e470325057c9487fcc0357b290eaefc643de15e511958,content-production/batches/B02/extracted-text/HFM-A000258_raw.txt,TEXT
JIAYI-PAGE-HFM-A000258-3,WORK-JIAYI,DOC-HFM-A000258,HFM-A000258,3,针灸甲乙经/论文/针灸甲乙经/485-《医学六经》考.pdf,8e15a0f0bb45e8453f6e470325057c9487fcc0357b290eaefc643de15e511958,content-production/batches/B02/extracted-text/HFM-A000258_raw.txt,TEXT
JIAYI-PAGE-HFM-A000259-1,WORK-JIAYI,DOC-HFM-A000259,HFM-A000259,1,针灸甲乙经/论文/针灸甲乙经/486-中医非药物疗法急诊应用专家共识.pdf,a06f66c09aa24d70caffde7bd231507de05675cb182987cc5084554753ce89c6,content-production/corpus/extracted-text/HFM-A000259_raw.txt,TEXT
JIAYI-PAGE-HFM-A000259-2,WORK-JIAYI,DOC-HFM-A000259,HFM-A000259,2,针灸甲乙经/论文/针灸甲乙经/486-中医非药物疗法急诊应用专家共识.pdf,a06f66c09aa24d70caffde7bd231507de05675cb182987cc5084554753ce89c6,content-production/corpus/extracted-text/HFM-A000259_raw.txt,TEXT
JIAYI-PAGE-HFM-A000259-3,WORK-JIAYI,DOC-HFM-A000259,HFM-A000259,3,针灸甲乙经/论文/针灸甲乙经/486-中医非药物疗法急诊应用专家共识.pdf,a06f66c09aa24d70caffde7bd231507de05675cb182987cc5084554753ce89c6,content-production/corpus/extracted-text/HFM-A000259_raw.txt,TEXT
JIAYI-PAGE-HFM-A000259-4,WORK-JIAYI,DOC-HFM-A000259,HFM-A000259,4,针灸甲乙经/论文/针灸甲乙经/486-中医非药物疗法急诊应用专家共识.pdf,a06f66c09aa24d70caffde7bd231507de05675cb182987cc5084554753ce89c6,content-production/corpus/extracted-text/HFM-A000259_raw.txt,TEXT
JIAYI-PAGE-HFM-A000259-5,WORK-JIAYI,DOC-HFM-A000259,HFM-A000259,5,针灸甲乙经/论文/针灸甲乙经/486-中医非药物疗法急诊应用专家共识.pdf,a06f66c09aa24d70caffde7bd231507de05675cb182987cc5084554753ce89c6,content-production/corpus/extracted-text/HFM-A000259_raw.txt,TEXT
JIAYI-PAGE-HFM-A000259-6,WORK-JIAYI,DOC-HFM-A000259,HFM-A000259,6,针灸甲乙经/论文/针灸甲乙经/486-中医非药物疗法急诊应用专家共识.pdf,a06f66c09aa24d70caffde7bd231507de05675cb182987cc5084554753ce89c6,content-production/corpus/extracted-text/HFM-A000259_raw.txt,TEXT
JIAYI-PAGE-HFM-A000260-1,WORK-JIAYI,DOC-HFM-A000260,HFM-A000260,1,针灸甲乙经/论文/针灸甲乙经/487-简帛踝部诊脉法发微.pdf,3fc9de2b161340e65c22abb751dee77b68bd9b12de47ab9d19f74825d68f22d1,content-production/corpus/extracted-text/HFM-A000260_raw.txt,TEXT
JIAYI-PAGE-HFM-A000260-2,WORK-JIAYI,DOC-HFM-A000260,HFM-A000260,2,针灸甲乙经/论文/针灸甲乙经/487-简帛踝部诊脉法发微.pdf,3fc9de2b161340e65c22abb751dee77b68bd9b12de47ab9d19f74825d68f22d1,content-production/corpus/extracted-text/HFM-A000260_raw.txt,TEXT
JIAYI-PAGE-HFM-A000260-3,WORK-JIAYI,DOC-HFM-A000260,HFM-A000260,3,针灸甲乙经/论文/针灸甲乙经/487-简帛踝部诊脉法发微.pdf,3fc9de2b161340e65c22abb751dee77b68bd9b12de47ab9d19f74825d68f22d1,content-production/corpus/extracted-text/HFM-A000260_raw.txt,TEXT
JIAYI-PAGE-HFM-A000260-4,WORK-JIAYI,DOC-HFM-A000260,HFM-A000260,4,针灸甲乙经/论文/针灸甲乙经/487-简帛踝部诊脉法发微.pdf,3fc9de2b161340e65c22abb751dee77b68bd9b12de47ab9d19f74825d68f22d1,content-production/corpus/extracted-text/HFM-A000260_raw.txt,TEXT
JIAYI-PAGE-HFM-A000261-1,WORK-JIAYI,DOC-HFM-A000261,HFM-A000261,1,针灸甲乙经/论文/针灸甲乙经/489-  基于古今文献和解剖数据考证箕门穴定位及其变革.pdf,4edd07189ad39b703132e382fff3a96e2a0c057cfa0c6e3930fc60851d72699e,content-production/corpus/extracted-text/HFM-A000261_raw.txt,TEXT
JIAYI-PAGE-HFM-A000261-2,WORK-JIAYI,DOC-HFM-A000261,HFM-A000261,2,针灸甲乙经/论文/针灸甲乙经/489-  基于古今文献和解剖数据考证箕门穴定位及其变革.pdf,4edd07189ad39b703132e382fff3a96e2a0c057cfa0c6e3930fc60851d72699e,content-production/corpus/extracted-text/HFM-A000261_raw.txt,TEXT
JIAYI-PAGE-HFM-A000261-3,WORK-JIAYI,DOC-HFM-A000261,HFM-A000261,3,针灸甲乙经/论文/针灸甲乙经/489-  基于古今文献和解剖数据考证箕门穴定位及其变革.pdf,4edd07189ad39b703132e382fff3a96e2a0c057cfa0c6e3930fc60851d72699e,content-production/corpus/extracted-text/HFM-A000261_raw.txt,TEXT
JIAYI-PAGE-HFM-A000261-4,WORK-JIAYI,DOC-HFM-A000261,HFM-A000261,4,针灸甲乙经/论文/针灸甲乙经/489-  基于古今文献和解剖数据考证箕门穴定位及其变革.pdf,4edd07189ad39b703132e382fff3a96e2a0c057cfa0c6e3930fc60851d72699e,content-production/corpus/extracted-text/HFM-A000261_raw.txt,TEXT
JIAYI-PAGE-HFM-A000261-5,WORK-JIAYI,DOC-HFM-A000261,HFM-A000261,5,针灸甲乙经/论文/针灸甲乙经/489-  基于古今文献和解剖数据考证箕门穴定位及其变革.pdf,4edd07189ad39b703132e382fff3a96e2a0c057cfa0c6e3930fc60851d72699e,content-production/corpus/extracted-text/HFM-A000261_raw.txt,TEXT
JIAYI-PAGE-HFM-A000262-1,WORK-JIAYI,DOC-HFM-A000262,HFM-A000262,1,针灸甲乙经/论文/针灸甲乙经/49-《针灸甲乙经》腧穴主治条文勘误.pdf,94d7a3ee1f2a8ef3a58fefc80455820a6bc074dda5b0cd4a211a6de1be22bb9f,content-production/corpus/extracted-text/HFM-A000262_raw.txt,TEXT
JIAYI-PAGE-HFM-A000262-2,WORK-JIAYI,DOC-HFM-A000262,HFM-A000262,2,针灸甲乙经/论文/针灸甲乙经/49-《针灸甲乙经》腧穴主治条文勘误.pdf,94d7a3ee1f2a8ef3a58fefc80455820a6bc074dda5b0cd4a211a6de1be22bb9f,content-production/corpus/extracted-text/HFM-A000262_raw.txt,TEXT
JIAYI-PAGE-HFM-A000263-1,WORK-JIAYI,DOC-HFM-A000263,HFM-A000263,1,针灸甲乙经/论文/针灸甲乙经/490-肉瘤源流考.pdf,68935bc980322488a98ad19af808d0c95fa09450153f177b1b4d2739af9b8f66,content-production/corpus/extracted-text/HFM-A000263_raw.txt,TEXT
JIAYI-PAGE-HFM-A000263-2,WORK-JIAYI,DOC-HFM-A000263,HFM-A000263,2,针灸甲乙经/论文/针灸甲乙经/490-肉瘤源流考.pdf,68935bc980322488a98ad19af808d0c95fa09450153f177b1b4d2739af9b8f66,content-production/corpus/extracted-text/HFM-A000263_raw.txt,TEXT
JIAYI-PAGE-HFM-A000263-3,WORK-JIAYI,DOC-HFM-A000263,HFM-A000263,3,针灸甲乙经/论文/针灸甲乙经/490-肉瘤源流考.pdf,68935bc980322488a98ad19af808d0c95fa09450153f177b1b4d2739af9b8f66,content-production/corpus/extracted-text/HFM-A000263_raw.txt,TEXT
JIAYI-PAGE-HFM-A000264-1,WORK-JIAYI,DOC-HFM-A000264,HFM-A000264,1,针灸甲乙经/论文/针灸甲乙经/491-浅谈中医针刺麻醉方法与应用.pdf,72730fe2cde17e9ea7840e35e33a4d47088a61affee979e6eda57817734b7501,content-production/corpus/extracted-text/HFM-A000264_raw.txt,TEXT
JIAYI-PAGE-HFM-A000265-1,WORK-JIAYI,DOC-HFM-A000265,HFM-A000265,1,针灸甲乙经/论文/针灸甲乙经/492-纵论_卫出下焦_乃《黄帝内经》本义.pdf,9641fcfb3182d587a06de6473e8bb1ae3f749253cd1a77c87dc4de1dca6e93f3,content-production/corpus/extracted-text/HFM-A000265_raw.txt,TEXT
JIAYI-PAGE-HFM-A000265-2,WORK-JIAYI,DOC-HFM-A000265,HFM-A000265,2,针灸甲乙经/论文/针灸甲乙经/492-纵论_卫出下焦_乃《黄帝内经》本义.pdf,9641fcfb3182d587a06de6473e8bb1ae3f749253cd1a77c87dc4de1dca6e93f3,content-production/corpus/extracted-text/HFM-A000265_raw.txt,TEXT
JIAYI-PAGE-HFM-A000265-3,WORK-JIAYI,DOC-HFM-A000265,HFM-A000265,3,针灸甲乙经/论文/针灸甲乙经/492-纵论_卫出下焦_乃《黄帝内经》本义.pdf,9641fcfb3182d587a06de6473e8bb1ae3f749253cd1a77c87dc4de1dca6e93f3,content-production/corpus/extracted-text/HFM-A000265_raw.txt,TEXT
JIAYI-PAGE-HFM-A000265-4,WORK-JIAYI,DOC-HFM-A000265,HFM-A000265,4,针灸甲乙经/论文/针灸甲乙经/492-纵论_卫出下焦_乃《黄帝内经》本义.pdf,9641fcfb3182d587a06de6473e8bb1ae3f749253cd1a77c87dc4de1dca6e93f3,content-production/corpus/extracted-text/HFM-A000265_raw.txt,TEXT
JIAYI-PAGE-HFM-A000265-5,WORK-JIAYI,DOC-HFM-A000265,HFM-A000265,5,针灸甲乙经/论文/针灸甲乙经/492-纵论_卫出下焦_乃《黄帝内经》本义.pdf,9641fcfb3182d587a06de6473e8bb1ae3f749253cd1a77c87dc4de1dca6e93f3,content-production/corpus/extracted-text/HFM-A000265_raw.txt,TEXT
JIAYI-PAGE-HFM-A000266-1,WORK-JIAYI,DOC-HFM-A000266,HFM-A000266,1,针灸甲乙经/论文/针灸甲乙经/493-取穴方法的文献研究.pdf,4c942469fdfe793706da8d612c188fb324c0ef4dfbe6b3c695f4130572ba628e,content-production/corpus/extracted-text/HFM-A000266_raw.txt,TEXT
JIAYI-PAGE-HFM-A000266-2,WORK-JIAYI,DOC-HFM-A000266,HFM-A000266,2,针灸甲乙经/论文/针灸甲乙经/493-取穴方法的文献研究.pdf,4c942469fdfe793706da8d612c188fb324c0ef4dfbe6b3c695f4130572ba628e,content-production/corpus/extracted-text/HFM-A000266_raw.txt,TEXT
JIAYI-PAGE-HFM-A000266-3,WORK-JIAYI,DOC-HFM-A000266,HFM-A000266,3,针灸甲乙经/论文/针灸甲乙经/493-取穴方法的文献研究.pdf,4c942469fdfe793706da8d612c188fb324c0ef4dfbe6b3c695f4130572ba628e,content-production/corpus/extracted-text/HFM-A000266_raw.txt,TEXT
JIAYI-PAGE-HFM-A000266-4,WORK-JIAYI,DOC-HFM-A000266,HFM-A000266,4,针灸甲乙经/论文/针灸甲乙经/493-取穴方法的文献研究.pdf,4c942469fdfe793706da8d612c188fb324c0ef4dfbe6b3c695f4130572ba628e,content-production/corpus/extracted-text/HFM-A000266_raw.txt,TEXT
JIAYI-PAGE-HFM-A000267-1,WORK-JIAYI,DOC-HFM-A000267,HFM-A000267,1,针灸甲乙经/论文/针灸甲乙经/494-高职高专《经络腧穴学》课程教学改革实践研究.pdf,0671a4a58b4d730c1b3704d5e65e4fd1a2c942ef340dda44ce83ebab8f15a852,content-production/corpus/extracted-text/HFM-A000267_raw.txt,TEXT
JIAYI-PAGE-HFM-A000267-2,WORK-JIAYI,DOC-HFM-A000267,HFM-A000267,2,针灸甲乙经/论文/针灸甲乙经/494-高职高专《经络腧穴学》课程教学改革实践研究.pdf,0671a4a58b4d730c1b3704d5e65e4fd1a2c942ef340dda44ce83ebab8f15a852,content-production/corpus/extracted-text/HFM-A000267_raw.txt,TEXT
JIAYI-PAGE-HFM-A000268-1,WORK-JIAYI,DOC-HFM-A000268,HFM-A000268,1,针灸甲乙经/论文/针灸甲乙经/495-探析百会穴在中风病后遗症中的临床作用.pdf,3b3db1b92b5d09ee36ca83334733f86d651e4dbb7412392cd697fb07f44df003,content-production/corpus/extracted-text/HFM-A000268_raw.txt,TEXT
JIAYI-PAGE-HFM-A000268-2,WORK-JIAYI,DOC-HFM-A000268,HFM-A000268,2,针灸甲乙经/论文/针灸甲乙经/495-探析百会穴在中风病后遗症中的临床作用.pdf,3b3db1b92b5d09ee36ca83334733f86d651e4dbb7412392cd697fb07f44df003,content-production/corpus/extracted-text/HFM-A000268_raw.txt,TEXT
JIAYI-PAGE-HFM-A000268-3,WORK-JIAYI,DOC-HFM-A000268,HFM-A000268,3,针灸甲乙经/论文/针灸甲乙经/495-探析百会穴在中风病后遗症中的临床作用.pdf,3b3db1b92b5d09ee36ca83334733f86d651e4dbb7412392cd697fb07f44df003,content-production/corpus/extracted-text/HFM-A000268_raw.txt,TEXT
JIAYI-PAGE-HFM-A000268-4,WORK-JIAYI,DOC-HFM-A000268,HFM-A000268,4,针灸甲乙经/论文/针灸甲乙经/495-探析百会穴在中风病后遗症中的临床作用.pdf,3b3db1b92b5d09ee36ca83334733f86d651e4dbb7412392cd697fb07f44df003,content-production/corpus/extracted-text/HFM-A000268_raw.txt,TEXT
JIAYI-PAGE-HFM-A000269-1,WORK-JIAYI,DOC-HFM-A000269,HFM-A000269,1,针灸甲乙经/论文/针灸甲乙经/496-中医中药对糖尿病足溃疡治疗进展.pdf,9b419ca2b42e8e8af394a901f2a9b740b3970bd59d1f6136c81ed245eadd10c4,content-production/corpus/extracted-text/HFM-A000269_raw.txt,TEXT
JIAYI-PAGE-HFM-A000269-2,WORK-JIAYI,DOC-HFM-A000269,HFM-A000269,2,针灸甲乙经/论文/针灸甲乙经/496-中医中药对糖尿病足溃疡治疗进展.pdf,9b419ca2b42e8e8af394a901f2a9b740b3970bd59d1f6136c81ed245eadd10c4,content-production/corpus/extracted-text/HFM-A000269_raw.txt,TEXT
JIAYI-PAGE-HFM-A000270-1,WORK-JIAYI,DOC-HFM-A000270,HFM-A000270,1,"针灸甲乙经/论文/针灸甲乙经/497-基于内关治疗肩周炎解读_淫气忧思,痹聚在心_.pdf",b371f2043ff848e29e507e08c2534f8af835792ec9e75865e1bbe40a160825e0,content-production/corpus/extracted-text/HFM-A000270_raw.txt,TEXT
JIAYI-PAGE-HFM-A000270-2,WORK-JIAYI,DOC-HFM-A000270,HFM-A000270,2,"针灸甲乙经/论文/针灸甲乙经/497-基于内关治疗肩周炎解读_淫气忧思,痹聚在心_.pdf",b371f2043ff848e29e507e08c2534f8af835792ec9e75865e1bbe40a160825e0,content-production/corpus/extracted-text/HFM-A000270_raw.txt,TEXT
JIAYI-PAGE-HFM-A000270-3,WORK-JIAYI,DOC-HFM-A000270,HFM-A000270,3,"针灸甲乙经/论文/针灸甲乙经/497-基于内关治疗肩周炎解读_淫气忧思,痹聚在心_.pdf",b371f2043ff848e29e507e08c2534f8af835792ec9e75865e1bbe40a160825e0,content-production/corpus/extracted-text/HFM-A000270_raw.txt,TEXT
JIAYI-PAGE-HFM-A000271-1,WORK-JIAYI,DOC-HFM-A000271,HFM-A000271,1,针灸甲乙经/论文/针灸甲乙经/498-陶道穴的临床应用.pdf,fa2032f2a70ae3999a426b5bac662c36b91d657b2ee192df7a4600ca890eaad1,content-production/corpus/extracted-text/HFM-A000271_raw.txt,TEXT
JIAYI-PAGE-HFM-A000271-2,WORK-JIAYI,DOC-HFM-A000271,HFM-A000271,2,针灸甲乙经/论文/针灸甲乙经/498-陶道穴的临床应用.pdf,fa2032f2a70ae3999a426b5bac662c36b91d657b2ee192df7a4600ca890eaad1,content-production/corpus/extracted-text/HFM-A000271_raw.txt,TEXT
JIAYI-PAGE-HFM-A000271-3,WORK-JIAYI,DOC-HFM-A000271,HFM-A000271,3,针灸甲乙经/论文/针灸甲乙经/498-陶道穴的临床应用.pdf,fa2032f2a70ae3999a426b5bac662c36b91d657b2ee192df7a4600ca890eaad1,content-production/corpus/extracted-text/HFM-A000271_raw.txt,TEXT
JIAYI-PAGE-HFM-A000272-1,WORK-JIAYI,DOC-HFM-A000272,HFM-A000272,1,针灸甲乙经/论文/针灸甲乙经/499-妙在__脐_中.pdf,1cc253acdb248205f59a07d7c56da8ebd9dfa1398997a81bb50c3d1f1918f0d1,content-production/corpus/extracted-text/HFM-A000272_raw.txt,TEXT
JIAYI-PAGE-HFM-A000272-2,WORK-JIAYI,DOC-HFM-A000272,HFM-A000272,2,针灸甲乙经/论文/针灸甲乙经/499-妙在__脐_中.pdf,1cc253acdb248205f59a07d7c56da8ebd9dfa1398997a81bb50c3d1f1918f0d1,content-production/corpus/extracted-text/HFM-A000272_raw.txt,TEXT
JIAYI-PAGE-HFM-A000272-3,WORK-JIAYI,DOC-HFM-A000272,HFM-A000272,3,针灸甲乙经/论文/针灸甲乙经/499-妙在__脐_中.pdf,1cc253acdb248205f59a07d7c56da8ebd9dfa1398997a81bb50c3d1f1918f0d1,content-production/corpus/extracted-text/HFM-A000272_raw.txt,TEXT
JIAYI-PAGE-HFM-A000273-1,WORK-JIAYI,DOC-HFM-A000273,HFM-A000273,1,针灸甲乙经/论文/针灸甲乙经/5-论《针灸甲乙经》之灸法特色.pdf,7f0f9970143c74e8da95525d4101bb5283e0c04b7dda32936df24b75c1c3b40c,content-production/corpus/extracted-text/HFM-A000273_raw.txt,TEXT
JIAYI-PAGE-HFM-A000273-2,WORK-JIAYI,DOC-HFM-A000273,HFM-A000273,2,针灸甲乙经/论文/针灸甲乙经/5-论《针灸甲乙经》之灸法特色.pdf,7f0f9970143c74e8da95525d4101bb5283e0c04b7dda32936df24b75c1c3b40c,content-production/corpus/extracted-text/HFM-A000273_raw.txt,TEXT
JIAYI-PAGE-HFM-A000273-3,WORK-JIAYI,DOC-HFM-A000273,HFM-A000273,3,针灸甲乙经/论文/针灸甲乙经/5-论《针灸甲乙经》之灸法特色.pdf,7f0f9970143c74e8da95525d4101bb5283e0c04b7dda32936df24b75c1c3b40c,content-production/corpus/extracted-text/HFM-A000273_raw.txt,TEXT
JIAYI-PAGE-HFM-A000273-4,WORK-JIAYI,DOC-HFM-A000273,HFM-A000273,4,针灸甲乙经/论文/针灸甲乙经/5-论《针灸甲乙经》之灸法特色.pdf,7f0f9970143c74e8da95525d4101bb5283e0c04b7dda32936df24b75c1c3b40c,content-production/corpus/extracted-text/HFM-A000273_raw.txt,TEXT
JIAYI-PAGE-HFM-A000273-5,WORK-JIAYI,DOC-HFM-A000273,HFM-A000273,5,针灸甲乙经/论文/针灸甲乙经/5-论《针灸甲乙经》之灸法特色.pdf,7f0f9970143c74e8da95525d4101bb5283e0c04b7dda32936df24b75c1c3b40c,content-production/corpus/extracted-text/HFM-A000273_raw.txt,TEXT
JIAYI-PAGE-HFM-A000274-1,WORK-JIAYI,DOC-HFM-A000274,HFM-A000274,1,针灸甲乙经/论文/针灸甲乙经/50-《针灸甲乙经》腰痛的诊治特点探析.pdf,9fd1afed4d42f610b346740914f33ecfac13c12b52dbcba975ca0ac92f03ea66,content-production/corpus/extracted-text/HFM-A000274_raw.txt,TEXT
JIAYI-PAGE-HFM-A000274-2,WORK-JIAYI,DOC-HFM-A000274,HFM-A000274,2,针灸甲乙经/论文/针灸甲乙经/50-《针灸甲乙经》腰痛的诊治特点探析.pdf,9fd1afed4d42f610b346740914f33ecfac13c12b52dbcba975ca0ac92f03ea66,content-production/corpus/extracted-text/HFM-A000274_raw.txt,TEXT
JIAYI-PAGE-HFM-A000274-3,WORK-JIAYI,DOC-HFM-A000274,HFM-A000274,3,针灸甲乙经/论文/针灸甲乙经/50-《针灸甲乙经》腰痛的诊治特点探析.pdf,9fd1afed4d42f610b346740914f33ecfac13c12b52dbcba975ca0ac92f03ea66,content-production/corpus/extracted-text/HFM-A000274_raw.txt,TEXT
JIAYI-PAGE-HFM-A000275-1,WORK-JIAYI,DOC-HFM-A000275,HFM-A000275,1,"针灸甲乙经/论文/针灸甲乙经/500-地形拟名,浅洼之泽穴.pdf",942c4ebd3221243a3ae4cafeea0f0e97381bd2c946d4b816d7e2832364919675,content-production/corpus/extracted-text/HFM-A000275_raw.txt,TEXT
JIAYI-PAGE-HFM-A000275-2,WORK-JIAYI,DOC-HFM-A000275,HFM-A000275,2,"针灸甲乙经/论文/针灸甲乙经/500-地形拟名,浅洼之泽穴.pdf",942c4ebd3221243a3ae4cafeea0f0e97381bd2c946d4b816d7e2832364919675,content-production/corpus/extracted-text/HFM-A000275_raw.txt,TEXT
JIAYI-PAGE-HFM-A000275-3,WORK-JIAYI,DOC-HFM-A000275,HFM-A000275,3,"针灸甲乙经/论文/针灸甲乙经/500-地形拟名,浅洼之泽穴.pdf",942c4ebd3221243a3ae4cafeea0f0e97381bd2c946d4b816d7e2832364919675,content-production/corpus/extracted-text/HFM-A000275_raw.txt,TEXT
JIAYI-PAGE-HFM-A000276-1,WORK-JIAYI,DOC-HFM-A000276,HFM-A000276,1,针灸甲乙经/论文/针灸甲乙经/501-大巨穴的临床应用.pdf,a05e0258e62848c3f78e6affd36ba35a12e0c1a4bca3553beb7a09672b6cd757,content-production/corpus/extracted-text/HFM-A000276_raw.txt,TEXT
JIAYI-PAGE-HFM-A000276-2,WORK-JIAYI,DOC-HFM-A000276,HFM-A000276,2,针灸甲乙经/论文/针灸甲乙经/501-大巨穴的临床应用.pdf,a05e0258e62848c3f78e6affd36ba35a12e0c1a4bca3553beb7a09672b6cd757,content-production/corpus/extracted-text/HFM-A000276_raw.txt,TEXT
JIAYI-PAGE-HFM-A000277-1,WORK-JIAYI,DOC-HFM-A000277,HFM-A000277,1,针灸甲乙经/论文/针灸甲乙经/502-白涩症源流浅析.pdf,bd1e401d658cbb9af4fe02f21f6ad0a9a9db613aed59f41b016d74d4da14e8e5,content-production/corpus/extracted-text/HFM-A000277_raw.txt,TEXT
JIAYI-PAGE-HFM-A000277-2,WORK-JIAYI,DOC-HFM-A000277,HFM-A000277,2,针灸甲乙经/论文/针灸甲乙经/502-白涩症源流浅析.pdf,bd1e401d658cbb9af4fe02f21f6ad0a9a9db613aed59f41b016d74d4da14e8e5,content-production/corpus/extracted-text/HFM-A000277_raw.txt,TEXT
JIAYI-PAGE-HFM-A000277-3,WORK-JIAYI,DOC-HFM-A000277,HFM-A000277,3,针灸甲乙经/论文/针灸甲乙经/502-白涩症源流浅析.pdf,bd1e401d658cbb9af4fe02f21f6ad0a9a9db613aed59f41b016d74d4da14e8e5,content-production/corpus/extracted-text/HFM-A000277_raw.txt,TEXT
JIAYI-PAGE-HFM-A000277-4,WORK-JIAYI,DOC-HFM-A000277,HFM-A000277,4,针灸甲乙经/论文/针灸甲乙经/502-白涩症源流浅析.pdf,bd1e401d658cbb9af4fe02f21f6ad0a9a9db613aed59f41b016d74d4da14e8e5,content-production/corpus/extracted-text/HFM-A000277_raw.txt,TEXT
JIAYI-PAGE-HFM-A000278-1,WORK-JIAYI,DOC-HFM-A000278,HFM-A000278,1,针灸甲乙经/论文/针灸甲乙经/503-历节病并发奔豚病的病机及证治探讨.pdf,6ed96b52736d4a44f77e1711c0e63f312247ae84903d1a9f858e12ea8a3ef96b,content-production/corpus/extracted-text/HFM-A000278_raw.txt,TEXT
JIAYI-PAGE-HFM-A000278-2,WORK-JIAYI,DOC-HFM-A000278,HFM-A000278,2,针灸甲乙经/论文/针灸甲乙经/503-历节病并发奔豚病的病机及证治探讨.pdf,6ed96b52736d4a44f77e1711c0e63f312247ae84903d1a9f858e12ea8a3ef96b,content-production/corpus/extracted-text/HFM-A000278_raw.txt,TEXT
JIAYI-PAGE-HFM-A000278-3,WORK-JIAYI,DOC-HFM-A000278,HFM-A000278,3,针灸甲乙经/论文/针灸甲乙经/503-历节病并发奔豚病的病机及证治探讨.pdf,6ed96b52736d4a44f77e1711c0e63f312247ae84903d1a9f858e12ea8a3ef96b,content-production/corpus/extracted-text/HFM-A000278_raw.txt,TEXT
JIAYI-PAGE-HFM-A000278-4,WORK-JIAYI,DOC-HFM-A000278,HFM-A000278,4,针灸甲乙经/论文/针灸甲乙经/503-历节病并发奔豚病的病机及证治探讨.pdf,6ed96b52736d4a44f77e1711c0e63f312247ae84903d1a9f858e12ea8a3ef96b,content-production/corpus/extracted-text/HFM-A000278_raw.txt,TEXT
JIAYI-PAGE-HFM-A000278-5,WORK-JIAYI,DOC-HFM-A000278,HFM-A000278,5,针灸甲乙经/论文/针灸甲乙经/503-历节病并发奔豚病的病机及证治探讨.pdf,6ed96b52736d4a44f77e1711c0e63f312247ae84903d1a9f858e12ea8a3ef96b,content-production/corpus/extracted-text/HFM-A000278_raw.txt,TEXT
JIAYI-PAGE-HFM-A000279-1,WORK-JIAYI,DOC-HFM-A000279,HFM-A000279,1,针灸甲乙经/论文/针灸甲乙经/504-基于复杂网络的智能配穴数目探讨.pdf,4b4036ef7ecb4be309a6988fd894182eb25b26d7cda0b3cd815def9aaa750241,content-production/corpus/extracted-text/HFM-A000279_raw.txt,TEXT
JIAYI-PAGE-HFM-A000279-2,WORK-JIAYI,DOC-HFM-A000279,HFM-A000279,2,针灸甲乙经/论文/针灸甲乙经/504-基于复杂网络的智能配穴数目探讨.pdf,4b4036ef7ecb4be309a6988fd894182eb25b26d7cda0b3cd815def9aaa750241,content-production/corpus/extracted-text/HFM-A000279_raw.txt,TEXT
JIAYI-PAGE-HFM-A000279-3,WORK-JIAYI,DOC-HFM-A000279,HFM-A000279,3,针灸甲乙经/论文/针灸甲乙经/504-基于复杂网络的智能配穴数目探讨.pdf,4b4036ef7ecb4be309a6988fd894182eb25b26d7cda0b3cd815def9aaa750241,content-production/corpus/extracted-text/HFM-A000279_raw.txt,TEXT
JIAYI-PAGE-HFM-A000279-4,WORK-JIAYI,DOC-HFM-A000279,HFM-A000279,4,针灸甲乙经/论文/针灸甲乙经/504-基于复杂网络的智能配穴数目探讨.pdf,4b4036ef7ecb4be309a6988fd894182eb25b26d7cda0b3cd815def9aaa750241,content-production/corpus/extracted-text/HFM-A000279_raw.txt,TEXT
JIAYI-PAGE-HFM-A000279-5,WORK-JIAYI,DOC-HFM-A000279,HFM-A000279,5,针灸甲乙经/论文/针灸甲乙经/504-基于复杂网络的智能配穴数目探讨.pdf,4b4036ef7ecb4be309a6988fd894182eb25b26d7cda0b3cd815def9aaa750241,content-production/corpus/extracted-text/HFM-A000279_raw.txt,TEXT
JIAYI-PAGE-HFM-A000280-1,WORK-JIAYI,DOC-HFM-A000280,HFM-A000280,1,针灸甲乙经/论文/针灸甲乙经/505-针药并用治疗慢性肾风风湿伤肾证临证经验述要.pdf,de9b20e27e4e4fafc367247a8027d61873b0a79a0e854503dd24128b04cf5129,content-production/corpus/extracted-text/HFM-A000280_raw.txt,TEXT
JIAYI-PAGE-HFM-A000280-2,WORK-JIAYI,DOC-HFM-A000280,HFM-A000280,2,针灸甲乙经/论文/针灸甲乙经/505-针药并用治疗慢性肾风风湿伤肾证临证经验述要.pdf,de9b20e27e4e4fafc367247a8027d61873b0a79a0e854503dd24128b04cf5129,content-production/corpus/extracted-text/HFM-A000280_raw.txt,TEXT
JIAYI-PAGE-HFM-A000280-3,WORK-JIAYI,DOC-HFM-A000280,HFM-A000280,3,针灸甲乙经/论文/针灸甲乙经/505-针药并用治疗慢性肾风风湿伤肾证临证经验述要.pdf,de9b20e27e4e4fafc367247a8027d61873b0a79a0e854503dd24128b04cf5129,content-production/corpus/extracted-text/HFM-A000280_raw.txt,TEXT
JIAYI-PAGE-HFM-A000281-1,WORK-JIAYI,DOC-HFM-A000281,HFM-A000281,1,针灸甲乙经/论文/针灸甲乙经/506-中医名词术语（三）.pdf,ac49816fbbc064563aa45123b095e7987c6c0c8668c72996aab61315c461e825,content-production/corpus/extracted-text/HFM-A000281_raw.txt,TEXT
JIAYI-PAGE-HFM-A000282-1,WORK-JIAYI,DOC-HFM-A000282,HFM-A000282,1,针灸甲乙经/论文/针灸甲乙经/507-敦煌《灸经图》足太阳经理论源流探析.pdf,db12e2290c0d63cb9f85bd29126779d2f136c61618378c8ed819d07be538c0ae,content-production/batches/B02/extracted-text/HFM-A000282_raw.txt,TEXT
JIAYI-PAGE-HFM-A000282-2,WORK-JIAYI,DOC-HFM-A000282,HFM-A000282,2,针灸甲乙经/论文/针灸甲乙经/507-敦煌《灸经图》足太阳经理论源流探析.pdf,db12e2290c0d63cb9f85bd29126779d2f136c61618378c8ed819d07be538c0ae,content-production/batches/B02/extracted-text/HFM-A000282_raw.txt,TEXT
JIAYI-PAGE-HFM-A000282-3,WORK-JIAYI,DOC-HFM-A000282,HFM-A000282,3,针灸甲乙经/论文/针灸甲乙经/507-敦煌《灸经图》足太阳经理论源流探析.pdf,db12e2290c0d63cb9f85bd29126779d2f136c61618378c8ed819d07be538c0ae,content-production/batches/B02/extracted-text/HFM-A000282_raw.txt,TEXT
JIAYI-PAGE-HFM-A000283-1,WORK-JIAYI,DOC-HFM-A000283,HFM-A000283,1,针灸甲乙经/论文/针灸甲乙经/508-不乳儿乳痈的古代中医文献初探.pdf,de68acd4f33d56204064db9cc51c594ff45a2b7adb94c12ea4d6c00bbea9b6af,content-production/corpus/extracted-text/HFM-A000283_raw.txt,TEXT
JIAYI-PAGE-HFM-A000283-2,WORK-JIAYI,DOC-HFM-A000283,HFM-A000283,2,针灸甲乙经/论文/针灸甲乙经/508-不乳儿乳痈的古代中医文献初探.pdf,de68acd4f33d56204064db9cc51c594ff45a2b7adb94c12ea4d6c00bbea9b6af,content-production/corpus/extracted-text/HFM-A000283_raw.txt,TEXT
JIAYI-PAGE-HFM-A000283-3,WORK-JIAYI,DOC-HFM-A000283,HFM-A000283,3,针灸甲乙经/论文/针灸甲乙经/508-不乳儿乳痈的古代中医文献初探.pdf,de68acd4f33d56204064db9cc51c594ff45a2b7adb94c12ea4d6c00bbea9b6af,content-production/corpus/extracted-text/HFM-A000283_raw.txt,TEXT
JIAYI-PAGE-HFM-A000284-1,WORK-JIAYI,DOC-HFM-A000284,HFM-A000284,1,针灸甲乙经/论文/针灸甲乙经/509-《金匮要略直解》述要.pdf,bdd0727dccc8ca08ddd83fe41d1ec30162cdb33dbfecad34c21ef7b4dedd8aca,content-production/corpus/extracted-text/HFM-A000284_raw.txt,TEXT
JIAYI-PAGE-HFM-A000284-2,WORK-JIAYI,DOC-HFM-A000284,HFM-A000284,2,针灸甲乙经/论文/针灸甲乙经/509-《金匮要略直解》述要.pdf,bdd0727dccc8ca08ddd83fe41d1ec30162cdb33dbfecad34c21ef7b4dedd8aca,content-production/corpus/extracted-text/HFM-A000284_raw.txt,TEXT
JIAYI-PAGE-HFM-A000285-1,WORK-JIAYI,DOC-HFM-A000285,HFM-A000285,1,针灸甲乙经/论文/针灸甲乙经/51-《针灸甲乙经》的针灸理论框架研究.pdf,d52ecc796b256fcf39bae4c54355d2ea0acb3cf54865c60375a1acdd5e172ae7,content-production/corpus/extracted-text/HFM-A000285_raw.txt,TEXT
JIAYI-PAGE-HFM-A000285-2,WORK-JIAYI,DOC-HFM-A000285,HFM-A000285,2,针灸甲乙经/论文/针灸甲乙经/51-《针灸甲乙经》的针灸理论框架研究.pdf,d52ecc796b256fcf39bae4c54355d2ea0acb3cf54865c60375a1acdd5e172ae7,content-production/corpus/extracted-text/HFM-A000285_raw.txt,TEXT
JIAYI-PAGE-HFM-A000285-3,WORK-JIAYI,DOC-HFM-A000285,HFM-A000285,3,针灸甲乙经/论文/针灸甲乙经/51-《针灸甲乙经》的针灸理论框架研究.pdf,d52ecc796b256fcf39bae4c54355d2ea0acb3cf54865c60375a1acdd5e172ae7,content-production/corpus/extracted-text/HFM-A000285_raw.txt,TEXT
JIAYI-PAGE-HFM-A000285-4,WORK-JIAYI,DOC-HFM-A000285,HFM-A000285,4,针灸甲乙经/论文/针灸甲乙经/51-《针灸甲乙经》的针灸理论框架研究.pdf,d52ecc796b256fcf39bae4c54355d2ea0acb3cf54865c60375a1acdd5e172ae7,content-production/corpus/extracted-text/HFM-A000285_raw.txt,TEXT
JIAYI-PAGE-HFM-A000286-1,WORK-JIAYI,DOC-HFM-A000286,HFM-A000286,1,针灸甲乙经/论文/针灸甲乙经/510-李顺保教授奇经八脉腧穴考证研究.pdf,5caa15b21817a3001db4a11c05d66e29e3ff3227b004997eb8d74dede9a2d153,content-production/corpus/extracted-text/HFM-A000286_raw.txt,TEXT
JIAYI-PAGE-HFM-A000286-2,WORK-JIAYI,DOC-HFM-A000286,HFM-A000286,2,针灸甲乙经/论文/针灸甲乙经/510-李顺保教授奇经八脉腧穴考证研究.pdf,5caa15b21817a3001db4a11c05d66e29e3ff3227b004997eb8d74dede9a2d153,content-production/corpus/extracted-text/HFM-A000286_raw.txt,TEXT
JIAYI-PAGE-HFM-A000286-3,WORK-JIAYI,DOC-HFM-A000286,HFM-A000286,3,针灸甲乙经/论文/针灸甲乙经/510-李顺保教授奇经八脉腧穴考证研究.pdf,5caa15b21817a3001db4a11c05d66e29e3ff3227b004997eb8d74dede9a2d153,content-production/corpus/extracted-text/HFM-A000286_raw.txt,TEXT
JIAYI-PAGE-HFM-A000287-1,WORK-JIAYI,DOC-HFM-A000287,HFM-A000287,1,针灸甲乙经/论文/针灸甲乙经/511-“凥”、“尻”义考.pdf,40202dc2ef955eb44737985e780e1b285e2d26c078bea9af8c4b802e38cad810,content-production/corpus/extracted-text/HFM-A000287_raw.txt,TEXT
JIAYI-PAGE-HFM-A000287-2,WORK-JIAYI,DOC-HFM-A000287,HFM-A000287,2,针灸甲乙经/论文/针灸甲乙经/511-“凥”、“尻”义考.pdf,40202dc2ef955eb44737985e780e1b285e2d26c078bea9af8c4b802e38cad810,content-production/corpus/extracted-text/HFM-A000287_raw.txt,TEXT
JIAYI-PAGE-HFM-A000287-3,WORK-JIAYI,DOC-HFM-A000287,HFM-A000287,3,针灸甲乙经/论文/针灸甲乙经/511-“凥”、“尻”义考.pdf,40202dc2ef955eb44737985e780e1b285e2d26c078bea9af8c4b802e38cad810,content-production/corpus/extracted-text/HFM-A000287_raw.txt,TEXT
JIAYI-PAGE-HFM-A000288-1,WORK-JIAYI,DOC-HFM-A000288,HFM-A000288,1,针灸甲乙经/论文/针灸甲乙经/512-《备急千金要方校释》读后的几点商榷（二）.pdf,13d114b33043160058f4a67c25060707bdf40f86b5523fd43c96c8646a16dcac,content-production/corpus/extracted-text/HFM-A000288_raw.txt,TEXT
JIAYI-PAGE-HFM-A000288-2,WORK-JIAYI,DOC-HFM-A000288,HFM-A000288,2,针灸甲乙经/论文/针灸甲乙经/512-《备急千金要方校释》读后的几点商榷（二）.pdf,13d114b33043160058f4a67c25060707bdf40f86b5523fd43c96c8646a16dcac,content-production/corpus/extracted-text/HFM-A000288_raw.txt,TEXT
JIAYI-PAGE-HFM-A000288-3,WORK-JIAYI,DOC-HFM-A000288,HFM-A000288,3,针灸甲乙经/论文/针灸甲乙经/512-《备急千金要方校释》读后的几点商榷（二）.pdf,13d114b33043160058f4a67c25060707bdf40f86b5523fd43c96c8646a16dcac,content-production/corpus/extracted-text/HFM-A000288_raw.txt,TEXT
JIAYI-PAGE-HFM-A000289-1,WORK-JIAYI,DOC-HFM-A000289,HFM-A000289,1,针灸甲乙经/论文/针灸甲乙经/513-《脉经》脉诊探微.pdf,4f8f1825ac2f337f1c63b126deeb4d552b9b9b0de99c883631923b6384596451,content-production/corpus/extracted-text/HFM-A000289_raw.txt,TEXT
JIAYI-PAGE-HFM-A000289-2,WORK-JIAYI,DOC-HFM-A000289,HFM-A000289,2,针灸甲乙经/论文/针灸甲乙经/513-《脉经》脉诊探微.pdf,4f8f1825ac2f337f1c63b126deeb4d552b9b9b0de99c883631923b6384596451,content-production/corpus/extracted-text/HFM-A000289_raw.txt,TEXT
JIAYI-PAGE-HFM-A000290-1,WORK-JIAYI,DOC-HFM-A000290,HFM-A000290,1,针灸甲乙经/论文/针灸甲乙经/514-浅谈至阳穴治疗胸痹.pdf,c7191c255d7a616373ee7ef359dc97c51356a25e18d674fb94f83b35c4443791,content-production/corpus/extracted-text/HFM-A000290_raw.txt,TEXT
JIAYI-PAGE-HFM-A000291-1,WORK-JIAYI,DOC-HFM-A000291,HFM-A000291,1,针灸甲乙经/论文/针灸甲乙经/515-粗针平刺身柱穴治疗肌张力增高验案举隅.pdf,1f3574f8800e9ab82d2bc2d05b30a5d3b5b9d5641c26f5045200f5a483d50736,content-production/corpus/extracted-text/HFM-A000291_raw.txt,TEXT
JIAYI-PAGE-HFM-A000292-1,WORK-JIAYI,DOC-HFM-A000292,HFM-A000292,1,针灸甲乙经/论文/针灸甲乙经/516-耳鸣耳聋从三焦经论治初探.pdf,0ba0172ac6ee5480dadc57649940fcb531229dab0ee05616f82ddc5c86db4510,content-production/corpus/extracted-text/HFM-A000292_raw.txt,TEXT
JIAYI-PAGE-HFM-A000292-2,WORK-JIAYI,DOC-HFM-A000292,HFM-A000292,2,针灸甲乙经/论文/针灸甲乙经/516-耳鸣耳聋从三焦经论治初探.pdf,0ba0172ac6ee5480dadc57649940fcb531229dab0ee05616f82ddc5c86db4510,content-production/corpus/extracted-text/HFM-A000292_raw.txt,TEXT
JIAYI-PAGE-HFM-A000292-3,WORK-JIAYI,DOC-HFM-A000292,HFM-A000292,3,针灸甲乙经/论文/针灸甲乙经/516-耳鸣耳聋从三焦经论治初探.pdf,0ba0172ac6ee5480dadc57649940fcb531229dab0ee05616f82ddc5c86db4510,content-production/corpus/extracted-text/HFM-A000292_raw.txt,TEXT
JIAYI-PAGE-HFM-A000293-1,WORK-JIAYI,DOC-HFM-A000293,HFM-A000293,1,针灸甲乙经/论文/针灸甲乙经/517-中医中药治愈不孕（IVF准备期间）症验案--李祥云教授临证验案撷英.pdf,bd46d94ea6448c178fe03294115672fdf2caf6da4e91693b391592d8a4059161,content-production/corpus/extracted-text/HFM-A000293_raw.txt,TEXT
JIAYI-PAGE-HFM-A000293-2,WORK-JIAYI,DOC-HFM-A000293,HFM-A000293,2,针灸甲乙经/论文/针灸甲乙经/517-中医中药治愈不孕（IVF准备期间）症验案--李祥云教授临证验案撷英.pdf,bd46d94ea6448c178fe03294115672fdf2caf6da4e91693b391592d8a4059161,content-production/corpus/extracted-text/HFM-A000293_raw.txt,TEXT
JIAYI-PAGE-HFM-A000294-1,WORK-JIAYI,DOC-HFM-A000294,HFM-A000294,1,针灸甲乙经/论文/针灸甲乙经/518-地仓穴定位探赜.pdf,386ce3ffa00562fa56b5b5298abc1411d193d8b260a9bb1694c22866932acad7,content-production/corpus/extracted-text/HFM-A000294_raw.txt,TEXT
JIAYI-PAGE-HFM-A000295-1,WORK-JIAYI,DOC-HFM-A000295,HFM-A000295,1,针灸甲乙经/论文/针灸甲乙经/519-风池穴治疗眼疾验案举隅.pdf,8a86864cfea496d9f3f17b3a11e9966e7265ef4c803eaa967e79f0188323d635,content-production/corpus/extracted-text/HFM-A000295_raw.txt,TEXT
JIAYI-PAGE-HFM-A000295-2,WORK-JIAYI,DOC-HFM-A000295,HFM-A000295,2,针灸甲乙经/论文/针灸甲乙经/519-风池穴治疗眼疾验案举隅.pdf,8a86864cfea496d9f3f17b3a11e9966e7265ef4c803eaa967e79f0188323d635,content-production/corpus/extracted-text/HFM-A000295_raw.txt,TEXT
JIAYI-PAGE-HFM-A000296-1,WORK-JIAYI,DOC-HFM-A000296,HFM-A000296,1,针灸甲乙经/论文/针灸甲乙经/52-《针灸甲乙经》皇甫谧序纠谬一则.pdf,c08f39b4ab5bf06d1d01ac59ab715968ee6083c35d2a0a9438996785b60711f2,content-production/corpus/extracted-text/HFM-A000296_raw.txt,TEXT
JIAYI-PAGE-HFM-A000296-2,WORK-JIAYI,DOC-HFM-A000296,HFM-A000296,2,针灸甲乙经/论文/针灸甲乙经/52-《针灸甲乙经》皇甫谧序纠谬一则.pdf,c08f39b4ab5bf06d1d01ac59ab715968ee6083c35d2a0a9438996785b60711f2,content-production/corpus/extracted-text/HFM-A000296_raw.txt,TEXT
JIAYI-PAGE-HFM-A000296-3,WORK-JIAYI,DOC-HFM-A000296,HFM-A000296,3,针灸甲乙经/论文/针灸甲乙经/52-《针灸甲乙经》皇甫谧序纠谬一则.pdf,c08f39b4ab5bf06d1d01ac59ab715968ee6083c35d2a0a9438996785b60711f2,content-production/corpus/extracted-text/HFM-A000296_raw.txt,TEXT
JIAYI-PAGE-HFM-A000296-4,WORK-JIAYI,DOC-HFM-A000296,HFM-A000296,4,针灸甲乙经/论文/针灸甲乙经/52-《针灸甲乙经》皇甫谧序纠谬一则.pdf,c08f39b4ab5bf06d1d01ac59ab715968ee6083c35d2a0a9438996785b60711f2,content-production/corpus/extracted-text/HFM-A000296_raw.txt,TEXT
JIAYI-PAGE-HFM-A000297-1,WORK-JIAYI,DOC-HFM-A000297,HFM-A000297,1,针灸甲乙经/论文/针灸甲乙经/520-读《黄帝内经》札记(十).pdf,bff3a1e95a88f7856e14f62d68e733dba76c60cb64d52dee8c7c940a604a35a2,content-production/corpus/extracted-text/HFM-A000297_raw.txt,TEXT
JIAYI-PAGE-HFM-A000297-2,WORK-JIAYI,DOC-HFM-A000297,HFM-A000297,2,针灸甲乙经/论文/针灸甲乙经/520-读《黄帝内经》札记(十).pdf,bff3a1e95a88f7856e14f62d68e733dba76c60cb64d52dee8c7c940a604a35a2,content-production/corpus/extracted-text/HFM-A000297_raw.txt,TEXT
JIAYI-PAGE-HFM-A000297-3,WORK-JIAYI,DOC-HFM-A000297,HFM-A000297,3,针灸甲乙经/论文/针灸甲乙经/520-读《黄帝内经》札记(十).pdf,bff3a1e95a88f7856e14f62d68e733dba76c60cb64d52dee8c7c940a604a35a2,content-production/corpus/extracted-text/HFM-A000297_raw.txt,TEXT
JIAYI-PAGE-HFM-A000298-1,WORK-JIAYI,DOC-HFM-A000298,HFM-A000298,1,针灸甲乙经/论文/针灸甲乙经/521-照海穴在五官疾病中的应用.pdf,a49a55a92ec9d02a6cdf37ee8a67fa8550c61d9c289e89d51f702168daf3c6fb,content-production/corpus/extracted-text/HFM-A000298_raw.txt,TEXT
JIAYI-PAGE-HFM-A000298-2,WORK-JIAYI,DOC-HFM-A000298,HFM-A000298,2,针灸甲乙经/论文/针灸甲乙经/521-照海穴在五官疾病中的应用.pdf,a49a55a92ec9d02a6cdf37ee8a67fa8550c61d9c289e89d51f702168daf3c6fb,content-production/corpus/extracted-text/HFM-A000298_raw.txt,TEXT
JIAYI-PAGE-HFM-A000299-1,WORK-JIAYI,DOC-HFM-A000299,HFM-A000299,1,针灸甲乙经/论文/针灸甲乙经/522-头针疗法为主的临床应用研究进展.pdf,355c01a8816fe63988b7c9a505ee7b110fdb6010e1bea24535fdf60eaa6c8bff,content-production/corpus/extracted-text/HFM-A000299_raw.txt,TEXT
JIAYI-PAGE-HFM-A000299-2,WORK-JIAYI,DOC-HFM-A000299,HFM-A000299,2,针灸甲乙经/论文/针灸甲乙经/522-头针疗法为主的临床应用研究进展.pdf,355c01a8816fe63988b7c9a505ee7b110fdb6010e1bea24535fdf60eaa6c8bff,content-production/corpus/extracted-text/HFM-A000299_raw.txt,TEXT
JIAYI-PAGE-HFM-A000299-3,WORK-JIAYI,DOC-HFM-A000299,HFM-A000299,3,针灸甲乙经/论文/针灸甲乙经/522-头针疗法为主的临床应用研究进展.pdf,355c01a8816fe63988b7c9a505ee7b110fdb6010e1bea24535fdf60eaa6c8bff,content-production/corpus/extracted-text/HFM-A000299_raw.txt,TEXT
JIAYI-PAGE-HFM-A000299-4,WORK-JIAYI,DOC-HFM-A000299,HFM-A000299,4,针灸甲乙经/论文/针灸甲乙经/522-头针疗法为主的临床应用研究进展.pdf,355c01a8816fe63988b7c9a505ee7b110fdb6010e1bea24535fdf60eaa6c8bff,content-production/corpus/extracted-text/HFM-A000299_raw.txt,TEXT
JIAYI-PAGE-HFM-A000300-1,WORK-JIAYI,DOC-HFM-A000300,HFM-A000300,1,针灸甲乙经/论文/针灸甲乙经/523-一针一灸有奇功——贺新编历史剧《皇甫谧》北京展演成功.pdf,42610de3f8c3ef2998ea67606e38d6ded6e30c8fe094c2c9433724453ba935ba,content-production/corpus/raw-ocr/HFM-A000300_p001_raw.txt,OCR
JIAYI-PAGE-HFM-A000301-1,WORK-JIAYI,DOC-HFM-A000301,HFM-A000301,1,针灸甲乙经/论文/针灸甲乙经/524-原络配穴及其现代临床应用.pdf,330976d8056551dab36c75a8629e599675afe53cbfe25749f671d0b4c257ddb3,content-production/corpus/extracted-text/HFM-A000301_raw.txt,TEXT
JIAYI-PAGE-HFM-A000301-2,WORK-JIAYI,DOC-HFM-A000301,HFM-A000301,2,针灸甲乙经/论文/针灸甲乙经/524-原络配穴及其现代临床应用.pdf,330976d8056551dab36c75a8629e599675afe53cbfe25749f671d0b4c257ddb3,content-production/corpus/extracted-text/HFM-A000301_raw.txt,TEXT
JIAYI-PAGE-HFM-A000302-1,WORK-JIAYI,DOC-HFM-A000302,HFM-A000302,1,针灸甲乙经/论文/针灸甲乙经/525-水沟穴临证运用举隅.pdf,d9521b040ef942fc606293b490254132d6b8cf4ea331402119c969061924bec4,content-production/corpus/extracted-text/HFM-A000302_raw.txt,TEXT
JIAYI-PAGE-HFM-A000302-2,WORK-JIAYI,DOC-HFM-A000302,HFM-A000302,2,针灸甲乙经/论文/针灸甲乙经/525-水沟穴临证运用举隅.pdf,d9521b040ef942fc606293b490254132d6b8cf4ea331402119c969061924bec4,content-production/corpus/extracted-text/HFM-A000302_raw.txt,TEXT
JIAYI-PAGE-HFM-A000303-1,WORK-JIAYI,DOC-HFM-A000303,HFM-A000303,1,针灸甲乙经/论文/针灸甲乙经/526-谈_张仲景见王粲_故事之真伪.pdf,63a3bc7b3ff56212ed3c81832e778cede3d625172b1677178230f143e6948b61,content-production/corpus/extracted-text/HFM-A000303_raw.txt,TEXT
JIAYI-PAGE-HFM-A000303-2,WORK-JIAYI,DOC-HFM-A000303,HFM-A000303,2,针灸甲乙经/论文/针灸甲乙经/526-谈_张仲景见王粲_故事之真伪.pdf,63a3bc7b3ff56212ed3c81832e778cede3d625172b1677178230f143e6948b61,content-production/corpus/extracted-text/HFM-A000303_raw.txt,TEXT
JIAYI-PAGE-HFM-A000304-1,WORK-JIAYI,DOC-HFM-A000304,HFM-A000304,1,针灸甲乙经/论文/针灸甲乙经/527-罗灵松老中医临证经验拾贝.pdf,566abe17463db3a0da0e41ba3322ffd28b5c1ddcd3e77f33da9c9b76956e749b,content-production/corpus/extracted-text/HFM-A000304_raw.txt,TEXT
JIAYI-PAGE-HFM-A000304-2,WORK-JIAYI,DOC-HFM-A000304,HFM-A000304,2,针灸甲乙经/论文/针灸甲乙经/527-罗灵松老中医临证经验拾贝.pdf,566abe17463db3a0da0e41ba3322ffd28b5c1ddcd3e77f33da9c9b76956e749b,content-production/corpus/extracted-text/HFM-A000304_raw.txt,TEXT
JIAYI-PAGE-HFM-A000305-1,WORK-JIAYI,DOC-HFM-A000305,HFM-A000305,1,针灸甲乙经/论文/针灸甲乙经/528-宋人增补《千金要方》内容考证.pdf,7485f7cae827ff0fa13360a39f71ef931e881c09e288a3e21deb1359d0bcd988,content-production/corpus/extracted-text/HFM-A000305_raw.txt,TEXT
JIAYI-PAGE-HFM-A000305-2,WORK-JIAYI,DOC-HFM-A000305,HFM-A000305,2,针灸甲乙经/论文/针灸甲乙经/528-宋人增补《千金要方》内容考证.pdf,7485f7cae827ff0fa13360a39f71ef931e881c09e288a3e21deb1359d0bcd988,content-production/corpus/extracted-text/HFM-A000305_raw.txt,TEXT
JIAYI-PAGE-HFM-A000305-3,WORK-JIAYI,DOC-HFM-A000305,HFM-A000305,3,针灸甲乙经/论文/针灸甲乙经/528-宋人增补《千金要方》内容考证.pdf,7485f7cae827ff0fa13360a39f71ef931e881c09e288a3e21deb1359d0bcd988,content-production/corpus/extracted-text/HFM-A000305_raw.txt,TEXT
JIAYI-PAGE-HFM-A000306-1,WORK-JIAYI,DOC-HFM-A000306,HFM-A000306,1,针灸甲乙经/论文/针灸甲乙经/529-神阙穴在急症中运用举隅.pdf,1cd6798e80207ab572985fc54d08d4af56bb1c8aa2b8da3ef469bfadf488a7a4,content-production/corpus/extracted-text/HFM-A000306_raw.txt,TEXT
JIAYI-PAGE-HFM-A000306-2,WORK-JIAYI,DOC-HFM-A000306,HFM-A000306,2,针灸甲乙经/论文/针灸甲乙经/529-神阙穴在急症中运用举隅.pdf,1cd6798e80207ab572985fc54d08d4af56bb1c8aa2b8da3ef469bfadf488a7a4,content-production/corpus/extracted-text/HFM-A000306_raw.txt,TEXT
JIAYI-PAGE-HFM-A000307-1,WORK-JIAYI,DOC-HFM-A000307,HFM-A000307,1,针灸甲乙经/论文/针灸甲乙经/530-四肢部古代解剖学名词今译.pdf,417b38718f123b943ba5548bbe20ca6bee645a29c90bdc76a65e82d7ab5f186d,content-production/batches/B02/extracted-text/HFM-A000307_raw.txt,TEXT
JIAYI-PAGE-HFM-A000307-2,WORK-JIAYI,DOC-HFM-A000307,HFM-A000307,2,针灸甲乙经/论文/针灸甲乙经/530-四肢部古代解剖学名词今译.pdf,417b38718f123b943ba5548bbe20ca6bee645a29c90bdc76a65e82d7ab5f186d,content-production/batches/B02/extracted-text/HFM-A000307_raw.txt,TEXT
JIAYI-PAGE-HFM-A000307-3,WORK-JIAYI,DOC-HFM-A000307,HFM-A000307,3,针灸甲乙经/论文/针灸甲乙经/530-四肢部古代解剖学名词今译.pdf,417b38718f123b943ba5548bbe20ca6bee645a29c90bdc76a65e82d7ab5f186d,content-production/batches/B02/extracted-text/HFM-A000307_raw.txt,TEXT
JIAYI-PAGE-HFM-A000308-1,WORK-JIAYI,DOC-HFM-A000308,HFM-A000308,1,针灸甲乙经/论文/针灸甲乙经/531-头针的临床应用与研究进展.pdf,c497a2757679190300118aa88e058f448558502248e196c61f16b3d2e6521afc,content-production/corpus/extracted-text/HFM-A000308_raw.txt,TEXT
JIAYI-PAGE-HFM-A000308-2,WORK-JIAYI,DOC-HFM-A000308,HFM-A000308,2,针灸甲乙经/论文/针灸甲乙经/531-头针的临床应用与研究进展.pdf,c497a2757679190300118aa88e058f448558502248e196c61f16b3d2e6521afc,content-production/corpus/extracted-text/HFM-A000308_raw.txt,TEXT
JIAYI-PAGE-HFM-A000308-3,WORK-JIAYI,DOC-HFM-A000308,HFM-A000308,3,针灸甲乙经/论文/针灸甲乙经/531-头针的临床应用与研究进展.pdf,c497a2757679190300118aa88e058f448558502248e196c61f16b3d2e6521afc,content-production/corpus/extracted-text/HFM-A000308_raw.txt,TEXT
JIAYI-PAGE-HFM-A000309-1,WORK-JIAYI,DOC-HFM-A000309,HFM-A000309,1,针灸甲乙经/论文/针灸甲乙经/532-李平教授水沟穴治验举隅.pdf,635ffb66f8274174ce4e495a9a1c5f170f43db41a30727023e5c488bc3ef64eb,content-production/corpus/extracted-text/HFM-A000309_raw.txt,TEXT
JIAYI-PAGE-HFM-A000309-2,WORK-JIAYI,DOC-HFM-A000309,HFM-A000309,2,针灸甲乙经/论文/针灸甲乙经/532-李平教授水沟穴治验举隅.pdf,635ffb66f8274174ce4e495a9a1c5f170f43db41a30727023e5c488bc3ef64eb,content-production/corpus/extracted-text/HFM-A000309_raw.txt,TEXT
JIAYI-PAGE-HFM-A000309-3,WORK-JIAYI,DOC-HFM-A000309,HFM-A000309,3,针灸甲乙经/论文/针灸甲乙经/532-李平教授水沟穴治验举隅.pdf,635ffb66f8274174ce4e495a9a1c5f170f43db41a30727023e5c488bc3ef64eb,content-production/corpus/extracted-text/HFM-A000309_raw.txt,TEXT
JIAYI-PAGE-HFM-A000310-1,WORK-JIAYI,DOC-HFM-A000310,HFM-A000310,1,针灸甲乙经/论文/针灸甲乙经/533-论运气_七篇大论_与《素问》的关系.pdf,7bd620b57ab9805e0dc8526bd9b6ec3c22dbc4710bb7d70bb9bdfaa6bab95a39,content-production/corpus/extracted-text/HFM-A000310_raw.txt,TEXT
JIAYI-PAGE-HFM-A000310-2,WORK-JIAYI,DOC-HFM-A000310,HFM-A000310,2,针灸甲乙经/论文/针灸甲乙经/533-论运气_七篇大论_与《素问》的关系.pdf,7bd620b57ab9805e0dc8526bd9b6ec3c22dbc4710bb7d70bb9bdfaa6bab95a39,content-production/corpus/extracted-text/HFM-A000310_raw.txt,TEXT
JIAYI-PAGE-HFM-A000311-1,WORK-JIAYI,DOC-HFM-A000311,HFM-A000311,1,针灸甲乙经/论文/针灸甲乙经/534-古代文献中百会穴的记载.pdf,9707e44670ced5af0918f2ea628af8141cff24892f6270a5c6a7b511a28ce335,content-production/corpus/extracted-text/HFM-A000311_raw.txt,TEXT
JIAYI-PAGE-HFM-A000311-2,WORK-JIAYI,DOC-HFM-A000311,HFM-A000311,2,针灸甲乙经/论文/针灸甲乙经/534-古代文献中百会穴的记载.pdf,9707e44670ced5af0918f2ea628af8141cff24892f6270a5c6a7b511a28ce335,content-production/corpus/extracted-text/HFM-A000311_raw.txt,TEXT
JIAYI-PAGE-HFM-A000312-1,WORK-JIAYI,DOC-HFM-A000312,HFM-A000312,1,针灸甲乙经/论文/针灸甲乙经/535-合谷配穴谈.pdf,8895e836eacba99ce10cb13d334671d4ef88d8962e26a1e0def2d95b03fad7ea,content-production/corpus/extracted-text/HFM-A000312_raw.txt,TEXT
JIAYI-PAGE-HFM-A000312-2,WORK-JIAYI,DOC-HFM-A000312,HFM-A000312,2,针灸甲乙经/论文/针灸甲乙经/535-合谷配穴谈.pdf,8895e836eacba99ce10cb13d334671d4ef88d8962e26a1e0def2d95b03fad7ea,content-production/corpus/extracted-text/HFM-A000312_raw.txt,TEXT
JIAYI-PAGE-HFM-A000313-1,WORK-JIAYI,DOC-HFM-A000313,HFM-A000313,1,针灸甲乙经/论文/针灸甲乙经/536-《黄帝内经》论经络学说浅析(下).pdf,db29443d377e0356d781baa1ab95a14c50586266f9040ea483ddd52c2c315b11,content-production/corpus/extracted-text/HFM-A000313_raw.txt,TEXT
JIAYI-PAGE-HFM-A000313-2,WORK-JIAYI,DOC-HFM-A000313,HFM-A000313,2,针灸甲乙经/论文/针灸甲乙经/536-《黄帝内经》论经络学说浅析(下).pdf,db29443d377e0356d781baa1ab95a14c50586266f9040ea483ddd52c2c315b11,content-production/corpus/extracted-text/HFM-A000313_raw.txt,TEXT
JIAYI-PAGE-HFM-A000313-3,WORK-JIAYI,DOC-HFM-A000313,HFM-A000313,3,针灸甲乙经/论文/针灸甲乙经/536-《黄帝内经》论经络学说浅析(下).pdf,db29443d377e0356d781baa1ab95a14c50586266f9040ea483ddd52c2c315b11,content-production/corpus/extracted-text/HFM-A000313_raw.txt,TEXT
JIAYI-PAGE-HFM-A000313-4,WORK-JIAYI,DOC-HFM-A000313,HFM-A000313,4,针灸甲乙经/论文/针灸甲乙经/536-《黄帝内经》论经络学说浅析(下).pdf,db29443d377e0356d781baa1ab95a14c50586266f9040ea483ddd52c2c315b11,content-production/corpus/extracted-text/HFM-A000313_raw.txt,TEXT
JIAYI-PAGE-HFM-A000314-1,WORK-JIAYI,DOC-HFM-A000314,HFM-A000314,1,针灸甲乙经/论文/针灸甲乙经/537-浅析十二原穴主治作用.pdf,8270365c94041b2e49c955eb76d813a58064b3772ab8ee7826377bfcc5f1d8e8,content-production/corpus/extracted-text/HFM-A000314_raw.txt,TEXT
JIAYI-PAGE-HFM-A000314-2,WORK-JIAYI,DOC-HFM-A000314,HFM-A000314,2,针灸甲乙经/论文/针灸甲乙经/537-浅析十二原穴主治作用.pdf,8270365c94041b2e49c955eb76d813a58064b3772ab8ee7826377bfcc5f1d8e8,content-production/corpus/extracted-text/HFM-A000314_raw.txt,TEXT
JIAYI-PAGE-HFM-A000314-3,WORK-JIAYI,DOC-HFM-A000314,HFM-A000314,3,针灸甲乙经/论文/针灸甲乙经/537-浅析十二原穴主治作用.pdf,8270365c94041b2e49c955eb76d813a58064b3772ab8ee7826377bfcc5f1d8e8,content-production/corpus/extracted-text/HFM-A000314_raw.txt,TEXT
JIAYI-PAGE-HFM-A000315-1,WORK-JIAYI,DOC-HFM-A000315,HFM-A000315,1,针灸甲乙经/论文/针灸甲乙经/538-宋以前中医小儿外治法发展概述.pdf,f21089701acc470b67fb77aec39bc7991a74b691aebdc40f7c8790cbee61bba9,content-production/corpus/extracted-text/HFM-A000315_raw.txt,TEXT
JIAYI-PAGE-HFM-A000315-2,WORK-JIAYI,DOC-HFM-A000315,HFM-A000315,2,针灸甲乙经/论文/针灸甲乙经/538-宋以前中医小儿外治法发展概述.pdf,f21089701acc470b67fb77aec39bc7991a74b691aebdc40f7c8790cbee61bba9,content-production/corpus/extracted-text/HFM-A000315_raw.txt,TEXT
JIAYI-PAGE-HFM-A000315-3,WORK-JIAYI,DOC-HFM-A000315,HFM-A000315,3,针灸甲乙经/论文/针灸甲乙经/538-宋以前中医小儿外治法发展概述.pdf,f21089701acc470b67fb77aec39bc7991a74b691aebdc40f7c8790cbee61bba9,content-production/corpus/extracted-text/HFM-A000315_raw.txt,TEXT
JIAYI-PAGE-HFM-A000315-4,WORK-JIAYI,DOC-HFM-A000315,HFM-A000315,4,针灸甲乙经/论文/针灸甲乙经/538-宋以前中医小儿外治法发展概述.pdf,f21089701acc470b67fb77aec39bc7991a74b691aebdc40f7c8790cbee61bba9,content-production/corpus/extracted-text/HFM-A000315_raw.txt,TEXT
JIAYI-PAGE-HFM-A000316-1,WORK-JIAYI,DOC-HFM-A000316,HFM-A000316,1,针灸甲乙经/论文/针灸甲乙经/539-杨骏教授运用益气养血通络法治疗格林-巴利综合征的经验.pdf,38a65f6935a5e186a1226820cbff09c5aa745c563f46da33969b9b17b9f2d780,content-production/corpus/extracted-text/HFM-A000316_raw.txt,TEXT
JIAYI-PAGE-HFM-A000316-2,WORK-JIAYI,DOC-HFM-A000316,HFM-A000316,2,针灸甲乙经/论文/针灸甲乙经/539-杨骏教授运用益气养血通络法治疗格林-巴利综合征的经验.pdf,38a65f6935a5e186a1226820cbff09c5aa745c563f46da33969b9b17b9f2d780,content-production/corpus/extracted-text/HFM-A000316_raw.txt,TEXT
JIAYI-PAGE-HFM-A000316-3,WORK-JIAYI,DOC-HFM-A000316,HFM-A000316,3,针灸甲乙经/论文/针灸甲乙经/539-杨骏教授运用益气养血通络法治疗格林-巴利综合征的经验.pdf,38a65f6935a5e186a1226820cbff09c5aa745c563f46da33969b9b17b9f2d780,content-production/corpus/extracted-text/HFM-A000316_raw.txt,TEXT
JIAYI-PAGE-HFM-A000317-1,WORK-JIAYI,DOC-HFM-A000317,HFM-A000317,1,针灸甲乙经/论文/针灸甲乙经/54-《黄帝针灸甲乙经》论治妇科疾病浅释.pdf,293f47f6f5dc121c5717da8882d70b94ad1dbd7d978f11ad6a8783a4669eb1f7,content-production/corpus/extracted-text/HFM-A000317_raw.txt,TEXT
JIAYI-PAGE-HFM-A000317-2,WORK-JIAYI,DOC-HFM-A000317,HFM-A000317,2,针灸甲乙经/论文/针灸甲乙经/54-《黄帝针灸甲乙经》论治妇科疾病浅释.pdf,293f47f6f5dc121c5717da8882d70b94ad1dbd7d978f11ad6a8783a4669eb1f7,content-production/corpus/extracted-text/HFM-A000317_raw.txt,TEXT
JIAYI-PAGE-HFM-A000317-3,WORK-JIAYI,DOC-HFM-A000317,HFM-A000317,3,针灸甲乙经/论文/针灸甲乙经/54-《黄帝针灸甲乙经》论治妇科疾病浅释.pdf,293f47f6f5dc121c5717da8882d70b94ad1dbd7d978f11ad6a8783a4669eb1f7,content-production/corpus/extracted-text/HFM-A000317_raw.txt,TEXT
JIAYI-PAGE-HFM-A000318-1,WORK-JIAYI,DOC-HFM-A000318,HFM-A000318,1,针灸甲乙经/论文/针灸甲乙经/540-点按手三里治疗急性腹痛的机制探讨.pdf,693519f2b6c9e31555f58bac3ddcacce3da2490bf84bdda2478adc94b510a977,content-production/corpus/extracted-text/HFM-A000318_raw.txt,TEXT
JIAYI-PAGE-HFM-A000318-2,WORK-JIAYI,DOC-HFM-A000318,HFM-A000318,2,针灸甲乙经/论文/针灸甲乙经/540-点按手三里治疗急性腹痛的机制探讨.pdf,693519f2b6c9e31555f58bac3ddcacce3da2490bf84bdda2478adc94b510a977,content-production/corpus/extracted-text/HFM-A000318_raw.txt,TEXT
JIAYI-PAGE-HFM-A000318-3,WORK-JIAYI,DOC-HFM-A000318,HFM-A000318,3,针灸甲乙经/论文/针灸甲乙经/540-点按手三里治疗急性腹痛的机制探讨.pdf,693519f2b6c9e31555f58bac3ddcacce3da2490bf84bdda2478adc94b510a977,content-production/corpus/extracted-text/HFM-A000318_raw.txt,TEXT
JIAYI-PAGE-HFM-A000319-1,WORK-JIAYI,DOC-HFM-A000319,HFM-A000319,1,针灸甲乙经/论文/针灸甲乙经/541-针药并治老年性肺炎验案一则探析.pdf,5959d957144dc6fd1ccc6e7b3a6df09f246e41fd73c90b934095b6491e9a032e,content-production/corpus/extracted-text/HFM-A000319_raw.txt,TEXT
JIAYI-PAGE-HFM-A000319-2,WORK-JIAYI,DOC-HFM-A000319,HFM-A000319,2,针灸甲乙经/论文/针灸甲乙经/541-针药并治老年性肺炎验案一则探析.pdf,5959d957144dc6fd1ccc6e7b3a6df09f246e41fd73c90b934095b6491e9a032e,content-production/corpus/extracted-text/HFM-A000319_raw.txt,TEXT
JIAYI-PAGE-HFM-A000320-1,WORK-JIAYI,DOC-HFM-A000320,HFM-A000320,1,针灸甲乙经/论文/针灸甲乙经/542-杨骏教授应用滋肾益髓法治疗亨廷顿舞蹈病经验.pdf,3f482597bcb7856432fd3f6fbdf5eb763564e299b38398a38d39fad6b60d05ad,content-production/corpus/extracted-text/HFM-A000320_raw.txt,TEXT
JIAYI-PAGE-HFM-A000320-2,WORK-JIAYI,DOC-HFM-A000320,HFM-A000320,2,针灸甲乙经/论文/针灸甲乙经/542-杨骏教授应用滋肾益髓法治疗亨廷顿舞蹈病经验.pdf,3f482597bcb7856432fd3f6fbdf5eb763564e299b38398a38d39fad6b60d05ad,content-production/corpus/extracted-text/HFM-A000320_raw.txt,TEXT
JIAYI-PAGE-HFM-A000320-3,WORK-JIAYI,DOC-HFM-A000320,HFM-A000320,3,针灸甲乙经/论文/针灸甲乙经/542-杨骏教授应用滋肾益髓法治疗亨廷顿舞蹈病经验.pdf,3f482597bcb7856432fd3f6fbdf5eb763564e299b38398a38d39fad6b60d05ad,content-production/corpus/extracted-text/HFM-A000320_raw.txt,TEXT
JIAYI-PAGE-HFM-A000321-1,WORK-JIAYI,DOC-HFM-A000321,HFM-A000321,1,针灸甲乙经/论文/针灸甲乙经/543-浅谈人体的阴阳五行.pdf,248ddbb75fa438e0fac072a9ff587588d484516673745f4b6ed8205f588c9027,content-production/corpus/extracted-text/HFM-A000321_raw.txt,TEXT
JIAYI-PAGE-HFM-A000322-1,WORK-JIAYI,DOC-HFM-A000322,HFM-A000322,1,针灸甲乙经/论文/针灸甲乙经/544-睛明穴的解剖学研究及针刺应用.pdf,081c24e35b81c370d9b0c0c1b1202a8a48327309754dbc4ae55170d5d521d9bd,content-production/corpus/extracted-text/HFM-A000322_raw.txt,TEXT
JIAYI-PAGE-HFM-A000322-2,WORK-JIAYI,DOC-HFM-A000322,HFM-A000322,2,针灸甲乙经/论文/针灸甲乙经/544-睛明穴的解剖学研究及针刺应用.pdf,081c24e35b81c370d9b0c0c1b1202a8a48327309754dbc4ae55170d5d521d9bd,content-production/corpus/extracted-text/HFM-A000322_raw.txt,TEXT
JIAYI-PAGE-HFM-A000323-1,WORK-JIAYI,DOC-HFM-A000323,HFM-A000323,1,针灸甲乙经/论文/针灸甲乙经/545-略论_缪刺_与_巨刺_.pdf,d0ed848cc554aef54ca13f597699fa5a64db050ba5649678cab008db6e84ea53,content-production/corpus/extracted-text/HFM-A000323_raw.txt,TEXT
JIAYI-PAGE-HFM-A000323-2,WORK-JIAYI,DOC-HFM-A000323,HFM-A000323,2,针灸甲乙经/论文/针灸甲乙经/545-略论_缪刺_与_巨刺_.pdf,d0ed848cc554aef54ca13f597699fa5a64db050ba5649678cab008db6e84ea53,content-production/corpus/extracted-text/HFM-A000323_raw.txt,TEXT
JIAYI-PAGE-HFM-A000324-1,WORK-JIAYI,DOC-HFM-A000324,HFM-A000324,1,针灸甲乙经/论文/针灸甲乙经/546-古朝(zh(u))那县址及皇甫谧籍贯又考.pdf,e22c22c24ff799105d1a8d5b32e58cf257fbace92b39739ea18e5a413d3bfe28,content-production/corpus/extracted-text/HFM-A000324_raw.txt,TEXT
JIAYI-PAGE-HFM-A000324-2,WORK-JIAYI,DOC-HFM-A000324,HFM-A000324,2,针灸甲乙经/论文/针灸甲乙经/546-古朝(zh(u))那县址及皇甫谧籍贯又考.pdf,e22c22c24ff799105d1a8d5b32e58cf257fbace92b39739ea18e5a413d3bfe28,content-production/corpus/extracted-text/HFM-A000324_raw.txt,TEXT
JIAYI-PAGE-HFM-A000325-1,WORK-JIAYI,DOC-HFM-A000325,HFM-A000325,1,针灸甲乙经/论文/针灸甲乙经/547-胸痹心痛的病名演变.pdf,6c8c1480bebde814f5ea04b2dcec688ae147661630bd871932ffb96787eebd73,content-production/corpus/extracted-text/HFM-A000325_raw.txt,TEXT
JIAYI-PAGE-HFM-A000325-2,WORK-JIAYI,DOC-HFM-A000325,HFM-A000325,2,针灸甲乙经/论文/针灸甲乙经/547-胸痹心痛的病名演变.pdf,6c8c1480bebde814f5ea04b2dcec688ae147661630bd871932ffb96787eebd73,content-production/corpus/extracted-text/HFM-A000325_raw.txt,TEXT
JIAYI-PAGE-HFM-A000325-3,WORK-JIAYI,DOC-HFM-A000325,HFM-A000325,3,针灸甲乙经/论文/针灸甲乙经/547-胸痹心痛的病名演变.pdf,6c8c1480bebde814f5ea04b2dcec688ae147661630bd871932ffb96787eebd73,content-production/corpus/extracted-text/HFM-A000325_raw.txt,TEXT
JIAYI-PAGE-HFM-A000325-4,WORK-JIAYI,DOC-HFM-A000325,HFM-A000325,4,针灸甲乙经/论文/针灸甲乙经/547-胸痹心痛的病名演变.pdf,6c8c1480bebde814f5ea04b2dcec688ae147661630bd871932ffb96787eebd73,content-production/corpus/extracted-text/HFM-A000325_raw.txt,TEXT
JIAYI-PAGE-HFM-A000326-1,WORK-JIAYI,DOC-HFM-A000326,HFM-A000326,1,针灸甲乙经/论文/针灸甲乙经/548-针刺长强穴为主治疗神经系统疾病验案2则.pdf,15e26bcba52b7987c34d6e2f9702fcb2a80731fb16eefd8c9d9c8977000ebb37,content-production/corpus/extracted-text/HFM-A000326_raw.txt,TEXT
JIAYI-PAGE-HFM-A000326-2,WORK-JIAYI,DOC-HFM-A000326,HFM-A000326,2,针灸甲乙经/论文/针灸甲乙经/548-针刺长强穴为主治疗神经系统疾病验案2则.pdf,15e26bcba52b7987c34d6e2f9702fcb2a80731fb16eefd8c9d9c8977000ebb37,content-production/corpus/extracted-text/HFM-A000326_raw.txt,TEXT
JIAYI-PAGE-HFM-A000327-1,WORK-JIAYI,DOC-HFM-A000327,HFM-A000327,1,针灸甲乙经/论文/针灸甲乙经/549-关于髓会所在的思考.pdf,2a4536b6f02cd00ec1412bfa6993f35fe7663f10321f77fd5130dfeb41b09944,content-production/corpus/extracted-text/HFM-A000327_raw.txt,TEXT
JIAYI-PAGE-HFM-A000327-2,WORK-JIAYI,DOC-HFM-A000327,HFM-A000327,2,针灸甲乙经/论文/针灸甲乙经/549-关于髓会所在的思考.pdf,2a4536b6f02cd00ec1412bfa6993f35fe7663f10321f77fd5130dfeb41b09944,content-production/corpus/extracted-text/HFM-A000327_raw.txt,TEXT
JIAYI-PAGE-HFM-A000327-3,WORK-JIAYI,DOC-HFM-A000327,HFM-A000327,3,针灸甲乙经/论文/针灸甲乙经/549-关于髓会所在的思考.pdf,2a4536b6f02cd00ec1412bfa6993f35fe7663f10321f77fd5130dfeb41b09944,content-production/corpus/extracted-text/HFM-A000327_raw.txt,TEXT
JIAYI-PAGE-HFM-A000327-4,WORK-JIAYI,DOC-HFM-A000327,HFM-A000327,4,针灸甲乙经/论文/针灸甲乙经/549-关于髓会所在的思考.pdf,2a4536b6f02cd00ec1412bfa6993f35fe7663f10321f77fd5130dfeb41b09944,content-production/corpus/extracted-text/HFM-A000327_raw.txt,TEXT
JIAYI-PAGE-HFM-A000328-1,WORK-JIAYI,DOC-HFM-A000328,HFM-A000328,1,针灸甲乙经/论文/针灸甲乙经/55-《针灸甲乙经》中心痛的疗法特点分析.pdf,b845cb6a3367f1920f3e9af383d87d66ae444b00a3e379c93124d4cd4b8d481f,content-production/corpus/extracted-text/HFM-A000328_raw.txt,TEXT
JIAYI-PAGE-HFM-A000328-2,WORK-JIAYI,DOC-HFM-A000328,HFM-A000328,2,针灸甲乙经/论文/针灸甲乙经/55-《针灸甲乙经》中心痛的疗法特点分析.pdf,b845cb6a3367f1920f3e9af383d87d66ae444b00a3e379c93124d4cd4b8d481f,content-production/corpus/extracted-text/HFM-A000328_raw.txt,TEXT
JIAYI-PAGE-HFM-A000329-1,WORK-JIAYI,DOC-HFM-A000329,HFM-A000329,1,针灸甲乙经/论文/针灸甲乙经/550-王冰次注《素问》条例简析.pdf,7e8a41220decfc505b14148a25ba9ff2f0f9615e240a0a05ef2c25886508a76c,content-production/corpus/extracted-text/HFM-A000329_raw.txt,TEXT
JIAYI-PAGE-HFM-A000329-2,WORK-JIAYI,DOC-HFM-A000329,HFM-A000329,2,针灸甲乙经/论文/针灸甲乙经/550-王冰次注《素问》条例简析.pdf,7e8a41220decfc505b14148a25ba9ff2f0f9615e240a0a05ef2c25886508a76c,content-production/corpus/extracted-text/HFM-A000329_raw.txt,TEXT
JIAYI-PAGE-HFM-A000330-1,WORK-JIAYI,DOC-HFM-A000330,HFM-A000330,1,针灸甲乙经/论文/针灸甲乙经/551-浅谈人迎穴的应用.pdf,21a200427042d3c1333dad77ca11f69a5d1e5f0cf4392453f75d334ce9502a6b,content-production/corpus/extracted-text/HFM-A000330_raw.txt,TEXT
JIAYI-PAGE-HFM-A000330-2,WORK-JIAYI,DOC-HFM-A000330,HFM-A000330,2,针灸甲乙经/论文/针灸甲乙经/551-浅谈人迎穴的应用.pdf,21a200427042d3c1333dad77ca11f69a5d1e5f0cf4392453f75d334ce9502a6b,content-production/corpus/extracted-text/HFM-A000330_raw.txt,TEXT
JIAYI-PAGE-HFM-A000330-3,WORK-JIAYI,DOC-HFM-A000330,HFM-A000330,3,针灸甲乙经/论文/针灸甲乙经/551-浅谈人迎穴的应用.pdf,21a200427042d3c1333dad77ca11f69a5d1e5f0cf4392453f75d334ce9502a6b,content-production/corpus/extracted-text/HFM-A000330_raw.txt,TEXT
JIAYI-PAGE-HFM-A000331-1,WORK-JIAYI,DOC-HFM-A000331,HFM-A000331,1,针灸甲乙经/论文/针灸甲乙经/552-环跳穴的临床应用.pdf,9eb02cd42ceaf048c60fe73913a5e119a49a466217dfa0ed98eaca15f8c4ede6,content-production/batches/B02/extracted-text/HFM-A000331_raw.txt,TEXT
JIAYI-PAGE-HFM-A000331-2,WORK-JIAYI,DOC-HFM-A000331,HFM-A000331,2,针灸甲乙经/论文/针灸甲乙经/552-环跳穴的临床应用.pdf,9eb02cd42ceaf048c60fe73913a5e119a49a466217dfa0ed98eaca15f8c4ede6,content-production/batches/B02/extracted-text/HFM-A000331_raw.txt,TEXT
JIAYI-PAGE-HFM-A000332-1,WORK-JIAYI,DOC-HFM-A000332,HFM-A000332,1,针灸甲乙经/论文/针灸甲乙经/553-古《明堂经》考析.pdf,d461b067850595c82ab7ec25c21c04777e54f49dc3446b30f0d45e22cb518ce4,content-production/corpus/extracted-text/HFM-A000332_raw.txt,TEXT
JIAYI-PAGE-HFM-A000332-2,WORK-JIAYI,DOC-HFM-A000332,HFM-A000332,2,针灸甲乙经/论文/针灸甲乙经/553-古《明堂经》考析.pdf,d461b067850595c82ab7ec25c21c04777e54f49dc3446b30f0d45e22cb518ce4,content-production/corpus/extracted-text/HFM-A000332_raw.txt,TEXT
JIAYI-PAGE-HFM-A000332-3,WORK-JIAYI,DOC-HFM-A000332,HFM-A000332,3,针灸甲乙经/论文/针灸甲乙经/553-古《明堂经》考析.pdf,d461b067850595c82ab7ec25c21c04777e54f49dc3446b30f0d45e22cb518ce4,content-production/corpus/extracted-text/HFM-A000332_raw.txt,TEXT
JIAYI-PAGE-HFM-A000333-1,WORK-JIAYI,DOC-HFM-A000333,HFM-A000333,1,针灸甲乙经/论文/针灸甲乙经/554-瘢痕灸预防脑血管病的复发.pdf,aa358c2a32b10045df205a2e3010cce180638ff9d181b03370ed2369a49bdf8d,content-production/corpus/extracted-text/HFM-A000333_raw.txt,TEXT
JIAYI-PAGE-HFM-A000334-1,WORK-JIAYI,DOC-HFM-A000334,HFM-A000334,1,针灸甲乙经/论文/针灸甲乙经/555-完骨穴的临床应用举隅.pdf,04d64c4f483a63acbab8be3fa7736d50cfb700e9f58d6f0d0dfa4f356ce81d25,content-production/corpus/extracted-text/HFM-A000334_raw.txt,TEXT
JIAYI-PAGE-HFM-A000335-1,WORK-JIAYI,DOC-HFM-A000335,HFM-A000335,1,针灸甲乙经/论文/针灸甲乙经/556-百会穴的临床应用浅析.pdf,9c4414e8a9d7489bcafcbbc1e3fcd708e2900bc4052898284d71c325732ca623,content-production/corpus/extracted-text/HFM-A000335_raw.txt,TEXT
JIAYI-PAGE-HFM-A000335-2,WORK-JIAYI,DOC-HFM-A000335,HFM-A000335,2,针灸甲乙经/论文/针灸甲乙经/556-百会穴的临床应用浅析.pdf,9c4414e8a9d7489bcafcbbc1e3fcd708e2900bc4052898284d71c325732ca623,content-production/corpus/extracted-text/HFM-A000335_raw.txt,TEXT
JIAYI-PAGE-HFM-A000336-1,WORK-JIAYI,DOC-HFM-A000336,HFM-A000336,1,针灸甲乙经/论文/针灸甲乙经/557-析哑门穴.pdf,81de3c8d2805397dd933a827c1233a53718d840b9126b1e6295ef55286730c74,content-production/corpus/extracted-text/HFM-A000336_raw.txt,TEXT
JIAYI-PAGE-HFM-A000336-2,WORK-JIAYI,DOC-HFM-A000336,HFM-A000336,2,针灸甲乙经/论文/针灸甲乙经/557-析哑门穴.pdf,81de3c8d2805397dd933a827c1233a53718d840b9126b1e6295ef55286730c74,content-production/corpus/extracted-text/HFM-A000336_raw.txt,TEXT
JIAYI-PAGE-HFM-A000337-1,WORK-JIAYI,DOC-HFM-A000337,HFM-A000337,1,针灸甲乙经/论文/针灸甲乙经/558-穴法派的形成与发展.pdf,1ada58bae1b9cdf7e957d3aad68a5c9bb1765ea2c85311a4d318c7ba3df6ca85,content-production/corpus/extracted-text/HFM-A000337_raw.txt,TEXT
JIAYI-PAGE-HFM-A000337-2,WORK-JIAYI,DOC-HFM-A000337,HFM-A000337,2,针灸甲乙经/论文/针灸甲乙经/558-穴法派的形成与发展.pdf,1ada58bae1b9cdf7e957d3aad68a5c9bb1765ea2c85311a4d318c7ba3df6ca85,content-production/corpus/extracted-text/HFM-A000337_raw.txt,TEXT
JIAYI-PAGE-HFM-A000338-1,WORK-JIAYI,DOC-HFM-A000338,HFM-A000338,1,针灸甲乙经/论文/针灸甲乙经/559-独取神阙穴临床应用体会.pdf,921b3f594875d2e54f77410c854ab56f36c101e281d3ddfd0e8791936673cbf0,content-production/corpus/extracted-text/HFM-A000338_raw.txt,TEXT
JIAYI-PAGE-HFM-A000338-2,WORK-JIAYI,DOC-HFM-A000338,HFM-A000338,2,针灸甲乙经/论文/针灸甲乙经/559-独取神阙穴临床应用体会.pdf,921b3f594875d2e54f77410c854ab56f36c101e281d3ddfd0e8791936673cbf0,content-production/corpus/extracted-text/HFM-A000338_raw.txt,TEXT
JIAYI-PAGE-HFM-A000339-1,WORK-JIAYI,DOC-HFM-A000339,HFM-A000339,1,针灸甲乙经/论文/针灸甲乙经/56-浅析《针灸甲乙经》中带下病的针灸治疗.pdf,fd07c9cdd0eb86d2ec6337e65bdb2321bcc7d6360f36a428f0a3e6146b42f1aa,content-production/corpus/extracted-text/HFM-A000339_raw.txt,TEXT
JIAYI-PAGE-HFM-A000339-2,WORK-JIAYI,DOC-HFM-A000339,HFM-A000339,2,针灸甲乙经/论文/针灸甲乙经/56-浅析《针灸甲乙经》中带下病的针灸治疗.pdf,fd07c9cdd0eb86d2ec6337e65bdb2321bcc7d6360f36a428f0a3e6146b42f1aa,content-production/corpus/extracted-text/HFM-A000339_raw.txt,TEXT
JIAYI-PAGE-HFM-A000339-3,WORK-JIAYI,DOC-HFM-A000339,HFM-A000339,3,针灸甲乙经/论文/针灸甲乙经/56-浅析《针灸甲乙经》中带下病的针灸治疗.pdf,fd07c9cdd0eb86d2ec6337e65bdb2321bcc7d6360f36a428f0a3e6146b42f1aa,content-production/corpus/extracted-text/HFM-A000339_raw.txt,TEXT
JIAYI-PAGE-HFM-A000340-1,WORK-JIAYI,DOC-HFM-A000340,HFM-A000340,1,针灸甲乙经/论文/针灸甲乙经/560-化脓灸疗法临床应用及研究概况.pdf,866fdec73b823a7a7438817edf58e39ef6e1c577410af8c2917ee5687780ec94,content-production/corpus/extracted-text/HFM-A000340_raw.txt,TEXT
JIAYI-PAGE-HFM-A000340-2,WORK-JIAYI,DOC-HFM-A000340,HFM-A000340,2,针灸甲乙经/论文/针灸甲乙经/560-化脓灸疗法临床应用及研究概况.pdf,866fdec73b823a7a7438817edf58e39ef6e1c577410af8c2917ee5687780ec94,content-production/corpus/extracted-text/HFM-A000340_raw.txt,TEXT
JIAYI-PAGE-HFM-A000340-3,WORK-JIAYI,DOC-HFM-A000340,HFM-A000340,3,针灸甲乙经/论文/针灸甲乙经/560-化脓灸疗法临床应用及研究概况.pdf,866fdec73b823a7a7438817edf58e39ef6e1c577410af8c2917ee5687780ec94,content-production/corpus/extracted-text/HFM-A000340_raw.txt,TEXT
JIAYI-PAGE-HFM-A000340-4,WORK-JIAYI,DOC-HFM-A000340,HFM-A000340,4,针灸甲乙经/论文/针灸甲乙经/560-化脓灸疗法临床应用及研究概况.pdf,866fdec73b823a7a7438817edf58e39ef6e1c577410af8c2917ee5687780ec94,content-production/corpus/extracted-text/HFM-A000340_raw.txt,TEXT
JIAYI-PAGE-HFM-A000341-1,WORK-JIAYI,DOC-HFM-A000341,HFM-A000341,1,针灸甲乙经/论文/针灸甲乙经/561-支沟穴的临床应用体会.pdf,0af059c31f507dcef54f6aa20d901f323bd6caff5ec6cda54f06230c0217f9be,content-production/corpus/extracted-text/HFM-A000341_raw.txt,TEXT
JIAYI-PAGE-HFM-A000341-2,WORK-JIAYI,DOC-HFM-A000341,HFM-A000341,2,针灸甲乙经/论文/针灸甲乙经/561-支沟穴的临床应用体会.pdf,0af059c31f507dcef54f6aa20d901f323bd6caff5ec6cda54f06230c0217f9be,content-production/corpus/extracted-text/HFM-A000341_raw.txt,TEXT
JIAYI-PAGE-HFM-A000342-1,WORK-JIAYI,DOC-HFM-A000342,HFM-A000342,1,针灸甲乙经/论文/针灸甲乙经/563-调达全身阴阳气血之会——大椎穴.pdf,026b5754193fc59adaf95a0a5beb5350965fe3e4f10f63b8fdcdebb078045360,content-production/corpus/extracted-text/HFM-A000342_raw.txt,TEXT
JIAYI-PAGE-HFM-A000342-2,WORK-JIAYI,DOC-HFM-A000342,HFM-A000342,2,针灸甲乙经/论文/针灸甲乙经/563-调达全身阴阳气血之会——大椎穴.pdf,026b5754193fc59adaf95a0a5beb5350965fe3e4f10f63b8fdcdebb078045360,content-production/corpus/extracted-text/HFM-A000342_raw.txt,TEXT
JIAYI-PAGE-HFM-A000343-1,WORK-JIAYI,DOC-HFM-A000343,HFM-A000343,1,针灸甲乙经/论文/针灸甲乙经/564-临床放血疗法举隅.pdf,7ba95966f9651c824c3a7011b14fb5b23d52b84387fd7cf2ddbd0b13af6e603e,content-production/corpus/extracted-text/HFM-A000343_raw.txt,TEXT
JIAYI-PAGE-HFM-A000343-2,WORK-JIAYI,DOC-HFM-A000343,HFM-A000343,2,针灸甲乙经/论文/针灸甲乙经/564-临床放血疗法举隅.pdf,7ba95966f9651c824c3a7011b14fb5b23d52b84387fd7cf2ddbd0b13af6e603e,content-production/corpus/extracted-text/HFM-A000343_raw.txt,TEXT
JIAYI-PAGE-HFM-A000343-3,WORK-JIAYI,DOC-HFM-A000343,HFM-A000343,3,针灸甲乙经/论文/针灸甲乙经/564-临床放血疗法举隅.pdf,7ba95966f9651c824c3a7011b14fb5b23d52b84387fd7cf2ddbd0b13af6e603e,content-production/corpus/extracted-text/HFM-A000343_raw.txt,TEXT
JIAYI-PAGE-HFM-A000344-1,WORK-JIAYI,DOC-HFM-A000344,HFM-A000344,1,针灸甲乙经/论文/针灸甲乙经/565-率然之谷解头痛.pdf,b63d385cd151965edda5d80fded4461e9a981431696e48058fcc63e43baeeace,content-production/corpus/extracted-text/HFM-A000344_raw.txt,TEXT
JIAYI-PAGE-HFM-A000344-2,WORK-JIAYI,DOC-HFM-A000344,HFM-A000344,2,针灸甲乙经/论文/针灸甲乙经/565-率然之谷解头痛.pdf,b63d385cd151965edda5d80fded4461e9a981431696e48058fcc63e43baeeace,content-production/corpus/extracted-text/HFM-A000344_raw.txt,TEXT
JIAYI-PAGE-HFM-A000344-3,WORK-JIAYI,DOC-HFM-A000344,HFM-A000344,3,针灸甲乙经/论文/针灸甲乙经/565-率然之谷解头痛.pdf,b63d385cd151965edda5d80fded4461e9a981431696e48058fcc63e43baeeace,content-production/corpus/extracted-text/HFM-A000344_raw.txt,TEXT
JIAYI-PAGE-HFM-A000345-1,WORK-JIAYI,DOC-HFM-A000345,HFM-A000345,1,针灸甲乙经/论文/针灸甲乙经/566-从郄穴论治带状疱疹急性期疼痛的思路探析.pdf,a7615170e9888336a5042c62b757de8d8de69000f3037cb3de129d7f3cf57647,content-production/corpus/extracted-text/HFM-A000345_raw.txt,TEXT
JIAYI-PAGE-HFM-A000345-2,WORK-JIAYI,DOC-HFM-A000345,HFM-A000345,2,针灸甲乙经/论文/针灸甲乙经/566-从郄穴论治带状疱疹急性期疼痛的思路探析.pdf,a7615170e9888336a5042c62b757de8d8de69000f3037cb3de129d7f3cf57647,content-production/corpus/extracted-text/HFM-A000345_raw.txt,TEXT
JIAYI-PAGE-HFM-A000345-3,WORK-JIAYI,DOC-HFM-A000345,HFM-A000345,3,针灸甲乙经/论文/针灸甲乙经/566-从郄穴论治带状疱疹急性期疼痛的思路探析.pdf,a7615170e9888336a5042c62b757de8d8de69000f3037cb3de129d7f3cf57647,content-production/corpus/extracted-text/HFM-A000345_raw.txt,TEXT
JIAYI-PAGE-HFM-A000346-1,WORK-JIAYI,DOC-HFM-A000346,HFM-A000346,1,针灸甲乙经/论文/针灸甲乙经/567-强健人体_根基_——_建里穴.pdf,16376faf33f792fa77ac1293fed4487588c93d1c0d9b0ba6cfb01adb052d7365,content-production/corpus/extracted-text/HFM-A000346_raw.txt,TEXT
JIAYI-PAGE-HFM-A000346-2,WORK-JIAYI,DOC-HFM-A000346,HFM-A000346,2,针灸甲乙经/论文/针灸甲乙经/567-强健人体_根基_——_建里穴.pdf,16376faf33f792fa77ac1293fed4487588c93d1c0d9b0ba6cfb01adb052d7365,content-production/corpus/extracted-text/HFM-A000346_raw.txt,TEXT
JIAYI-PAGE-HFM-A000346-3,WORK-JIAYI,DOC-HFM-A000346,HFM-A000346,3,针灸甲乙经/论文/针灸甲乙经/567-强健人体_根基_——_建里穴.pdf,16376faf33f792fa77ac1293fed4487588c93d1c0d9b0ba6cfb01adb052d7365,content-production/corpus/extracted-text/HFM-A000346_raw.txt,TEXT
JIAYI-PAGE-HFM-A000347-1,WORK-JIAYI,DOC-HFM-A000347,HFM-A000347,1,针灸甲乙经/论文/针灸甲乙经/568-关于龈交穴与上唇系带的探讨.pdf,4f8cf25e5b73cc8857e3687983e3bdae03be4b3006e309ecb098ad8d79bf505b,content-production/corpus/extracted-text/HFM-A000347_raw.txt,TEXT
JIAYI-PAGE-HFM-A000347-2,WORK-JIAYI,DOC-HFM-A000347,HFM-A000347,2,针灸甲乙经/论文/针灸甲乙经/568-关于龈交穴与上唇系带的探讨.pdf,4f8cf25e5b73cc8857e3687983e3bdae03be4b3006e309ecb098ad8d79bf505b,content-production/corpus/extracted-text/HFM-A000347_raw.txt,TEXT
JIAYI-PAGE-HFM-A000347-3,WORK-JIAYI,DOC-HFM-A000347,HFM-A000347,3,针灸甲乙经/论文/针灸甲乙经/568-关于龈交穴与上唇系带的探讨.pdf,4f8cf25e5b73cc8857e3687983e3bdae03be4b3006e309ecb098ad8d79bf505b,content-production/corpus/extracted-text/HFM-A000347_raw.txt,TEXT
JIAYI-PAGE-HFM-A000347-4,WORK-JIAYI,DOC-HFM-A000347,HFM-A000347,4,针灸甲乙经/论文/针灸甲乙经/568-关于龈交穴与上唇系带的探讨.pdf,4f8cf25e5b73cc8857e3687983e3bdae03be4b3006e309ecb098ad8d79bf505b,content-production/corpus/extracted-text/HFM-A000347_raw.txt,TEXT
JIAYI-PAGE-HFM-A000348-1,WORK-JIAYI,DOC-HFM-A000348,HFM-A000348,1,针灸甲乙经/论文/针灸甲乙经/569-肾经然谷六的效用.pdf,366799a1257e34e63f8021d8a07b0ef460b3ee15aae047cf3edd8e0547310ec0,content-production/corpus/extracted-text/HFM-A000348_raw.txt,TEXT
JIAYI-PAGE-HFM-A000348-2,WORK-JIAYI,DOC-HFM-A000348,HFM-A000348,2,针灸甲乙经/论文/针灸甲乙经/569-肾经然谷六的效用.pdf,366799a1257e34e63f8021d8a07b0ef460b3ee15aae047cf3edd8e0547310ec0,content-production/corpus/extracted-text/HFM-A000348_raw.txt,TEXT
JIAYI-PAGE-HFM-A000348-3,WORK-JIAYI,DOC-HFM-A000348,HFM-A000348,3,针灸甲乙经/论文/针灸甲乙经/569-肾经然谷六的效用.pdf,366799a1257e34e63f8021d8a07b0ef460b3ee15aae047cf3edd8e0547310ec0,content-production/corpus/extracted-text/HFM-A000348_raw.txt,TEXT
JIAYI-PAGE-HFM-A000349-1,WORK-JIAYI,DOC-HFM-A000349,HFM-A000349,1,针灸甲乙经/论文/针灸甲乙经/57-《针灸甲乙经》治热病选穴规律探析.pdf,0b6872d436c8a04df6e06b26284c151499429676d9437c5cf2cd3302e9593140,content-production/corpus/extracted-text/HFM-A000349_raw.txt,TEXT
JIAYI-PAGE-HFM-A000349-2,WORK-JIAYI,DOC-HFM-A000349,HFM-A000349,2,针灸甲乙经/论文/针灸甲乙经/57-《针灸甲乙经》治热病选穴规律探析.pdf,0b6872d436c8a04df6e06b26284c151499429676d9437c5cf2cd3302e9593140,content-production/corpus/extracted-text/HFM-A000349_raw.txt,TEXT
JIAYI-PAGE-HFM-A000349-3,WORK-JIAYI,DOC-HFM-A000349,HFM-A000349,3,针灸甲乙经/论文/针灸甲乙经/57-《针灸甲乙经》治热病选穴规律探析.pdf,0b6872d436c8a04df6e06b26284c151499429676d9437c5cf2cd3302e9593140,content-production/corpus/extracted-text/HFM-A000349_raw.txt,TEXT
JIAYI-PAGE-HFM-A000350-1,WORK-JIAYI,DOC-HFM-A000350,HFM-A000350,1,"针灸甲乙经/论文/针灸甲乙经/570-巧用穴位,护眼养.pdf",4957dfb61fa4fc6cd4e4df8a967f1567857d0ffa57e25a77c7b0ea0e936d8360,content-production/corpus/extracted-text/HFM-A000350_raw.txt,TEXT
JIAYI-PAGE-HFM-A000350-2,WORK-JIAYI,DOC-HFM-A000350,HFM-A000350,2,"针灸甲乙经/论文/针灸甲乙经/570-巧用穴位,护眼养.pdf",4957dfb61fa4fc6cd4e4df8a967f1567857d0ffa57e25a77c7b0ea0e936d8360,content-production/corpus/extracted-text/HFM-A000350_raw.txt,TEXT
JIAYI-PAGE-HFM-A000350-3,WORK-JIAYI,DOC-HFM-A000350,HFM-A000350,3,"针灸甲乙经/论文/针灸甲乙经/570-巧用穴位,护眼养.pdf",4957dfb61fa4fc6cd4e4df8a967f1567857d0ffa57e25a77c7b0ea0e936d8360,content-production/corpus/extracted-text/HFM-A000350_raw.txt,TEXT
JIAYI-PAGE-HFM-A000351-1,WORK-JIAYI,DOC-HFM-A000351,HFM-A000351,1,针灸甲乙经/论文/针灸甲乙经/571-浅析环跳取穴与针刺特点.pdf,f30f615025af55ed6a1d44ab3c9e93e63f93ea5940eb3c8d9eadff791011989f,content-production/corpus/extracted-text/HFM-A000351_raw.txt,TEXT
JIAYI-PAGE-HFM-A000351-2,WORK-JIAYI,DOC-HFM-A000351,HFM-A000351,2,针灸甲乙经/论文/针灸甲乙经/571-浅析环跳取穴与针刺特点.pdf,f30f615025af55ed6a1d44ab3c9e93e63f93ea5940eb3c8d9eadff791011989f,content-production/corpus/extracted-text/HFM-A000351_raw.txt,TEXT
JIAYI-PAGE-HFM-A000352-1,WORK-JIAYI,DOC-HFM-A000352,HFM-A000352,1,针灸甲乙经/论文/针灸甲乙经/572-火针在皮肤病中的临床应用.pdf,773dd52a43570ffbebda1d1bcefcf0c8cbe23d7d84dbfdca4b6552cd8dea416f,content-production/corpus/extracted-text/HFM-A000352_raw.txt,TEXT
JIAYI-PAGE-HFM-A000352-2,WORK-JIAYI,DOC-HFM-A000352,HFM-A000352,2,针灸甲乙经/论文/针灸甲乙经/572-火针在皮肤病中的临床应用.pdf,773dd52a43570ffbebda1d1bcefcf0c8cbe23d7d84dbfdca4b6552cd8dea416f,content-production/corpus/extracted-text/HFM-A000352_raw.txt,TEXT
JIAYI-PAGE-HFM-A000352-3,WORK-JIAYI,DOC-HFM-A000352,HFM-A000352,3,针灸甲乙经/论文/针灸甲乙经/572-火针在皮肤病中的临床应用.pdf,773dd52a43570ffbebda1d1bcefcf0c8cbe23d7d84dbfdca4b6552cd8dea416f,content-production/corpus/extracted-text/HFM-A000352_raw.txt,TEXT
JIAYI-PAGE-HFM-A000353-1,WORK-JIAYI,DOC-HFM-A000353,HFM-A000353,1,针灸甲乙经/论文/针灸甲乙经/573经络和穴位是如何发现的_.pdf,4ccdaf48d1eeedc2c7a804a8c5a325b3b4ebffb3de97ec6ba3d999d21a9ac226,content-production/corpus/extracted-text/HFM-A000353_raw.txt,TEXT
JIAYI-PAGE-HFM-A000354-1,WORK-JIAYI,DOC-HFM-A000354,HFM-A000354,1,针灸甲乙经/论文/针灸甲乙经/574-腹结穴的临床应用.pdf,c17d479895728cf40edefe93be6af27e7a1860154918a7cf4271e37fce188b1b,content-production/corpus/extracted-text/HFM-A000354_raw.txt,TEXT
JIAYI-PAGE-HFM-A000354-2,WORK-JIAYI,DOC-HFM-A000354,HFM-A000354,2,针灸甲乙经/论文/针灸甲乙经/574-腹结穴的临床应用.pdf,c17d479895728cf40edefe93be6af27e7a1860154918a7cf4271e37fce188b1b,content-production/corpus/extracted-text/HFM-A000354_raw.txt,TEXT
JIAYI-PAGE-HFM-A000355-1,WORK-JIAYI,DOC-HFM-A000355,HFM-A000355,1,针灸甲乙经/论文/针灸甲乙经/575-_脱疽_的历史演变及现代意义.pdf,41093bc53cc58d2a1157c659900fd384d259d3dd46ca3aab88b0595c880f685f,content-production/corpus/extracted-text/HFM-A000355_raw.txt,TEXT
JIAYI-PAGE-HFM-A000355-2,WORK-JIAYI,DOC-HFM-A000355,HFM-A000355,2,针灸甲乙经/论文/针灸甲乙经/575-_脱疽_的历史演变及现代意义.pdf,41093bc53cc58d2a1157c659900fd384d259d3dd46ca3aab88b0595c880f685f,content-production/corpus/extracted-text/HFM-A000355_raw.txt,TEXT
JIAYI-PAGE-HFM-A000355-3,WORK-JIAYI,DOC-HFM-A000355,HFM-A000355,3,针灸甲乙经/论文/针灸甲乙经/575-_脱疽_的历史演变及现代意义.pdf,41093bc53cc58d2a1157c659900fd384d259d3dd46ca3aab88b0595c880f685f,content-production/corpus/extracted-text/HFM-A000355_raw.txt,TEXT
JIAYI-PAGE-HFM-A000355-4,WORK-JIAYI,DOC-HFM-A000355,HFM-A000355,4,针灸甲乙经/论文/针灸甲乙经/575-_脱疽_的历史演变及现代意义.pdf,41093bc53cc58d2a1157c659900fd384d259d3dd46ca3aab88b0595c880f685f,content-production/corpus/extracted-text/HFM-A000355_raw.txt,TEXT
JIAYI-PAGE-HFM-A000355-5,WORK-JIAYI,DOC-HFM-A000355,HFM-A000355,5,针灸甲乙经/论文/针灸甲乙经/575-_脱疽_的历史演变及现代意义.pdf,41093bc53cc58d2a1157c659900fd384d259d3dd46ca3aab88b0595c880f685f,content-production/corpus/extracted-text/HFM-A000355_raw.txt,TEXT
JIAYI-PAGE-HFM-A000356-1,WORK-JIAYI,DOC-HFM-A000356,HFM-A000356,1,针灸甲乙经/论文/针灸甲乙经/576-身柱穴的临床蜂针治疗功用.pdf,72dda9cd1e4ee6d05824efe62f83b1ca8991851236825f2adfe70571ce1789af,content-production/batches/B02/extracted-text/HFM-A000356_raw.txt,TEXT
JIAYI-PAGE-HFM-A000356-2,WORK-JIAYI,DOC-HFM-A000356,HFM-A000356,2,针灸甲乙经/论文/针灸甲乙经/576-身柱穴的临床蜂针治疗功用.pdf,72dda9cd1e4ee6d05824efe62f83b1ca8991851236825f2adfe70571ce1789af,content-production/batches/B02/extracted-text/HFM-A000356_raw.txt,TEXT
JIAYI-PAGE-HFM-A000357-1,WORK-JIAYI,DOC-HFM-A000357,HFM-A000357,1,针灸甲乙经/论文/针灸甲乙经/577-《灵枢·刺节真邪》古诗《凡刺痈邪勿迎陇》义证.pdf,868191748b5fd797b98e9756ef4b071d587acdf3966871879a8bf16205d58eea,content-production/corpus/extracted-text/HFM-A000357_raw.txt,TEXT
JIAYI-PAGE-HFM-A000357-2,WORK-JIAYI,DOC-HFM-A000357,HFM-A000357,2,针灸甲乙经/论文/针灸甲乙经/577-《灵枢·刺节真邪》古诗《凡刺痈邪勿迎陇》义证.pdf,868191748b5fd797b98e9756ef4b071d587acdf3966871879a8bf16205d58eea,content-production/corpus/extracted-text/HFM-A000357_raw.txt,TEXT
JIAYI-PAGE-HFM-A000357-3,WORK-JIAYI,DOC-HFM-A000357,HFM-A000357,3,针灸甲乙经/论文/针灸甲乙经/577-《灵枢·刺节真邪》古诗《凡刺痈邪勿迎陇》义证.pdf,868191748b5fd797b98e9756ef4b071d587acdf3966871879a8bf16205d58eea,content-production/corpus/extracted-text/HFM-A000357_raw.txt,TEXT
JIAYI-PAGE-HFM-A000358-1,WORK-JIAYI,DOC-HFM-A000358,HFM-A000358,1,针灸甲乙经/论文/针灸甲乙经/578关于胸部胃经循行与其经穴关系的思考.pdf,18db4a023a882cab801076372c403eff8d266e1706b53b77178b67f9789a5d8a,content-production/corpus/extracted-text/HFM-A000358_raw.txt,TEXT
JIAYI-PAGE-HFM-A000358-2,WORK-JIAYI,DOC-HFM-A000358,HFM-A000358,2,针灸甲乙经/论文/针灸甲乙经/578关于胸部胃经循行与其经穴关系的思考.pdf,18db4a023a882cab801076372c403eff8d266e1706b53b77178b67f9789a5d8a,content-production/corpus/extracted-text/HFM-A000358_raw.txt,TEXT
JIAYI-PAGE-HFM-A000359-1,WORK-JIAYI,DOC-HFM-A000359,HFM-A000359,1,针灸甲乙经/论文/针灸甲乙经/579-风池穴临床应用研究.pdf,c4840d18c0dd4b83d306e18299427154d7ec7f135799024b91df9f1732e73de3,content-production/corpus/extracted-text/HFM-A000359_raw.txt,TEXT
JIAYI-PAGE-HFM-A000359-2,WORK-JIAYI,DOC-HFM-A000359,HFM-A000359,2,针灸甲乙经/论文/针灸甲乙经/579-风池穴临床应用研究.pdf,c4840d18c0dd4b83d306e18299427154d7ec7f135799024b91df9f1732e73de3,content-production/corpus/extracted-text/HFM-A000359_raw.txt,TEXT
JIAYI-PAGE-HFM-A000360-1,WORK-JIAYI,DOC-HFM-A000360,HFM-A000360,1,针灸甲乙经/论文/针灸甲乙经/58-《针灸甲乙经》_知__纂_考.pdf,f08f16a24383ba3516da57ed4c7110346f3bd0c4e1ef11f6b7aee87db2acb4f4,content-production/corpus/extracted-text/HFM-A000360_raw.txt,TEXT
JIAYI-PAGE-HFM-A000360-2,WORK-JIAYI,DOC-HFM-A000360,HFM-A000360,2,针灸甲乙经/论文/针灸甲乙经/58-《针灸甲乙经》_知__纂_考.pdf,f08f16a24383ba3516da57ed4c7110346f3bd0c4e1ef11f6b7aee87db2acb4f4,content-production/corpus/extracted-text/HFM-A000360_raw.txt,TEXT
JIAYI-PAGE-HFM-A000360-3,WORK-JIAYI,DOC-HFM-A000360,HFM-A000360,3,针灸甲乙经/论文/针灸甲乙经/58-《针灸甲乙经》_知__纂_考.pdf,f08f16a24383ba3516da57ed4c7110346f3bd0c4e1ef11f6b7aee87db2acb4f4,content-production/corpus/extracted-text/HFM-A000360_raw.txt,TEXT
JIAYI-PAGE-HFM-A000361-1,WORK-JIAYI,DOC-HFM-A000361,HFM-A000361,1,针灸甲乙经/论文/针灸甲乙经/581-医圣_张仲景.pdf,08ac580cbfff3b4a48cbde3a3bdd01e5c39bec556a72a84971d11e0b55f81293,content-production/corpus/extracted-text/HFM-A000361_raw.txt,TEXT
JIAYI-PAGE-HFM-A000361-2,WORK-JIAYI,DOC-HFM-A000361,HFM-A000361,2,针灸甲乙经/论文/针灸甲乙经/581-医圣_张仲景.pdf,08ac580cbfff3b4a48cbde3a3bdd01e5c39bec556a72a84971d11e0b55f81293,content-production/corpus/extracted-text/HFM-A000361_raw.txt,TEXT
JIAYI-PAGE-HFM-A000362-1,WORK-JIAYI,DOC-HFM-A000362,HFM-A000362,1,针灸甲乙经/论文/针灸甲乙经/582-远道取穴法临床运用三则.pdf,40a8a95dca8e2186093ee599860add103616e64cb3090548d2415b56f747cff2,content-production/corpus/extracted-text/HFM-A000362_raw.txt,TEXT
JIAYI-PAGE-HFM-A000362-2,WORK-JIAYI,DOC-HFM-A000362,HFM-A000362,2,针灸甲乙经/论文/针灸甲乙经/582-远道取穴法临床运用三则.pdf,40a8a95dca8e2186093ee599860add103616e64cb3090548d2415b56f747cff2,content-production/corpus/extracted-text/HFM-A000362_raw.txt,TEXT
JIAYI-PAGE-HFM-A000363-1,WORK-JIAYI,DOC-HFM-A000363,HFM-A000363,1,针灸甲乙经/论文/针灸甲乙经/583-以前带下病症文献整理研究.pdf,800ce73646652572779671735ebfe82805eacae0d8999f3df414f25c4b210eb4,content-production/corpus/extracted-text/HFM-A000363_raw.txt,TEXT
JIAYI-PAGE-HFM-A000363-2,WORK-JIAYI,DOC-HFM-A000363,HFM-A000363,2,针灸甲乙经/论文/针灸甲乙经/583-以前带下病症文献整理研究.pdf,800ce73646652572779671735ebfe82805eacae0d8999f3df414f25c4b210eb4,content-production/corpus/extracted-text/HFM-A000363_raw.txt,TEXT
JIAYI-PAGE-HFM-A000363-3,WORK-JIAYI,DOC-HFM-A000363,HFM-A000363,3,针灸甲乙经/论文/针灸甲乙经/583-以前带下病症文献整理研究.pdf,800ce73646652572779671735ebfe82805eacae0d8999f3df414f25c4b210eb4,content-production/corpus/extracted-text/HFM-A000363_raw.txt,TEXT
JIAYI-PAGE-HFM-A000363-4,WORK-JIAYI,DOC-HFM-A000363,HFM-A000363,4,针灸甲乙经/论文/针灸甲乙经/583-以前带下病症文献整理研究.pdf,800ce73646652572779671735ebfe82805eacae0d8999f3df414f25c4b210eb4,content-production/corpus/extracted-text/HFM-A000363_raw.txt,TEXT
JIAYI-PAGE-HFM-A000364-1,WORK-JIAYI,DOC-HFM-A000364,HFM-A000364,1,针灸甲乙经/论文/针灸甲乙经/584-浅谈人迎穴治疗咽部疾病.pdf,7eda13e6efd95cbda03121efec9d6ab8697a193a838641465660a6d38b51dadd,content-production/corpus/extracted-text/HFM-A000364_raw.txt,TEXT
JIAYI-PAGE-HFM-A000365-1,WORK-JIAYI,DOC-HFM-A000365,HFM-A000365,1,针灸甲乙经/论文/针灸甲乙经/585-周庆教授舌针临床经验撷要.pdf,088e0b15048bc0bde8cbccd1cd7b87e921f30432fa21aaa21e93ecf2fe3fc62d,content-production/corpus/extracted-text/HFM-A000365_raw.txt,TEXT
JIAYI-PAGE-HFM-A000365-2,WORK-JIAYI,DOC-HFM-A000365,HFM-A000365,2,针灸甲乙经/论文/针灸甲乙经/585-周庆教授舌针临床经验撷要.pdf,088e0b15048bc0bde8cbccd1cd7b87e921f30432fa21aaa21e93ecf2fe3fc62d,content-production/corpus/extracted-text/HFM-A000365_raw.txt,TEXT
JIAYI-PAGE-HFM-A000366-1,WORK-JIAYI,DOC-HFM-A000366,HFM-A000366,1,针灸甲乙经/论文/针灸甲乙经/586-从肾虚角度探究痴呆的病因病机.pdf,ceccba14a2843619cb073ab92d7382b41ec502f9246d6c7b03662d97b6a039cd,content-production/corpus/extracted-text/HFM-A000366_raw.txt,TEXT
JIAYI-PAGE-HFM-A000366-2,WORK-JIAYI,DOC-HFM-A000366,HFM-A000366,2,针灸甲乙经/论文/针灸甲乙经/586-从肾虚角度探究痴呆的病因病机.pdf,ceccba14a2843619cb073ab92d7382b41ec502f9246d6c7b03662d97b6a039cd,content-production/corpus/extracted-text/HFM-A000366_raw.txt,TEXT
JIAYI-PAGE-HFM-A000367-1,WORK-JIAYI,DOC-HFM-A000367,HFM-A000367,1,针灸甲乙经/论文/针灸甲乙经/587-王丽平巧用率谷穴_一穴三透法_治疗不同疾病.pdf,bdeb3e04f4c8937eac0ec3ff977d60c4df7b6c86c48ae07265fb7ae6643dc24d,content-production/corpus/extracted-text/HFM-A000367_raw.txt,TEXT
JIAYI-PAGE-HFM-A000368-1,WORK-JIAYI,DOC-HFM-A000368,HFM-A000368,1,针灸甲乙经/论文/针灸甲乙经/588-三阴交穴临床应用举隅.pdf,ecf5c29430dcbac739603fd9d607b49eebd7d39fa24899b7186dfc3e7e4d73e1,content-production/corpus/extracted-text/HFM-A000368_raw.txt,TEXT
JIAYI-PAGE-HFM-A000369-1,WORK-JIAYI,DOC-HFM-A000369,HFM-A000369,1,针灸甲乙经/论文/针灸甲乙经/589-试论_经脉、络脉是同时运行的两套系统_.pdf,512d8455872441d7dd345c486fd5797450f73c2979cdbf3496ef756191f9665b,content-production/corpus/extracted-text/HFM-A000369_raw.txt,TEXT
JIAYI-PAGE-HFM-A000369-2,WORK-JIAYI,DOC-HFM-A000369,HFM-A000369,2,针灸甲乙经/论文/针灸甲乙经/589-试论_经脉、络脉是同时运行的两套系统_.pdf,512d8455872441d7dd345c486fd5797450f73c2979cdbf3496ef756191f9665b,content-production/corpus/extracted-text/HFM-A000369_raw.txt,TEXT
JIAYI-PAGE-HFM-A000369-3,WORK-JIAYI,DOC-HFM-A000369,HFM-A000369,3,针灸甲乙经/论文/针灸甲乙经/589-试论_经脉、络脉是同时运行的两套系统_.pdf,512d8455872441d7dd345c486fd5797450f73c2979cdbf3496ef756191f9665b,content-production/corpus/extracted-text/HFM-A000369_raw.txt,TEXT
JIAYI-PAGE-HFM-A000369-4,WORK-JIAYI,DOC-HFM-A000369,HFM-A000369,4,针灸甲乙经/论文/针灸甲乙经/589-试论_经脉、络脉是同时运行的两套系统_.pdf,512d8455872441d7dd345c486fd5797450f73c2979cdbf3496ef756191f9665b,content-production/corpus/extracted-text/HFM-A000369_raw.txt,TEXT
JIAYI-PAGE-HFM-A000370-1,WORK-JIAYI,DOC-HFM-A000370,HFM-A000370,1,针灸甲乙经/论文/针灸甲乙经/59-《针灸甲乙经》对咳嗽的疗法特点分析.pdf,7dd176e9111521d465c09474f1eefaef2a071dbe1ccd4feaa7656f33e3d00f2c,content-production/corpus/extracted-text/HFM-A000370_raw.txt,TEXT
JIAYI-PAGE-HFM-A000370-2,WORK-JIAYI,DOC-HFM-A000370,HFM-A000370,2,针灸甲乙经/论文/针灸甲乙经/59-《针灸甲乙经》对咳嗽的疗法特点分析.pdf,7dd176e9111521d465c09474f1eefaef2a071dbe1ccd4feaa7656f33e3d00f2c,content-production/corpus/extracted-text/HFM-A000370_raw.txt,TEXT
JIAYI-PAGE-HFM-A000371-1,WORK-JIAYI,DOC-HFM-A000371,HFM-A000371,1,针灸甲乙经/论文/针灸甲乙经/590-浅谈中药的煎服方法.pdf,b8135139856a2481f195a20b94adad2c6bd11fcbc309cb52ddd53036045ee018,content-production/corpus/extracted-text/HFM-A000371_raw.txt,TEXT
JIAYI-PAGE-HFM-A000371-2,WORK-JIAYI,DOC-HFM-A000371,HFM-A000371,2,针灸甲乙经/论文/针灸甲乙经/590-浅谈中药的煎服方法.pdf,b8135139856a2481f195a20b94adad2c6bd11fcbc309cb52ddd53036045ee018,content-production/corpus/extracted-text/HFM-A000371_raw.txt,TEXT
JIAYI-PAGE-HFM-A000372-1,WORK-JIAYI,DOC-HFM-A000372,HFM-A000372,1,针灸甲乙经/论文/针灸甲乙经/591-针刺中脘穴治疗胃痛83例.pdf,9b45a763a62c17bd7cf8b0b9c278d27abdd502e3156e06a87ad42649e6205eca,content-production/corpus/extracted-text/HFM-A000372_raw.txt,TEXT
JIAYI-PAGE-HFM-A000373-1,WORK-JIAYI,DOC-HFM-A000373,HFM-A000373,1,针灸甲乙经/论文/针灸甲乙经/592-中药煎煮的正确方法与注意事项.pdf,2cc067209af255d5bd5fead607fe9b87d665bd727c7fc7903b6124953be6aae4,content-production/corpus/extracted-text/HFM-A000373_raw.txt,TEXT
JIAYI-PAGE-HFM-A000373-2,WORK-JIAYI,DOC-HFM-A000373,HFM-A000373,2,针灸甲乙经/论文/针灸甲乙经/592-中药煎煮的正确方法与注意事项.pdf,2cc067209af255d5bd5fead607fe9b87d665bd727c7fc7903b6124953be6aae4,content-production/corpus/extracted-text/HFM-A000373_raw.txt,TEXT
JIAYI-PAGE-HFM-A000374-1,WORK-JIAYI,DOC-HFM-A000374,HFM-A000374,1,针灸甲乙经/论文/针灸甲乙经/593-上星穴浅析.pdf,35fc6c5927ce13d126d0547d28e0970594df53024dc9c561b3312c58a246a125,content-production/corpus/extracted-text/HFM-A000374_raw.txt,TEXT
JIAYI-PAGE-HFM-A000375-1,WORK-JIAYI,DOC-HFM-A000375,HFM-A000375,1,针灸甲乙经/论文/针灸甲乙经/594-悬钟穴的临床应用.pdf,3ab2991cbbe2e7c9c19065a0f8dd10a14a35b3ea757203c0e654bcc856ba3406,content-production/corpus/extracted-text/HFM-A000375_raw.txt,TEXT
JIAYI-PAGE-HFM-A000375-2,WORK-JIAYI,DOC-HFM-A000375,HFM-A000375,2,针灸甲乙经/论文/针灸甲乙经/594-悬钟穴的临床应用.pdf,3ab2991cbbe2e7c9c19065a0f8dd10a14a35b3ea757203c0e654bcc856ba3406,content-production/corpus/extracted-text/HFM-A000375_raw.txt,TEXT
JIAYI-PAGE-HFM-A000376-1,WORK-JIAYI,DOC-HFM-A000376,HFM-A000376,1,针灸甲乙经/论文/针灸甲乙经/595-浅析迎香穴治疗胆道蛔虫症.pdf,f70ece199c28dba0bbbf418d65e3b05def0ce92d3e3bd6c702184ee9c9377749,content-production/corpus/extracted-text/HFM-A000376_raw.txt,TEXT
JIAYI-PAGE-HFM-A000376-2,WORK-JIAYI,DOC-HFM-A000376,HFM-A000376,2,针灸甲乙经/论文/针灸甲乙经/595-浅析迎香穴治疗胆道蛔虫症.pdf,f70ece199c28dba0bbbf418d65e3b05def0ce92d3e3bd6c702184ee9c9377749,content-production/corpus/extracted-text/HFM-A000376_raw.txt,TEXT
JIAYI-PAGE-HFM-A000377-1,WORK-JIAYI,DOC-HFM-A000377,HFM-A000377,1,针灸甲乙经/论文/针灸甲乙经/596-浅谈神阙穴拔罐养生.pdf,e7ac4e6ac90453cc0cc9b8e815af3371efdfd76578e5d855292f15ac8523d634,content-production/corpus/extracted-text/HFM-A000377_raw.txt,TEXT
JIAYI-PAGE-HFM-A000378-1,WORK-JIAYI,DOC-HFM-A000378,HFM-A000378,1,针灸甲乙经/论文/针灸甲乙经/597-皇甫谧哲学思想刍议.pdf,dd5a1a7ececea5405d284f5a9b0a3a2a855938ba3e85e474fef3d20290150eeb,content-production/corpus/extracted-text/HFM-A000378_raw.txt,TEXT
JIAYI-PAGE-HFM-A000378-2,WORK-JIAYI,DOC-HFM-A000378,HFM-A000378,2,针灸甲乙经/论文/针灸甲乙经/597-皇甫谧哲学思想刍议.pdf,dd5a1a7ececea5405d284f5a9b0a3a2a855938ba3e85e474fef3d20290150eeb,content-production/corpus/extracted-text/HFM-A000378_raw.txt,TEXT
JIAYI-PAGE-HFM-A000379-1,WORK-JIAYI,DOC-HFM-A000379,HFM-A000379,1,针灸甲乙经/论文/针灸甲乙经/598-悬钟穴临床应用举隅.pdf,77e4309812667bc475bcad335c3b0a22f61362ebfb3a386f011df63ba3d591e9,content-production/corpus/extracted-text/HFM-A000379_raw.txt,TEXT
JIAYI-PAGE-HFM-A000379-2,WORK-JIAYI,DOC-HFM-A000379,HFM-A000379,2,针灸甲乙经/论文/针灸甲乙经/598-悬钟穴临床应用举隅.pdf,77e4309812667bc475bcad335c3b0a22f61362ebfb3a386f011df63ba3d591e9,content-production/corpus/extracted-text/HFM-A000379_raw.txt,TEXT
JIAYI-PAGE-HFM-A000379-3,WORK-JIAYI,DOC-HFM-A000379,HFM-A000379,3,针灸甲乙经/论文/针灸甲乙经/598-悬钟穴临床应用举隅.pdf,77e4309812667bc475bcad335c3b0a22f61362ebfb3a386f011df63ba3d591e9,content-production/corpus/extracted-text/HFM-A000379_raw.txt,TEXT
JIAYI-PAGE-HFM-A000380-1,WORK-JIAYI,DOC-HFM-A000380,HFM-A000380,1,针灸甲乙经/论文/针灸甲乙经/599-针刺治疗奔豚气1例.pdf,3d811026b8a8eaa0c8bdcbc19d71a38d8099b071d8ef89798c76d8e8dbb46fe7,content-production/batches/B02/extracted-text/HFM-A000380_raw.txt,TEXT
JIAYI-PAGE-HFM-A000381-1,WORK-JIAYI,DOC-HFM-A000381,HFM-A000381,1,针灸甲乙经/论文/针灸甲乙经/6-《针灸甲乙经》针灸禁忌浅析.pdf,65388529561c65aa1b07ade389f77e7b2ec2980a6d880279587f4cd006d9c512,content-production/corpus/extracted-text/HFM-A000381_raw.txt,TEXT
JIAYI-PAGE-HFM-A000381-2,WORK-JIAYI,DOC-HFM-A000381,HFM-A000381,2,针灸甲乙经/论文/针灸甲乙经/6-《针灸甲乙经》针灸禁忌浅析.pdf,65388529561c65aa1b07ade389f77e7b2ec2980a6d880279587f4cd006d9c512,content-production/corpus/extracted-text/HFM-A000381_raw.txt,TEXT
JIAYI-PAGE-HFM-A000381-3,WORK-JIAYI,DOC-HFM-A000381,HFM-A000381,3,针灸甲乙经/论文/针灸甲乙经/6-《针灸甲乙经》针灸禁忌浅析.pdf,65388529561c65aa1b07ade389f77e7b2ec2980a6d880279587f4cd006d9c512,content-production/corpus/extracted-text/HFM-A000381_raw.txt,TEXT
JIAYI-PAGE-HFM-A000382-1,WORK-JIAYI,DOC-HFM-A000382,HFM-A000382,1,针灸甲乙经/论文/针灸甲乙经/60-浅析《针灸甲乙经》中蕴含的调和思想.pdf,9df2cf95a87ffabd262110273c6173f81cfdb7f6abcfe9cb396c4b6364196103,content-production/corpus/extracted-text/HFM-A000382_raw.txt,TEXT
JIAYI-PAGE-HFM-A000382-2,WORK-JIAYI,DOC-HFM-A000382,HFM-A000382,2,针灸甲乙经/论文/针灸甲乙经/60-浅析《针灸甲乙经》中蕴含的调和思想.pdf,9df2cf95a87ffabd262110273c6173f81cfdb7f6abcfe9cb396c4b6364196103,content-production/corpus/extracted-text/HFM-A000382_raw.txt,TEXT
JIAYI-PAGE-HFM-A000382-3,WORK-JIAYI,DOC-HFM-A000382,HFM-A000382,3,针灸甲乙经/论文/针灸甲乙经/60-浅析《针灸甲乙经》中蕴含的调和思想.pdf,9df2cf95a87ffabd262110273c6173f81cfdb7f6abcfe9cb396c4b6364196103,content-production/corpus/extracted-text/HFM-A000382_raw.txt,TEXT
JIAYI-PAGE-HFM-A000383-1,WORK-JIAYI,DOC-HFM-A000383,HFM-A000383,1,针灸甲乙经/论文/针灸甲乙经/600-刘衡如《灵枢经》校注的成就.pdf,85bac49aee76e9b90c5d9edddfd47f556005600fe80e6d8f676549ae5bc31d7b,content-production/corpus/extracted-text/HFM-A000383_raw.txt,TEXT
JIAYI-PAGE-HFM-A000383-2,WORK-JIAYI,DOC-HFM-A000383,HFM-A000383,2,针灸甲乙经/论文/针灸甲乙经/600-刘衡如《灵枢经》校注的成就.pdf,85bac49aee76e9b90c5d9edddfd47f556005600fe80e6d8f676549ae5bc31d7b,content-production/corpus/extracted-text/HFM-A000383_raw.txt,TEXT
JIAYI-PAGE-HFM-A000384-1,WORK-JIAYI,DOC-HFM-A000384,HFM-A000384,1,针灸甲乙经/论文/针灸甲乙经/601-矢志苦学皇甫谧终成大家.pdf,42f991dd4785ab6160c7aac5c7d3da2878fcbcebfce5d8517c682df35257a549,content-production/corpus/extracted-text/HFM-A000384_raw.txt,TEXT
JIAYI-PAGE-HFM-A000385-1,WORK-JIAYI,DOC-HFM-A000385,HFM-A000385,1,针灸甲乙经/论文/针灸甲乙经/602-《伤寒论》针刺取穴与配穴浅析.pdf,70be421e8f673e68d05565ad7630d56cdf31189d36f3af361c432be111305094,content-production/corpus/extracted-text/HFM-A000385_raw.txt,TEXT
JIAYI-PAGE-HFM-A000385-2,WORK-JIAYI,DOC-HFM-A000385,HFM-A000385,2,针灸甲乙经/论文/针灸甲乙经/602-《伤寒论》针刺取穴与配穴浅析.pdf,70be421e8f673e68d05565ad7630d56cdf31189d36f3af361c432be111305094,content-production/corpus/extracted-text/HFM-A000385_raw.txt,TEXT
JIAYI-PAGE-HFM-A000386-1,WORK-JIAYI,DOC-HFM-A000386,HFM-A000386,1,针灸甲乙经/论文/针灸甲乙经/603-百会穴的临证应用及实验研究.pdf,03781d6b21812e852bbc848acc35ffd7c407f02af4fb09f4bef10a25f7d5463a,content-production/corpus/extracted-text/HFM-A000386_raw.txt,TEXT
JIAYI-PAGE-HFM-A000386-2,WORK-JIAYI,DOC-HFM-A000386,HFM-A000386,2,针灸甲乙经/论文/针灸甲乙经/603-百会穴的临证应用及实验研究.pdf,03781d6b21812e852bbc848acc35ffd7c407f02af4fb09f4bef10a25f7d5463a,content-production/corpus/extracted-text/HFM-A000386_raw.txt,TEXT
JIAYI-PAGE-HFM-A000386-3,WORK-JIAYI,DOC-HFM-A000386,HFM-A000386,3,针灸甲乙经/论文/针灸甲乙经/603-百会穴的临证应用及实验研究.pdf,03781d6b21812e852bbc848acc35ffd7c407f02af4fb09f4bef10a25f7d5463a,content-production/corpus/extracted-text/HFM-A000386_raw.txt,TEXT
JIAYI-PAGE-HFM-A000387-1,WORK-JIAYI,DOC-HFM-A000387,HFM-A000387,1,针灸甲乙经/论文/针灸甲乙经/604-风门穴的临床应用.pdf,ac69b25d7bd228f5ff1480c1f6832283281a370f1afa5dfa4967919d533607e7,content-production/corpus/extracted-text/HFM-A000387_raw.txt,TEXT
JIAYI-PAGE-HFM-A000388-1,WORK-JIAYI,DOC-HFM-A000388,HFM-A000388,1,针灸甲乙经/论文/针灸甲乙经/605-刘冠军针挑疗法治验介绍.pdf,16d8db411fc98ea8897de51743e9c719f496b016eb9b408f2725ec7bb87d1462,content-production/corpus/extracted-text/HFM-A000388_raw.txt,TEXT
JIAYI-PAGE-HFM-A000388-2,WORK-JIAYI,DOC-HFM-A000388,HFM-A000388,2,针灸甲乙经/论文/针灸甲乙经/605-刘冠军针挑疗法治验介绍.pdf,16d8db411fc98ea8897de51743e9c719f496b016eb9b408f2725ec7bb87d1462,content-production/corpus/extracted-text/HFM-A000388_raw.txt,TEXT
JIAYI-PAGE-HFM-A000389-1,WORK-JIAYI,DOC-HFM-A000389,HFM-A000389,1,针灸甲乙经/论文/针灸甲乙经/607-下关穴的应用.pdf,128219c665e7bc914fc67dcfda28deb46e4dd28a0c85610f310ef6f6ba11aabd,content-production/corpus/extracted-text/HFM-A000389_raw.txt,TEXT
JIAYI-PAGE-HFM-A000390-1,WORK-JIAYI,DOC-HFM-A000390,HFM-A000390,1,针灸甲乙经/论文/针灸甲乙经/608-环跳穴的应用.pdf,57d146571a3bbc9b4e0b75f1a62df072a1db54c686a9aec8f88995a2c8c38605,content-production/corpus/extracted-text/HFM-A000390_raw.txt,TEXT
JIAYI-PAGE-HFM-A000390-2,WORK-JIAYI,DOC-HFM-A000390,HFM-A000390,2,针灸甲乙经/论文/针灸甲乙经/608-环跳穴的应用.pdf,57d146571a3bbc9b4e0b75f1a62df072a1db54c686a9aec8f88995a2c8c38605,content-production/corpus/extracted-text/HFM-A000390_raw.txt,TEXT
JIAYI-PAGE-HFM-A000391-1,WORK-JIAYI,DOC-HFM-A000391,HFM-A000391,1,针灸甲乙经/论文/针灸甲乙经/609-左病治右_法临床运用概况.pdf,812344e42aa7a4e32248ef8d5810cb4ad7c155484895c3ec4cd1e31330d26f95,content-production/corpus/extracted-text/HFM-A000391_raw.txt,TEXT
JIAYI-PAGE-HFM-A000391-2,WORK-JIAYI,DOC-HFM-A000391,HFM-A000391,2,针灸甲乙经/论文/针灸甲乙经/609-左病治右_法临床运用概况.pdf,812344e42aa7a4e32248ef8d5810cb4ad7c155484895c3ec4cd1e31330d26f95,content-production/corpus/extracted-text/HFM-A000391_raw.txt,TEXT
JIAYI-PAGE-HFM-A000391-3,WORK-JIAYI,DOC-HFM-A000391,HFM-A000391,3,针灸甲乙经/论文/针灸甲乙经/609-左病治右_法临床运用概况.pdf,812344e42aa7a4e32248ef8d5810cb4ad7c155484895c3ec4cd1e31330d26f95,content-production/corpus/extracted-text/HFM-A000391_raw.txt,TEXT
JIAYI-PAGE-HFM-A000392-1,WORK-JIAYI,DOC-HFM-A000392,HFM-A000392,1,针灸甲乙经/论文/针灸甲乙经/61-浅析《针灸甲乙经》之郄穴的价值.pdf,68e583c42aae35737b0c33f660e16e5871634085e38bae0cd9d771d9cd9e0a22,content-production/corpus/extracted-text/HFM-A000392_raw.txt,TEXT
JIAYI-PAGE-HFM-A000392-2,WORK-JIAYI,DOC-HFM-A000392,HFM-A000392,2,针灸甲乙经/论文/针灸甲乙经/61-浅析《针灸甲乙经》之郄穴的价值.pdf,68e583c42aae35737b0c33f660e16e5871634085e38bae0cd9d771d9cd9e0a22,content-production/corpus/extracted-text/HFM-A000392_raw.txt,TEXT
JIAYI-PAGE-HFM-A000392-3,WORK-JIAYI,DOC-HFM-A000392,HFM-A000392,3,针灸甲乙经/论文/针灸甲乙经/61-浅析《针灸甲乙经》之郄穴的价值.pdf,68e583c42aae35737b0c33f660e16e5871634085e38bae0cd9d771d9cd9e0a22,content-production/corpus/extracted-text/HFM-A000392_raw.txt,TEXT
JIAYI-PAGE-HFM-A000392-4,WORK-JIAYI,DOC-HFM-A000392,HFM-A000392,4,针灸甲乙经/论文/针灸甲乙经/61-浅析《针灸甲乙经》之郄穴的价值.pdf,68e583c42aae35737b0c33f660e16e5871634085e38bae0cd9d771d9cd9e0a22,content-production/corpus/extracted-text/HFM-A000392_raw.txt,TEXT
JIAYI-PAGE-HFM-A000393-1,WORK-JIAYI,DOC-HFM-A000393,HFM-A000393,1,针灸甲乙经/论文/针灸甲乙经/610-缪刺_与_巨刺_辨析.pdf,f0d5b396d72d9a77dd9bbee1650c6b86f6e5cc69a989e1b0cc8e0f97786842cc,content-production/corpus/extracted-text/HFM-A000393_raw.txt,TEXT
JIAYI-PAGE-HFM-A000393-2,WORK-JIAYI,DOC-HFM-A000393,HFM-A000393,2,针灸甲乙经/论文/针灸甲乙经/610-缪刺_与_巨刺_辨析.pdf,f0d5b396d72d9a77dd9bbee1650c6b86f6e5cc69a989e1b0cc8e0f97786842cc,content-production/corpus/extracted-text/HFM-A000393_raw.txt,TEXT
JIAYI-PAGE-HFM-A000394-1,WORK-JIAYI,DOC-HFM-A000394,HFM-A000394,1,针灸甲乙经/论文/针灸甲乙经/611-翳风穴及其临床应用.pdf,93cc22214961e3ef4f789f945f0fe22353c5e17e5e9dda3f0d44efa88c3f4a35,content-production/corpus/extracted-text/HFM-A000394_raw.txt,TEXT
JIAYI-PAGE-HFM-A000394-2,WORK-JIAYI,DOC-HFM-A000394,HFM-A000394,2,针灸甲乙经/论文/针灸甲乙经/611-翳风穴及其临床应用.pdf,93cc22214961e3ef4f789f945f0fe22353c5e17e5e9dda3f0d44efa88c3f4a35,content-production/corpus/extracted-text/HFM-A000394_raw.txt,TEXT
JIAYI-PAGE-HFM-A000395-1,WORK-JIAYI,DOC-HFM-A000395,HFM-A000395,1,针灸甲乙经/论文/针灸甲乙经/612-背腧穴浅析.pdf,e23299dd1f4c048fb63696437e0e3501d98d1c7938e54bec83bf81b18613df69,content-production/corpus/extracted-text/HFM-A000395_raw.txt,TEXT
JIAYI-PAGE-HFM-A000395-2,WORK-JIAYI,DOC-HFM-A000395,HFM-A000395,2,针灸甲乙经/论文/针灸甲乙经/612-背腧穴浅析.pdf,e23299dd1f4c048fb63696437e0e3501d98d1c7938e54bec83bf81b18613df69,content-production/corpus/extracted-text/HFM-A000395_raw.txt,TEXT
JIAYI-PAGE-HFM-A000396-1,WORK-JIAYI,DOC-HFM-A000396,HFM-A000396,1,针灸甲乙经/论文/针灸甲乙经/613-五输穴的临床应用.pdf,6faf68d0258a76f59d94fd64f603435518e0bbb9632f4ac9dc4c3171ef607745,content-production/corpus/extracted-text/HFM-A000396_raw.txt,TEXT
JIAYI-PAGE-HFM-A000396-2,WORK-JIAYI,DOC-HFM-A000396,HFM-A000396,2,针灸甲乙经/论文/针灸甲乙经/613-五输穴的临床应用.pdf,6faf68d0258a76f59d94fd64f603435518e0bbb9632f4ac9dc4c3171ef607745,content-production/corpus/extracted-text/HFM-A000396_raw.txt,TEXT
JIAYI-PAGE-HFM-A000396-3,WORK-JIAYI,DOC-HFM-A000396,HFM-A000396,3,针灸甲乙经/论文/针灸甲乙经/613-五输穴的临床应用.pdf,6faf68d0258a76f59d94fd64f603435518e0bbb9632f4ac9dc4c3171ef607745,content-production/corpus/extracted-text/HFM-A000396_raw.txt,TEXT
JIAYI-PAGE-HFM-A000397-1,WORK-JIAYI,DOC-HFM-A000397,HFM-A000397,1,针灸甲乙经/论文/针灸甲乙经/614-中药剂型改革的现状及思考.pdf,5a4501277b9df9d4f7a10ab2673d1de3a888b3254444fdd4ae043a9133264968,content-production/corpus/extracted-text/HFM-A000397_raw.txt,TEXT
JIAYI-PAGE-HFM-A000397-2,WORK-JIAYI,DOC-HFM-A000397,HFM-A000397,2,针灸甲乙经/论文/针灸甲乙经/614-中药剂型改革的现状及思考.pdf,5a4501277b9df9d4f7a10ab2673d1de3a888b3254444fdd4ae043a9133264968,content-production/corpus/extracted-text/HFM-A000397_raw.txt,TEXT
JIAYI-PAGE-HFM-A000397-3,WORK-JIAYI,DOC-HFM-A000397,HFM-A000397,3,针灸甲乙经/论文/针灸甲乙经/614-中药剂型改革的现状及思考.pdf,5a4501277b9df9d4f7a10ab2673d1de3a888b3254444fdd4ae043a9133264968,content-production/corpus/extracted-text/HFM-A000397_raw.txt,TEXT
JIAYI-PAGE-HFM-A000398-1,WORK-JIAYI,DOC-HFM-A000398,HFM-A000398,1,针灸甲乙经/论文/针灸甲乙经/615-肝经取穴治疗腰椎骨质增生76例.pdf,f4bd777dc0afb374ef556835b73e5ea9a4df825be27c4d246c97f7e806e43ccd,content-production/corpus/extracted-text/HFM-A000398_raw.txt,TEXT
JIAYI-PAGE-HFM-A000398-2,WORK-JIAYI,DOC-HFM-A000398,HFM-A000398,2,针灸甲乙经/论文/针灸甲乙经/615-肝经取穴治疗腰椎骨质增生76例.pdf,f4bd777dc0afb374ef556835b73e5ea9a4df825be27c4d246c97f7e806e43ccd,content-production/corpus/extracted-text/HFM-A000398_raw.txt,TEXT
JIAYI-PAGE-HFM-A000399-1,WORK-JIAYI,DOC-HFM-A000399,HFM-A000399,1,针灸甲乙经/论文/针灸甲乙经/616-张灿玾对经典医籍研究的贡献.pdf,310227754a7f27a401618f5f25a0d542f32ba877827da12fda9601fd943ff973,content-production/corpus/extracted-text/HFM-A000399_raw.txt,TEXT
JIAYI-PAGE-HFM-A000399-2,WORK-JIAYI,DOC-HFM-A000399,HFM-A000399,2,针灸甲乙经/论文/针灸甲乙经/616-张灿玾对经典医籍研究的贡献.pdf,310227754a7f27a401618f5f25a0d542f32ba877827da12fda9601fd943ff973,content-production/corpus/extracted-text/HFM-A000399_raw.txt,TEXT
JIAYI-PAGE-HFM-A000399-3,WORK-JIAYI,DOC-HFM-A000399,HFM-A000399,3,针灸甲乙经/论文/针灸甲乙经/616-张灿玾对经典医籍研究的贡献.pdf,310227754a7f27a401618f5f25a0d542f32ba877827da12fda9601fd943ff973,content-production/corpus/extracted-text/HFM-A000399_raw.txt,TEXT
JIAYI-PAGE-HFM-A000400-1,WORK-JIAYI,DOC-HFM-A000400,HFM-A000400,1,针灸甲乙经/论文/针灸甲乙经/617-临床放血疗法举隅.pdf,b7ed1f193daaca9b95e9f9cb00798215724596c2f32979f9cdeb2a0aacb0e794,content-production/corpus/extracted-text/HFM-A000400_raw.txt,TEXT
JIAYI-PAGE-HFM-A000400-2,WORK-JIAYI,DOC-HFM-A000400,HFM-A000400,2,针灸甲乙经/论文/针灸甲乙经/617-临床放血疗法举隅.pdf,b7ed1f193daaca9b95e9f9cb00798215724596c2f32979f9cdeb2a0aacb0e794,content-production/corpus/extracted-text/HFM-A000400_raw.txt,TEXT
JIAYI-PAGE-HFM-A000400-3,WORK-JIAYI,DOC-HFM-A000400,HFM-A000400,3,针灸甲乙经/论文/针灸甲乙经/617-临床放血疗法举隅.pdf,b7ed1f193daaca9b95e9f9cb00798215724596c2f32979f9cdeb2a0aacb0e794,content-production/corpus/extracted-text/HFM-A000400_raw.txt,TEXT
JIAYI-PAGE-HFM-A000401-1,WORK-JIAYI,DOC-HFM-A000401,HFM-A000401,1,针灸甲乙经/论文/针灸甲乙经/618-率然之谷解头痛.pdf,b11f51157470c658287ec3c8285d6aa912e61e81407d917c9bbfe6479875bb85,content-production/corpus/extracted-text/HFM-A000401_raw.txt,TEXT
JIAYI-PAGE-HFM-A000401-2,WORK-JIAYI,DOC-HFM-A000401,HFM-A000401,2,针灸甲乙经/论文/针灸甲乙经/618-率然之谷解头痛.pdf,b11f51157470c658287ec3c8285d6aa912e61e81407d917c9bbfe6479875bb85,content-production/corpus/extracted-text/HFM-A000401_raw.txt,TEXT
JIAYI-PAGE-HFM-A000401-3,WORK-JIAYI,DOC-HFM-A000401,HFM-A000401,3,针灸甲乙经/论文/针灸甲乙经/618-率然之谷解头痛.pdf,b11f51157470c658287ec3c8285d6aa912e61e81407d917c9bbfe6479875bb85,content-production/corpus/extracted-text/HFM-A000401_raw.txt,TEXT
JIAYI-PAGE-HFM-A000402-1,WORK-JIAYI,DOC-HFM-A000402,HFM-A000402,1,针灸甲乙经/论文/针灸甲乙经/619-从郄穴论治带状疱疹急性期疼痛的思路探析.pdf,f81cbd22140a3d18af5b05f1736547b7cd316a43e39741184df33d0daf4597ee,content-production/corpus/extracted-text/HFM-A000402_raw.txt,TEXT
JIAYI-PAGE-HFM-A000402-2,WORK-JIAYI,DOC-HFM-A000402,HFM-A000402,2,针灸甲乙经/论文/针灸甲乙经/619-从郄穴论治带状疱疹急性期疼痛的思路探析.pdf,f81cbd22140a3d18af5b05f1736547b7cd316a43e39741184df33d0daf4597ee,content-production/corpus/extracted-text/HFM-A000402_raw.txt,TEXT
JIAYI-PAGE-HFM-A000402-3,WORK-JIAYI,DOC-HFM-A000402,HFM-A000402,3,针灸甲乙经/论文/针灸甲乙经/619-从郄穴论治带状疱疹急性期疼痛的思路探析.pdf,f81cbd22140a3d18af5b05f1736547b7cd316a43e39741184df33d0daf4597ee,content-production/corpus/extracted-text/HFM-A000402_raw.txt,TEXT
JIAYI-PAGE-HFM-A000403-1,WORK-JIAYI,DOC-HFM-A000403,HFM-A000403,1,针灸甲乙经/论文/针灸甲乙经/62-建国后出版的《针灸甲乙经》目录学梳理.pdf,732fd8dfc31510c2ac6965bb4107a30b1a13079745eff08b3ed0f52e6143a40e,content-production/corpus/extracted-text/HFM-A000403_raw.txt,TEXT
JIAYI-PAGE-HFM-A000403-2,WORK-JIAYI,DOC-HFM-A000403,HFM-A000403,2,针灸甲乙经/论文/针灸甲乙经/62-建国后出版的《针灸甲乙经》目录学梳理.pdf,732fd8dfc31510c2ac6965bb4107a30b1a13079745eff08b3ed0f52e6143a40e,content-production/corpus/extracted-text/HFM-A000403_raw.txt,TEXT
JIAYI-PAGE-HFM-A000403-3,WORK-JIAYI,DOC-HFM-A000403,HFM-A000403,3,针灸甲乙经/论文/针灸甲乙经/62-建国后出版的《针灸甲乙经》目录学梳理.pdf,732fd8dfc31510c2ac6965bb4107a30b1a13079745eff08b3ed0f52e6143a40e,content-production/corpus/extracted-text/HFM-A000403_raw.txt,TEXT
JIAYI-PAGE-HFM-A000404-1,WORK-JIAYI,DOC-HFM-A000404,HFM-A000404,1,针灸甲乙经/论文/针灸甲乙经/620-强健人体_根基_——_建里穴.pdf,b93d0b5cbeed6365e446869066de64cc9aa4a6d35f1bd04e920d196c82d0f167,content-production/corpus/extracted-text/HFM-A000404_raw.txt,TEXT
JIAYI-PAGE-HFM-A000404-2,WORK-JIAYI,DOC-HFM-A000404,HFM-A000404,2,针灸甲乙经/论文/针灸甲乙经/620-强健人体_根基_——_建里穴.pdf,b93d0b5cbeed6365e446869066de64cc9aa4a6d35f1bd04e920d196c82d0f167,content-production/corpus/extracted-text/HFM-A000404_raw.txt,TEXT
JIAYI-PAGE-HFM-A000404-3,WORK-JIAYI,DOC-HFM-A000404,HFM-A000404,3,针灸甲乙经/论文/针灸甲乙经/620-强健人体_根基_——_建里穴.pdf,b93d0b5cbeed6365e446869066de64cc9aa4a6d35f1bd04e920d196c82d0f167,content-production/corpus/extracted-text/HFM-A000404_raw.txt,TEXT
JIAYI-PAGE-HFM-A000405-1,WORK-JIAYI,DOC-HFM-A000405,HFM-A000405,1,针灸甲乙经/论文/针灸甲乙经/621-关于龈交穴与上唇系带的探讨.pdf,1a92fbb830cdfbfe83aa7340879ceab79d444993e4952b63fa4fe95d58ede9d1,content-production/batches/B02/extracted-text/HFM-A000405_raw.txt,TEXT
JIAYI-PAGE-HFM-A000405-2,WORK-JIAYI,DOC-HFM-A000405,HFM-A000405,2,针灸甲乙经/论文/针灸甲乙经/621-关于龈交穴与上唇系带的探讨.pdf,1a92fbb830cdfbfe83aa7340879ceab79d444993e4952b63fa4fe95d58ede9d1,content-production/batches/B02/extracted-text/HFM-A000405_raw.txt,TEXT
JIAYI-PAGE-HFM-A000405-3,WORK-JIAYI,DOC-HFM-A000405,HFM-A000405,3,针灸甲乙经/论文/针灸甲乙经/621-关于龈交穴与上唇系带的探讨.pdf,1a92fbb830cdfbfe83aa7340879ceab79d444993e4952b63fa4fe95d58ede9d1,content-production/batches/B02/extracted-text/HFM-A000405_raw.txt,TEXT
JIAYI-PAGE-HFM-A000405-4,WORK-JIAYI,DOC-HFM-A000405,HFM-A000405,4,针灸甲乙经/论文/针灸甲乙经/621-关于龈交穴与上唇系带的探讨.pdf,1a92fbb830cdfbfe83aa7340879ceab79d444993e4952b63fa4fe95d58ede9d1,content-production/batches/B02/extracted-text/HFM-A000405_raw.txt,TEXT
JIAYI-PAGE-HFM-A000406-1,WORK-JIAYI,DOC-HFM-A000406,HFM-A000406,1,针灸甲乙经/论文/针灸甲乙经/622-肾经然谷六的效用.pdf,4766d17e95cdbef3c3503751c9f041b776191f56721e13cf334fd071ccf4f9ff,content-production/corpus/extracted-text/HFM-A000406_raw.txt,TEXT
JIAYI-PAGE-HFM-A000406-2,WORK-JIAYI,DOC-HFM-A000406,HFM-A000406,2,针灸甲乙经/论文/针灸甲乙经/622-肾经然谷六的效用.pdf,4766d17e95cdbef3c3503751c9f041b776191f56721e13cf334fd071ccf4f9ff,content-production/corpus/extracted-text/HFM-A000406_raw.txt,TEXT
JIAYI-PAGE-HFM-A000406-3,WORK-JIAYI,DOC-HFM-A000406,HFM-A000406,3,针灸甲乙经/论文/针灸甲乙经/622-肾经然谷六的效用.pdf,4766d17e95cdbef3c3503751c9f041b776191f56721e13cf334fd071ccf4f9ff,content-production/corpus/extracted-text/HFM-A000406_raw.txt,TEXT
JIAYI-PAGE-HFM-A000407-1,WORK-JIAYI,DOC-HFM-A000407,HFM-A000407,1,"针灸甲乙经/论文/针灸甲乙经/623-巧用穴位,护眼养.pdf",b135cd9b00757d9ea1a189673cf20a33f37579efd2655e80732f9838f3d8ead9,content-production/corpus/extracted-text/HFM-A000407_raw.txt,TEXT
JIAYI-PAGE-HFM-A000407-2,WORK-JIAYI,DOC-HFM-A000407,HFM-A000407,2,"针灸甲乙经/论文/针灸甲乙经/623-巧用穴位,护眼养.pdf",b135cd9b00757d9ea1a189673cf20a33f37579efd2655e80732f9838f3d8ead9,content-production/corpus/extracted-text/HFM-A000407_raw.txt,TEXT
JIAYI-PAGE-HFM-A000407-3,WORK-JIAYI,DOC-HFM-A000407,HFM-A000407,3,"针灸甲乙经/论文/针灸甲乙经/623-巧用穴位,护眼养.pdf",b135cd9b00757d9ea1a189673cf20a33f37579efd2655e80732f9838f3d8ead9,content-production/corpus/extracted-text/HFM-A000407_raw.txt,TEXT
JIAYI-PAGE-HFM-A000408-1,WORK-JIAYI,DOC-HFM-A000408,HFM-A000408,1,针灸甲乙经/论文/针灸甲乙经/624-涌泉穴烧山火法的临床应用.pdf,cf55466fe5ff23837f740f87e0413db9fecfacabb1046fa8e9dcb71a7f12429e,content-production/corpus/extracted-text/HFM-A000408_raw.txt,TEXT
JIAYI-PAGE-HFM-A000408-2,WORK-JIAYI,DOC-HFM-A000408,HFM-A000408,2,针灸甲乙经/论文/针灸甲乙经/624-涌泉穴烧山火法的临床应用.pdf,cf55466fe5ff23837f740f87e0413db9fecfacabb1046fa8e9dcb71a7f12429e,content-production/corpus/extracted-text/HFM-A000408_raw.txt,TEXT
JIAYI-PAGE-HFM-A000409-1,WORK-JIAYI,DOC-HFM-A000409,HFM-A000409,1,针灸甲乙经/论文/针灸甲乙经/625-刘衡如先生《康城十咏》(一).pdf,7f23a48dcfa58ea42bc805853a67063d4966dbd1707d72f51489c5bbfb9aae24,content-production/corpus/extracted-text/HFM-A000409_raw.txt,TEXT
JIAYI-PAGE-HFM-A000409-2,WORK-JIAYI,DOC-HFM-A000409,HFM-A000409,2,针灸甲乙经/论文/针灸甲乙经/625-刘衡如先生《康城十咏》(一).pdf,7f23a48dcfa58ea42bc805853a67063d4966dbd1707d72f51489c5bbfb9aae24,content-production/corpus/extracted-text/HFM-A000409_raw.txt,TEXT
JIAYI-PAGE-HFM-A000410-1,WORK-JIAYI,DOC-HFM-A000410,HFM-A000410,1,针灸甲乙经/论文/针灸甲乙经/626-内关穴临床应用举隅.pdf,0288dd8a7540ad02714349e3090e05f25358417c18105a79561b0ca98ac74ae6,content-production/corpus/extracted-text/HFM-A000410_raw.txt,TEXT
JIAYI-PAGE-HFM-A000410-2,WORK-JIAYI,DOC-HFM-A000410,HFM-A000410,2,针灸甲乙经/论文/针灸甲乙经/626-内关穴临床应用举隅.pdf,0288dd8a7540ad02714349e3090e05f25358417c18105a79561b0ca98ac74ae6,content-production/corpus/extracted-text/HFM-A000410_raw.txt,TEXT
JIAYI-PAGE-HFM-A000411-1,WORK-JIAYI,DOC-HFM-A000411,HFM-A000411,1,针灸甲乙经/论文/针灸甲乙经/627-浅析影响中药汤剂疗效的原因.pdf,d718f0d6382e8ac9a40e009b4bba16cbef0799acec622e9daa07f36450a415cf,content-production/corpus/extracted-text/HFM-A000411_raw.txt,TEXT
JIAYI-PAGE-HFM-A000411-2,WORK-JIAYI,DOC-HFM-A000411,HFM-A000411,2,针灸甲乙经/论文/针灸甲乙经/627-浅析影响中药汤剂疗效的原因.pdf,d718f0d6382e8ac9a40e009b4bba16cbef0799acec622e9daa07f36450a415cf,content-production/corpus/extracted-text/HFM-A000411_raw.txt,TEXT
JIAYI-PAGE-HFM-A000412-1,WORK-JIAYI,DOC-HFM-A000412,HFM-A000412,1,针灸甲乙经/论文/针灸甲乙经/628-三阴交穴在妇科中的应用.pdf,cfdb436b053765995fa0556e42e5699492eac38026fe51bd672dfcd94310fb94,content-production/corpus/extracted-text/HFM-A000412_raw.txt,TEXT
JIAYI-PAGE-HFM-A000412-2,WORK-JIAYI,DOC-HFM-A000412,HFM-A000412,2,针灸甲乙经/论文/针灸甲乙经/628-三阴交穴在妇科中的应用.pdf,cfdb436b053765995fa0556e42e5699492eac38026fe51bd672dfcd94310fb94,content-production/corpus/extracted-text/HFM-A000412_raw.txt,TEXT
JIAYI-PAGE-HFM-A000413-1,WORK-JIAYI,DOC-HFM-A000413,HFM-A000413,1,针灸甲乙经/论文/针灸甲乙经/629-翳风穴证治机理浅探.pdf,b566bb2b2a2f8baab2eed9b3afb6047aebd39bc14e4fe73d75bce077050774c4,content-production/corpus/extracted-text/HFM-A000413_raw.txt,TEXT
JIAYI-PAGE-HFM-A000414-1,WORK-JIAYI,DOC-HFM-A000414,HFM-A000414,1,针灸甲乙经/论文/针灸甲乙经/630-从王粲病案谈到《黄帝内经》.pdf,42a26eac9b0ef1e4e6b7ed9da7bf7aab21c0b21a8dbc2708b9fa2c18e99f0c6d,content-production/corpus/extracted-text/HFM-A000414_raw.txt,TEXT
JIAYI-PAGE-HFM-A000414-2,WORK-JIAYI,DOC-HFM-A000414,HFM-A000414,2,针灸甲乙经/论文/针灸甲乙经/630-从王粲病案谈到《黄帝内经》.pdf,42a26eac9b0ef1e4e6b7ed9da7bf7aab21c0b21a8dbc2708b9fa2c18e99f0c6d,content-production/corpus/extracted-text/HFM-A000414_raw.txt,TEXT
JIAYI-PAGE-HFM-A000414-3,WORK-JIAYI,DOC-HFM-A000414,HFM-A000414,3,针灸甲乙经/论文/针灸甲乙经/630-从王粲病案谈到《黄帝内经》.pdf,42a26eac9b0ef1e4e6b7ed9da7bf7aab21c0b21a8dbc2708b9fa2c18e99f0c6d,content-production/corpus/extracted-text/HFM-A000414_raw.txt,TEXT
JIAYI-PAGE-HFM-A000415-1,WORK-JIAYI,DOC-HFM-A000415,HFM-A000415,1,针灸甲乙经/论文/针灸甲乙经/631-浅议杨兆钢芒针学术思想.pdf,a794e5fce3e0336dc137f26a7bff7ba0c8167480ba75bff8ff914ee991d7f08f,content-production/corpus/extracted-text/HFM-A000415_raw.txt,TEXT
JIAYI-PAGE-HFM-A000415-2,WORK-JIAYI,DOC-HFM-A000415,HFM-A000415,2,针灸甲乙经/论文/针灸甲乙经/631-浅议杨兆钢芒针学术思想.pdf,a794e5fce3e0336dc137f26a7bff7ba0c8167480ba75bff8ff914ee991d7f08f,content-production/corpus/extracted-text/HFM-A000415_raw.txt,TEXT
JIAYI-PAGE-HFM-A000416-1,WORK-JIAYI,DOC-HFM-A000416,HFM-A000416,1,针灸甲乙经/论文/针灸甲乙经/633-过敏性鼻炎的经络诊察规律性研究_李在荣.pdf,24b5665dd3751920f981e1bcc52890c1684d7cb118607622fdf3e786245b57bb,content-production/corpus/raw-ocr/HFM-A000416_p001_raw.txt,OCR
JIAYI-PAGE-HFM-A000416-34,WORK-JIAYI,DOC-HFM-A000416,HFM-A000416,34,针灸甲乙经/论文/针灸甲乙经/633-过敏性鼻炎的经络诊察规律性研究_李在荣.pdf,24b5665dd3751920f981e1bcc52890c1684d7cb118607622fdf3e786245b57bb,content-production/corpus/raw-ocr/HFM-A000416_p034_raw.txt,OCR
JIAYI-PAGE-HFM-A000416-68,WORK-JIAYI,DOC-HFM-A000416,HFM-A000416,68,针灸甲乙经/论文/针灸甲乙经/633-过敏性鼻炎的经络诊察规律性研究_李在荣.pdf,24b5665dd3751920f981e1bcc52890c1684d7cb118607622fdf3e786245b57bb,content-production/corpus/raw-ocr/HFM-A000416_p068_raw.txt,OCR
JIAYI-PAGE-HFM-A000417-1,WORK-JIAYI,DOC-HFM-A000417,HFM-A000417,1,针灸甲乙经/论文/针灸甲乙经/634-脱疽_的历史演变及现代意义.pdf,84f7cc2f6070711a11581ccc3ccfea373ac812f457fe2d03088d264c232ce7db,content-production/corpus/extracted-text/HFM-A000417_raw.txt,TEXT
JIAYI-PAGE-HFM-A000417-2,WORK-JIAYI,DOC-HFM-A000417,HFM-A000417,2,针灸甲乙经/论文/针灸甲乙经/634-脱疽_的历史演变及现代意义.pdf,84f7cc2f6070711a11581ccc3ccfea373ac812f457fe2d03088d264c232ce7db,content-production/corpus/extracted-text/HFM-A000417_raw.txt,TEXT
JIAYI-PAGE-HFM-A000417-3,WORK-JIAYI,DOC-HFM-A000417,HFM-A000417,3,针灸甲乙经/论文/针灸甲乙经/634-脱疽_的历史演变及现代意义.pdf,84f7cc2f6070711a11581ccc3ccfea373ac812f457fe2d03088d264c232ce7db,content-production/corpus/extracted-text/HFM-A000417_raw.txt,TEXT
JIAYI-PAGE-HFM-A000417-4,WORK-JIAYI,DOC-HFM-A000417,HFM-A000417,4,针灸甲乙经/论文/针灸甲乙经/634-脱疽_的历史演变及现代意义.pdf,84f7cc2f6070711a11581ccc3ccfea373ac812f457fe2d03088d264c232ce7db,content-production/corpus/extracted-text/HFM-A000417_raw.txt,TEXT
JIAYI-PAGE-HFM-A000417-5,WORK-JIAYI,DOC-HFM-A000417,HFM-A000417,5,针灸甲乙经/论文/针灸甲乙经/634-脱疽_的历史演变及现代意义.pdf,84f7cc2f6070711a11581ccc3ccfea373ac812f457fe2d03088d264c232ce7db,content-production/corpus/extracted-text/HFM-A000417_raw.txt,TEXT
JIAYI-PAGE-HFM-A000418-1,WORK-JIAYI,DOC-HFM-A000418,HFM-A000418,1,针灸甲乙经/论文/针灸甲乙经/635-敦煌針炙文獻研究_王杏林.pdf,e260910e90570155c099726aaf95f01210b8771fbd02cf9770a4170021ef229e,content-production/corpus/raw-ocr/HFM-A000418_p001_raw.txt,OCR
JIAYI-PAGE-HFM-A000418-118,WORK-JIAYI,DOC-HFM-A000418,HFM-A000418,118,针灸甲乙经/论文/针灸甲乙经/635-敦煌針炙文獻研究_王杏林.pdf,e260910e90570155c099726aaf95f01210b8771fbd02cf9770a4170021ef229e,content-production/corpus/raw-ocr/HFM-A000418_p118_raw.txt,OCR
JIAYI-PAGE-HFM-A000418-236,WORK-JIAYI,DOC-HFM-A000418,HFM-A000418,236,针灸甲乙经/论文/针灸甲乙经/635-敦煌針炙文獻研究_王杏林.pdf,e260910e90570155c099726aaf95f01210b8771fbd02cf9770a4170021ef229e,content-production/corpus/raw-ocr/HFM-A000418_p236_raw.txt,OCR
JIAYI-PAGE-HFM-A000419-1,WORK-JIAYI,DOC-HFM-A000419,HFM-A000419,1,针灸甲乙经/论文/针灸甲乙经/64-《针灸甲乙经》之汗症选穴思路刍议.pdf,936aa3e908238630baf9e2ff33fac76dfd3b3d09517dc8e9a15a44786e0b36de,content-production/corpus/extracted-text/HFM-A000419_raw.txt,TEXT
JIAYI-PAGE-HFM-A000419-2,WORK-JIAYI,DOC-HFM-A000419,HFM-A000419,2,针灸甲乙经/论文/针灸甲乙经/64-《针灸甲乙经》之汗症选穴思路刍议.pdf,936aa3e908238630baf9e2ff33fac76dfd3b3d09517dc8e9a15a44786e0b36de,content-production/corpus/extracted-text/HFM-A000419_raw.txt,TEXT
JIAYI-PAGE-HFM-A000419-3,WORK-JIAYI,DOC-HFM-A000419,HFM-A000419,3,针灸甲乙经/论文/针灸甲乙经/64-《针灸甲乙经》之汗症选穴思路刍议.pdf,936aa3e908238630baf9e2ff33fac76dfd3b3d09517dc8e9a15a44786e0b36de,content-production/corpus/extracted-text/HFM-A000419_raw.txt,TEXT
JIAYI-PAGE-HFM-A000420-1,WORK-JIAYI,DOC-HFM-A000420,HFM-A000420,1,针灸甲乙经/论文/针灸甲乙经/640-郭耀康学术思想与临床经验总结及针剌治疗顽固性面瘫的临床研究_郭霞.pdf,dbde2a071a7e0f9508c388ad108581858673369fe588da35ae8ec18abdfcd014,content-production/corpus/raw-ocr/HFM-A000420_p001_raw.txt,OCR
JIAYI-PAGE-HFM-A000420-39,WORK-JIAYI,DOC-HFM-A000420,HFM-A000420,39,针灸甲乙经/论文/针灸甲乙经/640-郭耀康学术思想与临床经验总结及针剌治疗顽固性面瘫的临床研究_郭霞.pdf,dbde2a071a7e0f9508c388ad108581858673369fe588da35ae8ec18abdfcd014,content-production/corpus/raw-ocr/HFM-A000420_p039_raw.txt,OCR
JIAYI-PAGE-HFM-A000420-79,WORK-JIAYI,DOC-HFM-A000420,HFM-A000420,79,针灸甲乙经/论文/针灸甲乙经/640-郭耀康学术思想与临床经验总结及针剌治疗顽固性面瘫的临床研究_郭霞.pdf,dbde2a071a7e0f9508c388ad108581858673369fe588da35ae8ec18abdfcd014,content-production/corpus/raw-ocr/HFM-A000420_p079_raw.txt,OCR
JIAYI-PAGE-HFM-A000421-1,WORK-JIAYI,DOC-HFM-A000421,HFM-A000421,1,针灸甲乙经/论文/针灸甲乙经/641-周德安学术思想与临床经验总结及隔姜隔盐灸神阙法治疗中风后排尿障碍的临床研究_刘慧林.pdf,f927fb31d3f07c2273983e47ec080dc434777424ef8b1b070181e60799367838,content-production/corpus/raw-ocr/HFM-A000421_p001_raw.txt,OCR
JIAYI-PAGE-HFM-A000421-48,WORK-JIAYI,DOC-HFM-A000421,HFM-A000421,48,针灸甲乙经/论文/针灸甲乙经/641-周德安学术思想与临床经验总结及隔姜隔盐灸神阙法治疗中风后排尿障碍的临床研究_刘慧林.pdf,f927fb31d3f07c2273983e47ec080dc434777424ef8b1b070181e60799367838,content-production/corpus/raw-ocr/HFM-A000421_p048_raw.txt,OCR
JIAYI-PAGE-HFM-A000421-97,WORK-JIAYI,DOC-HFM-A000421,HFM-A000421,97,针灸甲乙经/论文/针灸甲乙经/641-周德安学术思想与临床经验总结及隔姜隔盐灸神阙法治疗中风后排尿障碍的临床研究_刘慧林.pdf,f927fb31d3f07c2273983e47ec080dc434777424ef8b1b070181e60799367838,content-production/corpus/raw-ocr/HFM-A000421_p097_raw.txt,OCR
JIAYI-PAGE-HFM-A000422-1,WORK-JIAYI,DOC-HFM-A000422,HFM-A000422,1,针灸甲乙经/论文/针灸甲乙经/645定喘、天突穴平喘作用及机制研究进展.pdf,01ea34f96c4f914fbccac01f36ff3b79bf3ab33503881a4f17f8fba9fd14f546,content-production/corpus/extracted-text/HFM-A000422_raw.txt,TEXT
JIAYI-PAGE-HFM-A000422-2,WORK-JIAYI,DOC-HFM-A000422,HFM-A000422,2,针灸甲乙经/论文/针灸甲乙经/645定喘、天突穴平喘作用及机制研究进展.pdf,01ea34f96c4f914fbccac01f36ff3b79bf3ab33503881a4f17f8fba9fd14f546,content-production/corpus/extracted-text/HFM-A000422_raw.txt,TEXT
JIAYI-PAGE-HFM-A000422-3,WORK-JIAYI,DOC-HFM-A000422,HFM-A000422,3,针灸甲乙经/论文/针灸甲乙经/645定喘、天突穴平喘作用及机制研究进展.pdf,01ea34f96c4f914fbccac01f36ff3b79bf3ab33503881a4f17f8fba9fd14f546,content-production/corpus/extracted-text/HFM-A000422_raw.txt,TEXT
JIAYI-PAGE-HFM-A000423-1,WORK-JIAYI,DOC-HFM-A000423,HFM-A000423,1,针灸甲乙经/论文/针灸甲乙经/646-脐针布针思维浅析与临床应用举隅.pdf,7dd1d776156ed3c002acff9b853bed4c73b1628809a057a1581ed062811ac103,content-production/corpus/raw-ocr/HFM-A000423_p001_raw.txt,OCR
JIAYI-PAGE-HFM-A000423-2,WORK-JIAYI,DOC-HFM-A000423,HFM-A000423,2,针灸甲乙经/论文/针灸甲乙经/646-脐针布针思维浅析与临床应用举隅.pdf,7dd1d776156ed3c002acff9b853bed4c73b1628809a057a1581ed062811ac103,content-production/corpus/raw-ocr/HFM-A000423_p002_raw.txt,OCR
JIAYI-PAGE-HFM-A000424-1,WORK-JIAYI,DOC-HFM-A000424,HFM-A000424,1,针灸甲乙经/论文/针灸甲乙经/647-李志道教授太溪穴定位与临床应用拾贝.pdf,340793021b526b60c1aca56879df80de023639c697284ab7a821dac7c08eec99,content-production/corpus/extracted-text/HFM-A000424_raw.txt,TEXT
JIAYI-PAGE-HFM-A000424-2,WORK-JIAYI,DOC-HFM-A000424,HFM-A000424,2,针灸甲乙经/论文/针灸甲乙经/647-李志道教授太溪穴定位与临床应用拾贝.pdf,340793021b526b60c1aca56879df80de023639c697284ab7a821dac7c08eec99,content-production/corpus/extracted-text/HFM-A000424_raw.txt,TEXT
JIAYI-PAGE-HFM-A000425-1,WORK-JIAYI,DOC-HFM-A000425,HFM-A000425,1,针灸甲乙经/论文/针灸甲乙经/648-井穴的施术方法考.pdf,3bfbf04142515bd4cf877385c66f451b55f7dae122ba5b439dfaac2e2d49aabf,content-production/corpus/extracted-text/HFM-A000425_raw.txt,TEXT
JIAYI-PAGE-HFM-A000425-2,WORK-JIAYI,DOC-HFM-A000425,HFM-A000425,2,针灸甲乙经/论文/针灸甲乙经/648-井穴的施术方法考.pdf,3bfbf04142515bd4cf877385c66f451b55f7dae122ba5b439dfaac2e2d49aabf,content-production/corpus/extracted-text/HFM-A000425_raw.txt,TEXT
JIAYI-PAGE-HFM-A000425-3,WORK-JIAYI,DOC-HFM-A000425,HFM-A000425,3,针灸甲乙经/论文/针灸甲乙经/648-井穴的施术方法考.pdf,3bfbf04142515bd4cf877385c66f451b55f7dae122ba5b439dfaac2e2d49aabf,content-production/corpus/extracted-text/HFM-A000425_raw.txt,TEXT
JIAYI-PAGE-HFM-A000425-4,WORK-JIAYI,DOC-HFM-A000425,HFM-A000425,4,针灸甲乙经/论文/针灸甲乙经/648-井穴的施术方法考.pdf,3bfbf04142515bd4cf877385c66f451b55f7dae122ba5b439dfaac2e2d49aabf,content-production/corpus/extracted-text/HFM-A000425_raw.txt,TEXT
JIAYI-PAGE-HFM-A000426-1,WORK-JIAYI,DOC-HFM-A000426,HFM-A000426,1,针灸甲乙经/论文/针灸甲乙经/649-翳风穴临床应用体会.pdf,282b722532ef5c465ec88650590b45c11d6588b8b84cb89fdddfda7ded1057a6,content-production/corpus/extracted-text/HFM-A000426_raw.txt,TEXT
JIAYI-PAGE-HFM-A000426-2,WORK-JIAYI,DOC-HFM-A000426,HFM-A000426,2,针灸甲乙经/论文/针灸甲乙经/649-翳风穴临床应用体会.pdf,282b722532ef5c465ec88650590b45c11d6588b8b84cb89fdddfda7ded1057a6,content-production/corpus/extracted-text/HFM-A000426_raw.txt,TEXT
JIAYI-PAGE-HFM-A000427-1,WORK-JIAYI,DOC-HFM-A000427,HFM-A000427,1,针灸甲乙经/论文/针灸甲乙经/65-《针灸甲乙经》甲乙两字之我见.pdf,0c55c65a1df72611b5ce023b5a4d4844f71a6d28ab45a38f73457d131a4472d2,content-production/corpus/extracted-text/HFM-A000427_raw.txt,TEXT
JIAYI-PAGE-HFM-A000427-2,WORK-JIAYI,DOC-HFM-A000427,HFM-A000427,2,针灸甲乙经/论文/针灸甲乙经/65-《针灸甲乙经》甲乙两字之我见.pdf,0c55c65a1df72611b5ce023b5a4d4844f71a6d28ab45a38f73457d131a4472d2,content-production/corpus/extracted-text/HFM-A000427_raw.txt,TEXT
JIAYI-PAGE-HFM-A000428-1,WORK-JIAYI,DOC-HFM-A000428,HFM-A000428,1,针灸甲乙经/论文/针灸甲乙经/651-《黄帝内经》与针炙临床轨范_包艳燕.pdf,5877083b30ca1b2dfc716f9497436e172492571d72734fda37fe6c4578f52215,content-production/corpus/raw-ocr/HFM-A000428_p001_raw.txt,OCR
JIAYI-PAGE-HFM-A000428-49,WORK-JIAYI,DOC-HFM-A000428,HFM-A000428,49,针灸甲乙经/论文/针灸甲乙经/651-《黄帝内经》与针炙临床轨范_包艳燕.pdf,5877083b30ca1b2dfc716f9497436e172492571d72734fda37fe6c4578f52215,content-production/corpus/raw-ocr/HFM-A000428_p049_raw.txt,OCR
JIAYI-PAGE-HFM-A000429-1,WORK-JIAYI,DOC-HFM-A000429,HFM-A000429,1,针灸甲乙经/论文/针灸甲乙经/652-论肾风病的现代观.pdf,e8965678d650b8fdd2e6ba22ffc4f2cf0ad661031b8e03b7acb97b0e6b7c96b9,content-production/batches/B02/extracted-text/HFM-A000429_raw.txt,TEXT
JIAYI-PAGE-HFM-A000429-2,WORK-JIAYI,DOC-HFM-A000429,HFM-A000429,2,针灸甲乙经/论文/针灸甲乙经/652-论肾风病的现代观.pdf,e8965678d650b8fdd2e6ba22ffc4f2cf0ad661031b8e03b7acb97b0e6b7c96b9,content-production/batches/B02/extracted-text/HFM-A000429_raw.txt,TEXT
JIAYI-PAGE-HFM-A000429-3,WORK-JIAYI,DOC-HFM-A000429,HFM-A000429,3,针灸甲乙经/论文/针灸甲乙经/652-论肾风病的现代观.pdf,e8965678d650b8fdd2e6ba22ffc4f2cf0ad661031b8e03b7acb97b0e6b7c96b9,content-production/batches/B02/extracted-text/HFM-A000429_raw.txt,TEXT
JIAYI-PAGE-HFM-A000429-4,WORK-JIAYI,DOC-HFM-A000429,HFM-A000429,4,针灸甲乙经/论文/针灸甲乙经/652-论肾风病的现代观.pdf,e8965678d650b8fdd2e6ba22ffc4f2cf0ad661031b8e03b7acb97b0e6b7c96b9,content-production/batches/B02/extracted-text/HFM-A000429_raw.txt,TEXT
JIAYI-PAGE-HFM-A000430-1,WORK-JIAYI,DOC-HFM-A000430,HFM-A000430,1,针灸甲乙经/论文/针灸甲乙经/653-宋校本《千金要方》增补文献初考.pdf,44ef451dadd7aa95de0fc8cc432a20d05f0cbcda7c65294237a2c7358e4a706c,content-production/corpus/extracted-text/HFM-A000430_raw.txt,TEXT
JIAYI-PAGE-HFM-A000430-2,WORK-JIAYI,DOC-HFM-A000430,HFM-A000430,2,针灸甲乙经/论文/针灸甲乙经/653-宋校本《千金要方》增补文献初考.pdf,44ef451dadd7aa95de0fc8cc432a20d05f0cbcda7c65294237a2c7358e4a706c,content-production/corpus/extracted-text/HFM-A000430_raw.txt,TEXT
JIAYI-PAGE-HFM-A000430-3,WORK-JIAYI,DOC-HFM-A000430,HFM-A000430,3,针灸甲乙经/论文/针灸甲乙经/653-宋校本《千金要方》增补文献初考.pdf,44ef451dadd7aa95de0fc8cc432a20d05f0cbcda7c65294237a2c7358e4a706c,content-production/corpus/extracted-text/HFM-A000430_raw.txt,TEXT
JIAYI-PAGE-HFM-A000431-1,WORK-JIAYI,DOC-HFM-A000431,HFM-A000431,1,针灸甲乙经/论文/针灸甲乙经/654-壮医脐环穴的历史渊源、理论基础与临床研究.pdf,06a2da16c7d4e49cc18d830de2bb52667d4baf04b964c11cd704d3b277a6a293,content-production/corpus/extracted-text/HFM-A000431_raw.txt,TEXT
JIAYI-PAGE-HFM-A000431-2,WORK-JIAYI,DOC-HFM-A000431,HFM-A000431,2,针灸甲乙经/论文/针灸甲乙经/654-壮医脐环穴的历史渊源、理论基础与临床研究.pdf,06a2da16c7d4e49cc18d830de2bb52667d4baf04b964c11cd704d3b277a6a293,content-production/corpus/extracted-text/HFM-A000431_raw.txt,TEXT
JIAYI-PAGE-HFM-A000431-3,WORK-JIAYI,DOC-HFM-A000431,HFM-A000431,3,针灸甲乙经/论文/针灸甲乙经/654-壮医脐环穴的历史渊源、理论基础与临床研究.pdf,06a2da16c7d4e49cc18d830de2bb52667d4baf04b964c11cd704d3b277a6a293,content-production/corpus/extracted-text/HFM-A000431_raw.txt,TEXT
JIAYI-PAGE-HFM-A000432-1,WORK-JIAYI,DOC-HFM-A000432,HFM-A000432,1,针灸甲乙经/论文/针灸甲乙经/655-手三里六临床应用.pdf,ec893fe61d3d1467522b88801053c221aa232100c4fcac7fb30ff11131a2e256,content-production/corpus/extracted-text/HFM-A000432_raw.txt,TEXT
JIAYI-PAGE-HFM-A000432-2,WORK-JIAYI,DOC-HFM-A000432,HFM-A000432,2,针灸甲乙经/论文/针灸甲乙经/655-手三里六临床应用.pdf,ec893fe61d3d1467522b88801053c221aa232100c4fcac7fb30ff11131a2e256,content-production/corpus/extracted-text/HFM-A000432_raw.txt,TEXT
JIAYI-PAGE-HFM-A000433-1,WORK-JIAYI,DOC-HFM-A000433,HFM-A000433,1,针灸甲乙经/论文/针灸甲乙经/656-孙思邈_“药王”桂冠的由来.pdf,11bdc06980861e6ab73ee77723ce97c6a8f3949eb2c9c3ae8ca0657b32c8ba27,content-production/corpus/extracted-text/HFM-A000433_raw.txt,TEXT
JIAYI-PAGE-HFM-A000433-2,WORK-JIAYI,DOC-HFM-A000433,HFM-A000433,2,针灸甲乙经/论文/针灸甲乙经/656-孙思邈_“药王”桂冠的由来.pdf,11bdc06980861e6ab73ee77723ce97c6a8f3949eb2c9c3ae8ca0657b32c8ba27,content-production/corpus/extracted-text/HFM-A000433_raw.txt,TEXT
JIAYI-PAGE-HFM-A000434-1,WORK-JIAYI,DOC-HFM-A000434,HFM-A000434,1,针灸甲乙经/论文/针灸甲乙经/657-考“(宀免)”.pdf,982ea04e0bff0e4db7c142b0c9ce6fc3590988db33a6092dbd41e0ea3444c651,content-production/corpus/extracted-text/HFM-A000434_raw.txt,TEXT
JIAYI-PAGE-HFM-A000434-2,WORK-JIAYI,DOC-HFM-A000434,HFM-A000434,2,针灸甲乙经/论文/针灸甲乙经/657-考“(宀免)”.pdf,982ea04e0bff0e4db7c142b0c9ce6fc3590988db33a6092dbd41e0ea3444c651,content-production/corpus/extracted-text/HFM-A000434_raw.txt,TEXT
JIAYI-PAGE-HFM-A000435-1,WORK-JIAYI,DOC-HFM-A000435,HFM-A000435,1,针灸甲乙经/论文/针灸甲乙经/658-膻中穴的古今研究.pdf,ee0f2b48934cacdad2c5c9a6a508d8d53ddfc2d09bf106b6f47963c71f12e40d,content-production/corpus/extracted-text/HFM-A000435_raw.txt,TEXT
JIAYI-PAGE-HFM-A000435-2,WORK-JIAYI,DOC-HFM-A000435,HFM-A000435,2,针灸甲乙经/论文/针灸甲乙经/658-膻中穴的古今研究.pdf,ee0f2b48934cacdad2c5c9a6a508d8d53ddfc2d09bf106b6f47963c71f12e40d,content-production/corpus/extracted-text/HFM-A000435_raw.txt,TEXT
JIAYI-PAGE-HFM-A000436-1,WORK-JIAYI,DOC-HFM-A000436,HFM-A000436,1,针灸甲乙经/论文/针灸甲乙经/659-上星穴的临床应用.pdf,039863f7a1a4bf727e3787600dd5b03d6c611a50bf34fe8f6ef13b57234ef779,content-production/corpus/extracted-text/HFM-A000436_raw.txt,TEXT
JIAYI-PAGE-HFM-A000436-2,WORK-JIAYI,DOC-HFM-A000436,HFM-A000436,2,针灸甲乙经/论文/针灸甲乙经/659-上星穴的临床应用.pdf,039863f7a1a4bf727e3787600dd5b03d6c611a50bf34fe8f6ef13b57234ef779,content-production/corpus/extracted-text/HFM-A000436_raw.txt,TEXT
JIAYI-PAGE-HFM-A000436-3,WORK-JIAYI,DOC-HFM-A000436,HFM-A000436,3,针灸甲乙经/论文/针灸甲乙经/659-上星穴的临床应用.pdf,039863f7a1a4bf727e3787600dd5b03d6c611a50bf34fe8f6ef13b57234ef779,content-production/corpus/extracted-text/HFM-A000436_raw.txt,TEXT
JIAYI-PAGE-HFM-A000437-1,WORK-JIAYI,DOC-HFM-A000437,HFM-A000437,1,针灸甲乙经/论文/针灸甲乙经/66-《针灸甲乙经》胸痹心痛的诊治特点探析.pdf,2b2bba8ba004e9d208b796c788cc2331a6a3eb5b655169b2fbfafe8ade01e930,content-production/corpus/extracted-text/HFM-A000437_raw.txt,TEXT
JIAYI-PAGE-HFM-A000437-2,WORK-JIAYI,DOC-HFM-A000437,HFM-A000437,2,针灸甲乙经/论文/针灸甲乙经/66-《针灸甲乙经》胸痹心痛的诊治特点探析.pdf,2b2bba8ba004e9d208b796c788cc2331a6a3eb5b655169b2fbfafe8ade01e930,content-production/corpus/extracted-text/HFM-A000437_raw.txt,TEXT
JIAYI-PAGE-HFM-A000437-3,WORK-JIAYI,DOC-HFM-A000437,HFM-A000437,3,针灸甲乙经/论文/针灸甲乙经/66-《针灸甲乙经》胸痹心痛的诊治特点探析.pdf,2b2bba8ba004e9d208b796c788cc2331a6a3eb5b655169b2fbfafe8ade01e930,content-production/corpus/extracted-text/HFM-A000437_raw.txt,TEXT
JIAYI-PAGE-HFM-A000437-4,WORK-JIAYI,DOC-HFM-A000437,HFM-A000437,4,针灸甲乙经/论文/针灸甲乙经/66-《针灸甲乙经》胸痹心痛的诊治特点探析.pdf,2b2bba8ba004e9d208b796c788cc2331a6a3eb5b655169b2fbfafe8ade01e930,content-production/corpus/extracted-text/HFM-A000437_raw.txt,TEXT
JIAYI-PAGE-HFM-A000438-1,WORK-JIAYI,DOC-HFM-A000438,HFM-A000438,1,针灸甲乙经/论文/针灸甲乙经/660-率谷六临床应用.pdf,d414c6ff2c49b87e1a9b9a42419d50549ab1d0d227d77a394efa28f38beef857,content-production/corpus/extracted-text/HFM-A000438_raw.txt,TEXT
JIAYI-PAGE-HFM-A000438-2,WORK-JIAYI,DOC-HFM-A000438,HFM-A000438,2,针灸甲乙经/论文/针灸甲乙经/660-率谷六临床应用.pdf,d414c6ff2c49b87e1a9b9a42419d50549ab1d0d227d77a394efa28f38beef857,content-production/corpus/extracted-text/HFM-A000438_raw.txt,TEXT
JIAYI-PAGE-HFM-A000438-3,WORK-JIAYI,DOC-HFM-A000438,HFM-A000438,3,针灸甲乙经/论文/针灸甲乙经/660-率谷六临床应用.pdf,d414c6ff2c49b87e1a9b9a42419d50549ab1d0d227d77a394efa28f38beef857,content-production/corpus/extracted-text/HFM-A000438_raw.txt,TEXT
JIAYI-PAGE-HFM-A000439-1,WORK-JIAYI,DOC-HFM-A000439,HFM-A000439,1,针灸甲乙经/论文/针灸甲乙经/661-艾灸地机穴治疗原发性痛经.pdf,0f02a1af3e8706040b292c31e8ec944fb13df36a645c1ea3d5ba7106aab87f92,content-production/corpus/extracted-text/HFM-A000439_raw.txt,TEXT
JIAYI-PAGE-HFM-A000440-1,WORK-JIAYI,DOC-HFM-A000440,HFM-A000440,1,针灸甲乙经/论文/针灸甲乙经/662-浅谈针刺与艾灸并用.pdf,8dc2c69b10df76d82912c3c15508ee68a4979572b240569b406e7b4df54faf7c,content-production/corpus/extracted-text/HFM-A000440_raw.txt,TEXT
JIAYI-PAGE-HFM-A000440-2,WORK-JIAYI,DOC-HFM-A000440,HFM-A000440,2,针灸甲乙经/论文/针灸甲乙经/662-浅谈针刺与艾灸并用.pdf,8dc2c69b10df76d82912c3c15508ee68a4979572b240569b406e7b4df54faf7c,content-production/corpus/extracted-text/HFM-A000440_raw.txt,TEXT
JIAYI-PAGE-HFM-A000441-1,WORK-JIAYI,DOC-HFM-A000441,HFM-A000441,1,针灸甲乙经/论文/针灸甲乙经/663-小议百会穴取穴法.pdf,55fb0d5abb5cb155bd07553d3a763b91b2e9518fd0cc4bf579e0d1a8fabd4db1,content-production/corpus/raw-ocr/HFM-A000441_p001_raw.txt,OCR
JIAYI-PAGE-HFM-A000442-1,WORK-JIAYI,DOC-HFM-A000442,HFM-A000442,1,针灸甲乙经/论文/针灸甲乙经/664-李志道教授冲门穴定位存异及临床应用_杨俊涛.pdf,d5943eab3f9ffeab10ae895e9edfb8ba632417994d637daaeeab770d103b77be,content-production/corpus/extracted-text/HFM-A000442_raw.txt,TEXT
JIAYI-PAGE-HFM-A000442-2,WORK-JIAYI,DOC-HFM-A000442,HFM-A000442,2,针灸甲乙经/论文/针灸甲乙经/664-李志道教授冲门穴定位存异及临床应用_杨俊涛.pdf,d5943eab3f9ffeab10ae895e9edfb8ba632417994d637daaeeab770d103b77be,content-production/corpus/extracted-text/HFM-A000442_raw.txt,TEXT
JIAYI-PAGE-HFM-A000442-3,WORK-JIAYI,DOC-HFM-A000442,HFM-A000442,3,针灸甲乙经/论文/针灸甲乙经/664-李志道教授冲门穴定位存异及临床应用_杨俊涛.pdf,d5943eab3f9ffeab10ae895e9edfb8ba632417994d637daaeeab770d103b77be,content-production/corpus/extracted-text/HFM-A000442_raw.txt,TEXT
JIAYI-PAGE-HFM-A000443-1,WORK-JIAYI,DOC-HFM-A000443,HFM-A000443,1,针灸甲乙经/论文/针灸甲乙经/665-次髎穴的临床应用.pdf,15583f71899424db221bbcafb12ef7bded2f35e61f939919bdf1016a56ac5528,content-production/corpus/extracted-text/HFM-A000443_raw.txt,TEXT
JIAYI-PAGE-HFM-A000443-2,WORK-JIAYI,DOC-HFM-A000443,HFM-A000443,2,针灸甲乙经/论文/针灸甲乙经/665-次髎穴的临床应用.pdf,15583f71899424db221bbcafb12ef7bded2f35e61f939919bdf1016a56ac5528,content-production/corpus/extracted-text/HFM-A000443_raw.txt,TEXT
JIAYI-PAGE-HFM-A000444-1,WORK-JIAYI,DOC-HFM-A000444,HFM-A000444,1,针灸甲乙经/论文/针灸甲乙经/666-对“头不可多灸”的认识_高希言.pdf,1b7ebbd49fa04814f5d8a97fbb688ce67b834facdaae7e32ed6de185246c14be,content-production/corpus/extracted-text/HFM-A000444_raw.txt,TEXT
JIAYI-PAGE-HFM-A000444-2,WORK-JIAYI,DOC-HFM-A000444,HFM-A000444,2,针灸甲乙经/论文/针灸甲乙经/666-对“头不可多灸”的认识_高希言.pdf,1b7ebbd49fa04814f5d8a97fbb688ce67b834facdaae7e32ed6de185246c14be,content-production/corpus/extracted-text/HFM-A000444_raw.txt,TEXT
JIAYI-PAGE-HFM-A000445-1,WORK-JIAYI,DOC-HFM-A000445,HFM-A000445,1,"针灸甲乙经/论文/针灸甲乙经/667-人中穴,不只是用于急救.pdf",559b188bcca74a5735cf784dad2084fd5d91500bc85be7302e6e86d45e8e1790,content-production/corpus/extracted-text/HFM-A000445_raw.txt,TEXT
JIAYI-PAGE-HFM-A000445-2,WORK-JIAYI,DOC-HFM-A000445,HFM-A000445,2,"针灸甲乙经/论文/针灸甲乙经/667-人中穴,不只是用于急救.pdf",559b188bcca74a5735cf784dad2084fd5d91500bc85be7302e6e86d45e8e1790,content-production/corpus/extracted-text/HFM-A000445_raw.txt,TEXT
JIAYI-PAGE-HFM-A000446-1,WORK-JIAYI,DOC-HFM-A000446,HFM-A000446,1,针灸甲乙经/论文/针灸甲乙经/668-针刺在中医急症中的应用.pdf,98d86f298a529855e1adabdf713b7f896c85c2a3f994b638a9026616078b1ce1,content-production/corpus/extracted-text/HFM-A000446_raw.txt,TEXT
JIAYI-PAGE-HFM-A000446-2,WORK-JIAYI,DOC-HFM-A000446,HFM-A000446,2,针灸甲乙经/论文/针灸甲乙经/668-针刺在中医急症中的应用.pdf,98d86f298a529855e1adabdf713b7f896c85c2a3f994b638a9026616078b1ce1,content-production/corpus/extracted-text/HFM-A000446_raw.txt,TEXT
JIAYI-PAGE-HFM-A000446-3,WORK-JIAYI,DOC-HFM-A000446,HFM-A000446,3,针灸甲乙经/论文/针灸甲乙经/668-针刺在中医急症中的应用.pdf,98d86f298a529855e1adabdf713b7f896c85c2a3f994b638a9026616078b1ce1,content-production/corpus/extracted-text/HFM-A000446_raw.txt,TEXT
JIAYI-PAGE-HFM-A000447-1,WORK-JIAYI,DOC-HFM-A000447,HFM-A000447,1,针灸甲乙经/论文/针灸甲乙经/67-《针灸甲乙经》论治溏泄下痢的探析.pdf,e837aef84c032904d0140aff799825aaeeea5a84ac6b727593332682b2bd3b01,content-production/corpus/extracted-text/HFM-A000447_raw.txt,TEXT
JIAYI-PAGE-HFM-A000447-2,WORK-JIAYI,DOC-HFM-A000447,HFM-A000447,2,针灸甲乙经/论文/针灸甲乙经/67-《针灸甲乙经》论治溏泄下痢的探析.pdf,e837aef84c032904d0140aff799825aaeeea5a84ac6b727593332682b2bd3b01,content-production/corpus/extracted-text/HFM-A000447_raw.txt,TEXT
JIAYI-PAGE-HFM-A000447-3,WORK-JIAYI,DOC-HFM-A000447,HFM-A000447,3,针灸甲乙经/论文/针灸甲乙经/67-《针灸甲乙经》论治溏泄下痢的探析.pdf,e837aef84c032904d0140aff799825aaeeea5a84ac6b727593332682b2bd3b01,content-production/corpus/extracted-text/HFM-A000447_raw.txt,TEXT
JIAYI-PAGE-HFM-A000447-4,WORK-JIAYI,DOC-HFM-A000447,HFM-A000447,4,针灸甲乙经/论文/针灸甲乙经/67-《针灸甲乙经》论治溏泄下痢的探析.pdf,e837aef84c032904d0140aff799825aaeeea5a84ac6b727593332682b2bd3b01,content-production/corpus/extracted-text/HFM-A000447_raw.txt,TEXT
JIAYI-PAGE-HFM-A000448-1,WORK-JIAYI,DOC-HFM-A000448,HFM-A000448,1,针灸甲乙经/论文/针灸甲乙经/670-大肠俞的临床应用.pdf,3735ccbf96fe60ece24da30b5a20ae898994b7f413c7f840d6f012824f725286,content-production/corpus/extracted-text/HFM-A000448_raw.txt,TEXT
JIAYI-PAGE-HFM-A000449-1,WORK-JIAYI,DOC-HFM-A000449,HFM-A000449,1,针灸甲乙经/论文/针灸甲乙经/671-百会穴的蜂针临床应用.pdf,33f73dd894c0d1a84f721b49ae240ed1d0b5b70deea3cf44422ea38177030bed,content-production/corpus/extracted-text/HFM-A000449_raw.txt,TEXT
JIAYI-PAGE-HFM-A000449-2,WORK-JIAYI,DOC-HFM-A000449,HFM-A000449,2,针灸甲乙经/论文/针灸甲乙经/671-百会穴的蜂针临床应用.pdf,33f73dd894c0d1a84f721b49ae240ed1d0b5b70deea3cf44422ea38177030bed,content-production/corpus/extracted-text/HFM-A000449_raw.txt,TEXT
JIAYI-PAGE-HFM-A000450-1,WORK-JIAYI,DOC-HFM-A000450,HFM-A000450,1,针灸甲乙经/论文/针灸甲乙经/672-条口穴主治肩周炎经验的追本溯源_彭增福.pdf,54f180e369554b6a14409aa5c980d58eb9ace8dbfa758421c3493014f97de025,content-production/corpus/extracted-text/HFM-A000450_raw.txt,TEXT
JIAYI-PAGE-HFM-A000451-1,WORK-JIAYI,DOC-HFM-A000451,HFM-A000451,1,针灸甲乙经/论文/针灸甲乙经/673-道法自然_从治水到针刺治病_白兴华.pdf,7b7af92926da3d6f104686497b827fd4955e43baff7c98ad167daf383ef72332,content-production/corpus/raw-ocr/HFM-A000451_p001_raw.txt,OCR
JIAYI-PAGE-HFM-A000452-1,WORK-JIAYI,DOC-HFM-A000452,HFM-A000452,1,针灸甲乙经/论文/针灸甲乙经/676-石门以何称丹田_朱中书.pdf,415e90c921256b9dac1eb0dfaa766857a892b424d5185fb1f82f769c462ccbde,content-production/corpus/extracted-text/HFM-A000452_raw.txt,TEXT
JIAYI-PAGE-HFM-A000452-2,WORK-JIAYI,DOC-HFM-A000452,HFM-A000452,2,针灸甲乙经/论文/针灸甲乙经/676-石门以何称丹田_朱中书.pdf,415e90c921256b9dac1eb0dfaa766857a892b424d5185fb1f82f769c462ccbde,content-production/corpus/extracted-text/HFM-A000452_raw.txt,TEXT
JIAYI-PAGE-HFM-A000453-1,WORK-JIAYI,DOC-HFM-A000453,HFM-A000453,1,针灸甲乙经/论文/针灸甲乙经/678-针药结合治疗抽动秽语综合征验案.pdf,48907ba9a82f85e6202aec1e6f7af7b983a60f7b38611efda46fcae03e952b16,content-production/corpus/extracted-text/HFM-A000453_raw.txt,TEXT
JIAYI-PAGE-HFM-A000454-1,WORK-JIAYI,DOC-HFM-A000454,HFM-A000454,1,针灸甲乙经/论文/针灸甲乙经/679-关于血海穴简便取穴法准确性的探讨_胡成想.pdf,67b259fda6226696f5c2a6656ebf8f56f3b02516ecd5529ccf9bc37f3611b945,content-production/batches/B02/extracted-text/HFM-A000454_raw.txt,TEXT
JIAYI-PAGE-HFM-A000455-1,WORK-JIAYI,DOC-HFM-A000455,HFM-A000455,1,针灸甲乙经/论文/针灸甲乙经/68-《针灸甲乙经》对现代针灸临床的影响.pdf,21f4a62d53eb69d12426596ec7dada4c4a8a134576038a2435139cb5dfaad85f,content-production/corpus/extracted-text/HFM-A000455_raw.txt,TEXT
JIAYI-PAGE-HFM-A000455-2,WORK-JIAYI,DOC-HFM-A000455,HFM-A000455,2,针灸甲乙经/论文/针灸甲乙经/68-《针灸甲乙经》对现代针灸临床的影响.pdf,21f4a62d53eb69d12426596ec7dada4c4a8a134576038a2435139cb5dfaad85f,content-production/corpus/extracted-text/HFM-A000455_raw.txt,TEXT
JIAYI-PAGE-HFM-A000455-3,WORK-JIAYI,DOC-HFM-A000455,HFM-A000455,3,针灸甲乙经/论文/针灸甲乙经/68-《针灸甲乙经》对现代针灸临床的影响.pdf,21f4a62d53eb69d12426596ec7dada4c4a8a134576038a2435139cb5dfaad85f,content-production/corpus/extracted-text/HFM-A000455_raw.txt,TEXT
JIAYI-PAGE-HFM-A000456-1,WORK-JIAYI,DOC-HFM-A000456,HFM-A000456,1,针灸甲乙经/论文/针灸甲乙经/680-从少商穴文献考证谈井穴之定位_王欣.pdf,eb9cec0b96f2ac0f1d657e8f50427c0ad08e2df81b249142f48be85af43ce836,content-production/corpus/extracted-text/HFM-A000456_raw.txt,TEXT
JIAYI-PAGE-HFM-A000457-1,WORK-JIAYI,DOC-HFM-A000457,HFM-A000457,1,针灸甲乙经/论文/针灸甲乙经/681-中髎穴定位、进针点和操作刍议_李汪.pdf,759aa008b7d62b9ffadb66f418182d7ce9c9bd7ecd2a42c12f0cef2a91bbc37f,content-production/corpus/extracted-text/HFM-A000457_raw.txt,TEXT
JIAYI-PAGE-HFM-A000457-2,WORK-JIAYI,DOC-HFM-A000457,HFM-A000457,2,针灸甲乙经/论文/针灸甲乙经/681-中髎穴定位、进针点和操作刍议_李汪.pdf,759aa008b7d62b9ffadb66f418182d7ce9c9bd7ecd2a42c12f0cef2a91bbc37f,content-production/corpus/extracted-text/HFM-A000457_raw.txt,TEXT
JIAYI-PAGE-HFM-A000458-1,WORK-JIAYI,DOC-HFM-A000458,HFM-A000458,1,针灸甲乙经/论文/针灸甲乙经/682-上关穴定位考订_牛淑平.pdf,ea7810f29c90da25479c7b9cb86502d01e9f319f1edff0c133d64f2c09b32b62,content-production/corpus/extracted-text/HFM-A000458_raw.txt,TEXT
JIAYI-PAGE-HFM-A000459-1,WORK-JIAYI,DOC-HFM-A000459,HFM-A000459,1,针灸甲乙经/论文/针灸甲乙经/686-合谷穴的临床应用_侯乔宽.pdf,58b118c363c137cbb8bb5bf7b749f21b041dfca39e8a37ee6212d70d23b188e4,content-production/corpus/extracted-text/HFM-A000459_raw.txt,TEXT
JIAYI-PAGE-HFM-A000460-1,WORK-JIAYI,DOC-HFM-A000460,HFM-A000460,1,针灸甲乙经/论文/针灸甲乙经/69-《针灸甲乙经》在针灸史上的重要地位.pdf,ad46c68713ce93e02ecee611b775fcc9caf17cadf0fbd96380069fed2ee07b43,content-production/corpus/extracted-text/HFM-A000460_raw.txt,TEXT
JIAYI-PAGE-HFM-A000460-2,WORK-JIAYI,DOC-HFM-A000460,HFM-A000460,2,针灸甲乙经/论文/针灸甲乙经/69-《针灸甲乙经》在针灸史上的重要地位.pdf,ad46c68713ce93e02ecee611b775fcc9caf17cadf0fbd96380069fed2ee07b43,content-production/corpus/extracted-text/HFM-A000460_raw.txt,TEXT
JIAYI-PAGE-HFM-A000461-1,WORK-JIAYI,DOC-HFM-A000461,HFM-A000461,1,针灸甲乙经/论文/针灸甲乙经/690-手少阴心经神门穴对冠心病患者的影响_冷俊艳.pdf,b9f563561b0ce7313618e97332621485fa153b52ca510adb20a37aa8bc2b9081,content-production/corpus/extracted-text/HFM-A000461_raw.txt,TEXT
JIAYI-PAGE-HFM-A000461-2,WORK-JIAYI,DOC-HFM-A000461,HFM-A000461,2,针灸甲乙经/论文/针灸甲乙经/690-手少阴心经神门穴对冠心病患者的影响_冷俊艳.pdf,b9f563561b0ce7313618e97332621485fa153b52ca510adb20a37aa8bc2b9081,content-production/corpus/extracted-text/HFM-A000461_raw.txt,TEXT
JIAYI-PAGE-HFM-A000461-3,WORK-JIAYI,DOC-HFM-A000461,HFM-A000461,3,针灸甲乙经/论文/针灸甲乙经/690-手少阴心经神门穴对冠心病患者的影响_冷俊艳.pdf,b9f563561b0ce7313618e97332621485fa153b52ca510adb20a37aa8bc2b9081,content-production/corpus/extracted-text/HFM-A000461_raw.txt,TEXT
JIAYI-PAGE-HFM-A000462-1,WORK-JIAYI,DOC-HFM-A000462,HFM-A000462,1,针灸甲乙经/论文/针灸甲乙经/692-募穴的临床应用及作用机制研究概况_刘小艳.pdf,57694596752ef978532e0bab284e05e00564000174db1eb4c83d0e734f0b3da9,content-production/corpus/extracted-text/HFM-A000462_raw.txt,TEXT
JIAYI-PAGE-HFM-A000462-2,WORK-JIAYI,DOC-HFM-A000462,HFM-A000462,2,针灸甲乙经/论文/针灸甲乙经/692-募穴的临床应用及作用机制研究概况_刘小艳.pdf,57694596752ef978532e0bab284e05e00564000174db1eb4c83d0e734f0b3da9,content-production/corpus/extracted-text/HFM-A000462_raw.txt,TEXT
JIAYI-PAGE-HFM-A000462-3,WORK-JIAYI,DOC-HFM-A000462,HFM-A000462,3,针灸甲乙经/论文/针灸甲乙经/692-募穴的临床应用及作用机制研究概况_刘小艳.pdf,57694596752ef978532e0bab284e05e00564000174db1eb4c83d0e734f0b3da9,content-production/corpus/extracted-text/HFM-A000462_raw.txt,TEXT
JIAYI-PAGE-HFM-A000463-1,WORK-JIAYI,DOC-HFM-A000463,HFM-A000463,1,针灸甲乙经/论文/针灸甲乙经/693-神阙穴古今临床应用探析_高秀花.pdf,386c9517febeeeeb58704fc23da4fffa76da17f524b9c5be90f77da81ee3b65a,content-production/corpus/extracted-text/HFM-A000463_raw.txt,TEXT
JIAYI-PAGE-HFM-A000463-2,WORK-JIAYI,DOC-HFM-A000463,HFM-A000463,2,针灸甲乙经/论文/针灸甲乙经/693-神阙穴古今临床应用探析_高秀花.pdf,386c9517febeeeeb58704fc23da4fffa76da17f524b9c5be90f77da81ee3b65a,content-production/corpus/extracted-text/HFM-A000463_raw.txt,TEXT
JIAYI-PAGE-HFM-A000464-1,WORK-JIAYI,DOC-HFM-A000464,HFM-A000464,1,针灸甲乙经/论文/针灸甲乙经/697-浅议百会穴的主治规律_江澎湃.pdf,a5b368baf158d6427fcb165b2b88916009f6c39e4b2193c943c8b626720eb805,content-production/corpus/raw-ocr/HFM-A000464_p001_raw.txt,OCR
JIAYI-PAGE-HFM-A000464-2,WORK-JIAYI,DOC-HFM-A000464,HFM-A000464,2,针灸甲乙经/论文/针灸甲乙经/697-浅议百会穴的主治规律_江澎湃.pdf,a5b368baf158d6427fcb165b2b88916009f6c39e4b2193c943c8b626720eb805,content-production/corpus/raw-ocr/HFM-A000464_p002_raw.txt,OCR
JIAYI-PAGE-HFM-A000464-3,WORK-JIAYI,DOC-HFM-A000464,HFM-A000464,3,针灸甲乙经/论文/针灸甲乙经/697-浅议百会穴的主治规律_江澎湃.pdf,a5b368baf158d6427fcb165b2b88916009f6c39e4b2193c943c8b626720eb805,content-production/corpus/raw-ocr/HFM-A000464_p003_raw.txt,OCR
JIAYI-PAGE-HFM-A000464-4,WORK-JIAYI,DOC-HFM-A000464,HFM-A000464,4,针灸甲乙经/论文/针灸甲乙经/697-浅议百会穴的主治规律_江澎湃.pdf,a5b368baf158d6427fcb165b2b88916009f6c39e4b2193c943c8b626720eb805,content-production/corpus/raw-ocr/HFM-A000464_p004_raw.txt,OCR
JIAYI-PAGE-HFM-A000464-5,WORK-JIAYI,DOC-HFM-A000464,HFM-A000464,5,针灸甲乙经/论文/针灸甲乙经/697-浅议百会穴的主治规律_江澎湃.pdf,a5b368baf158d6427fcb165b2b88916009f6c39e4b2193c943c8b626720eb805,content-production/corpus/raw-ocr/HFM-A000464_p005_raw.txt,OCR
JIAYI-PAGE-HFM-A000465-1,WORK-JIAYI,DOC-HFM-A000465,HFM-A000465,1,针灸甲乙经/论文/针灸甲乙经/7-依韵校勘《针灸甲乙经》.pdf,aa760c686f0f582624ce452a5e7f8dcfdc83cf440a1addde3b2faa5f15c7c155,content-production/corpus/extracted-text/HFM-A000465_raw.txt,TEXT
JIAYI-PAGE-HFM-A000465-2,WORK-JIAYI,DOC-HFM-A000465,HFM-A000465,2,针灸甲乙经/论文/针灸甲乙经/7-依韵校勘《针灸甲乙经》.pdf,aa760c686f0f582624ce452a5e7f8dcfdc83cf440a1addde3b2faa5f15c7c155,content-production/corpus/extracted-text/HFM-A000465_raw.txt,TEXT
JIAYI-PAGE-HFM-A000465-3,WORK-JIAYI,DOC-HFM-A000465,HFM-A000465,3,针灸甲乙经/论文/针灸甲乙经/7-依韵校勘《针灸甲乙经》.pdf,aa760c686f0f582624ce452a5e7f8dcfdc83cf440a1addde3b2faa5f15c7c155,content-production/corpus/extracted-text/HFM-A000465_raw.txt,TEXT
JIAYI-PAGE-HFM-A000465-4,WORK-JIAYI,DOC-HFM-A000465,HFM-A000465,4,针灸甲乙经/论文/针灸甲乙经/7-依韵校勘《针灸甲乙经》.pdf,aa760c686f0f582624ce452a5e7f8dcfdc83cf440a1addde3b2faa5f15c7c155,content-production/corpus/extracted-text/HFM-A000465_raw.txt,TEXT
JIAYI-PAGE-HFM-A000465-5,WORK-JIAYI,DOC-HFM-A000465,HFM-A000465,5,针灸甲乙经/论文/针灸甲乙经/7-依韵校勘《针灸甲乙经》.pdf,aa760c686f0f582624ce452a5e7f8dcfdc83cf440a1addde3b2faa5f15c7c155,content-production/corpus/extracted-text/HFM-A000465_raw.txt,TEXT
JIAYI-PAGE-HFM-A000465-6,WORK-JIAYI,DOC-HFM-A000465,HFM-A000465,6,针灸甲乙经/论文/针灸甲乙经/7-依韵校勘《针灸甲乙经》.pdf,aa760c686f0f582624ce452a5e7f8dcfdc83cf440a1addde3b2faa5f15c7c155,content-production/corpus/extracted-text/HFM-A000465_raw.txt,TEXT
JIAYI-PAGE-HFM-A000465-7,WORK-JIAYI,DOC-HFM-A000465,HFM-A000465,7,针灸甲乙经/论文/针灸甲乙经/7-依韵校勘《针灸甲乙经》.pdf,aa760c686f0f582624ce452a5e7f8dcfdc83cf440a1addde3b2faa5f15c7c155,content-production/corpus/extracted-text/HFM-A000465_raw.txt,TEXT
JIAYI-PAGE-HFM-A000465-8,WORK-JIAYI,DOC-HFM-A000465,HFM-A000465,8,针灸甲乙经/论文/针灸甲乙经/7-依韵校勘《针灸甲乙经》.pdf,aa760c686f0f582624ce452a5e7f8dcfdc83cf440a1addde3b2faa5f15c7c155,content-production/corpus/extracted-text/HFM-A000465_raw.txt,TEXT
JIAYI-PAGE-HFM-A000466-1,WORK-JIAYI,DOC-HFM-A000466,HFM-A000466,1,针灸甲乙经/论文/针灸甲乙经/70-《针灸甲乙经》有关浅刺针法理论的研究探析.pdf,241b3f2aeac3b918d5af25b7fc74b20a3a2ca67820f5a1bef0ca17f27ca43f5c,content-production/corpus/extracted-text/HFM-A000466_raw.txt,TEXT
JIAYI-PAGE-HFM-A000466-2,WORK-JIAYI,DOC-HFM-A000466,HFM-A000466,2,针灸甲乙经/论文/针灸甲乙经/70-《针灸甲乙经》有关浅刺针法理论的研究探析.pdf,241b3f2aeac3b918d5af25b7fc74b20a3a2ca67820f5a1bef0ca17f27ca43f5c,content-production/corpus/extracted-text/HFM-A000466_raw.txt,TEXT
JIAYI-PAGE-HFM-A000467-1,WORK-JIAYI,DOC-HFM-A000467,HFM-A000467,1,针灸甲乙经/论文/针灸甲乙经/700-大椎穴的临床应用_曹文忠.pdf,b74310bb9ce8f0f41a4469c02326edfbf8b0cc60005fbbf7ab06bf9ae0a3e14a,content-production/corpus/raw-ocr/HFM-A000467_p001_raw.txt,OCR
JIAYI-PAGE-HFM-A000467-2,WORK-JIAYI,DOC-HFM-A000467,HFM-A000467,2,针灸甲乙经/论文/针灸甲乙经/700-大椎穴的临床应用_曹文忠.pdf,b74310bb9ce8f0f41a4469c02326edfbf8b0cc60005fbbf7ab06bf9ae0a3e14a,content-production/corpus/raw-ocr/HFM-A000467_p002_raw.txt,OCR
JIAYI-PAGE-HFM-A000467-3,WORK-JIAYI,DOC-HFM-A000467,HFM-A000467,3,针灸甲乙经/论文/针灸甲乙经/700-大椎穴的临床应用_曹文忠.pdf,b74310bb9ce8f0f41a4469c02326edfbf8b0cc60005fbbf7ab06bf9ae0a3e14a,content-production/corpus/raw-ocr/HFM-A000467_p003_raw.txt,OCR
JIAYI-PAGE-HFM-A000467-4,WORK-JIAYI,DOC-HFM-A000467,HFM-A000467,4,针灸甲乙经/论文/针灸甲乙经/700-大椎穴的临床应用_曹文忠.pdf,b74310bb9ce8f0f41a4469c02326edfbf8b0cc60005fbbf7ab06bf9ae0a3e14a,content-production/corpus/raw-ocr/HFM-A000467_p004_raw.txt,OCR
JIAYI-PAGE-HFM-A000468-1,WORK-JIAYI,DOC-HFM-A000468,HFM-A000468,1,针灸甲乙经/论文/针灸甲乙经/701-刺激合谷穴在临床上注意事项探析_尹利华.pdf,bf1242b307401cfaaaaa156c453c7361f2f5817c90a9c07c45ee15db816904a3,content-production/corpus/raw-ocr/HFM-A000468_p001_raw.txt,OCR
JIAYI-PAGE-HFM-A000468-2,WORK-JIAYI,DOC-HFM-A000468,HFM-A000468,2,针灸甲乙经/论文/针灸甲乙经/701-刺激合谷穴在临床上注意事项探析_尹利华.pdf,bf1242b307401cfaaaaa156c453c7361f2f5817c90a9c07c45ee15db816904a3,content-production/corpus/raw-ocr/HFM-A000468_p002_raw.txt,OCR
JIAYI-PAGE-HFM-A000468-3,WORK-JIAYI,DOC-HFM-A000468,HFM-A000468,3,针灸甲乙经/论文/针灸甲乙经/701-刺激合谷穴在临床上注意事项探析_尹利华.pdf,bf1242b307401cfaaaaa156c453c7361f2f5817c90a9c07c45ee15db816904a3,content-production/corpus/raw-ocr/HFM-A000468_p003_raw.txt,OCR
JIAYI-PAGE-HFM-A000469-1,WORK-JIAYI,DOC-HFM-A000469,HFM-A000469,1,针灸甲乙经/论文/针灸甲乙经/703- 小小银针扎出好身体 .pdf,ea080d3371d7b61b584fcbd90bd74790be1a6a1830fb8fd61b204c35c317405d,content-production/corpus/extracted-text/HFM-A000469_raw.txt,TEXT
JIAYI-PAGE-HFM-A000470-1,WORK-JIAYI,DOC-HFM-A000470,HFM-A000470,1,针灸甲乙经/论文/针灸甲乙经/71-《针灸甲乙经》为中国现存最早类书初探.pdf,31e6f0a3d3b2b8fbb631bb7dbe293e98b985840dcb229cc445bef0817e150ff6,content-production/corpus/extracted-text/HFM-A000470_raw.txt,TEXT
JIAYI-PAGE-HFM-A000470-2,WORK-JIAYI,DOC-HFM-A000470,HFM-A000470,2,针灸甲乙经/论文/针灸甲乙经/71-《针灸甲乙经》为中国现存最早类书初探.pdf,31e6f0a3d3b2b8fbb631bb7dbe293e98b985840dcb229cc445bef0817e150ff6,content-production/corpus/extracted-text/HFM-A000470_raw.txt,TEXT
JIAYI-PAGE-HFM-A000470-3,WORK-JIAYI,DOC-HFM-A000470,HFM-A000470,3,针灸甲乙经/论文/针灸甲乙经/71-《针灸甲乙经》为中国现存最早类书初探.pdf,31e6f0a3d3b2b8fbb631bb7dbe293e98b985840dcb229cc445bef0817e150ff6,content-production/corpus/extracted-text/HFM-A000470_raw.txt,TEXT
JIAYI-PAGE-HFM-A000471-1,WORK-JIAYI,DOC-HFM-A000471,HFM-A000471,1,针灸甲乙经/论文/针灸甲乙经/713-解溪穴新悟_刘亮.pdf,b48bc0055312d522d3a102aa2792c8905bbfc19288dca3d60c4b7661bade09bf,content-production/corpus/extracted-text/HFM-A000471_raw.txt,TEXT
JIAYI-PAGE-HFM-A000472-1,WORK-JIAYI,DOC-HFM-A000472,HFM-A000472,1,针灸甲乙经/论文/针灸甲乙经/715-从敦煌《灸经图》看早期膀胱经脉循行_王天生.pdf,fc5fbe874f7654eebcc6520039d8b7244f7bbd487402dc6701ce1b04a4c761eb,content-production/corpus/extracted-text/HFM-A000472_raw.txt,TEXT
JIAYI-PAGE-HFM-A000473-1,WORK-JIAYI,DOC-HFM-A000473,HFM-A000473,1,针灸甲乙经/论文/针灸甲乙经/72-《针灸甲乙经》中精神疾病病名浅释.pdf,6db9c72d28fb6c31175e3b3eccd25496985165eb52a94929170f33d6c69c043a,content-production/corpus/extracted-text/HFM-A000473_raw.txt,TEXT
JIAYI-PAGE-HFM-A000473-2,WORK-JIAYI,DOC-HFM-A000473,HFM-A000473,2,针灸甲乙经/论文/针灸甲乙经/72-《针灸甲乙经》中精神疾病病名浅释.pdf,6db9c72d28fb6c31175e3b3eccd25496985165eb52a94929170f33d6c69c043a,content-production/corpus/extracted-text/HFM-A000473_raw.txt,TEXT
JIAYI-PAGE-HFM-A000474-1,WORK-JIAYI,DOC-HFM-A000474,HFM-A000474,1,针灸甲乙经/论文/针灸甲乙经/720-浮郄穴治疗不寐症机制浅谈_程剑.pdf,543ef5110a2a225f05df7ab532615f5ba9bf3162457ffb768a207b742e31e79a,content-production/corpus/extracted-text/HFM-A000474_raw.txt,TEXT
JIAYI-PAGE-HFM-A000474-2,WORK-JIAYI,DOC-HFM-A000474,HFM-A000474,2,针灸甲乙经/论文/针灸甲乙经/720-浮郄穴治疗不寐症机制浅谈_程剑.pdf,543ef5110a2a225f05df7ab532615f5ba9bf3162457ffb768a207b742e31e79a,content-production/corpus/extracted-text/HFM-A000474_raw.txt,TEXT
JIAYI-PAGE-HFM-A000475-1,WORK-JIAYI,DOC-HFM-A000475,HFM-A000475,1,针灸甲乙经/论文/针灸甲乙经/73-《针灸甲乙经》治疗癫病的疗法特点分析.pdf,29cc7032c72c42423a2af87c03981e7be862a367b38452abebfca6570487fc14,content-production/corpus/extracted-text/HFM-A000475_raw.txt,TEXT
JIAYI-PAGE-HFM-A000475-2,WORK-JIAYI,DOC-HFM-A000475,HFM-A000475,2,针灸甲乙经/论文/针灸甲乙经/73-《针灸甲乙经》治疗癫病的疗法特点分析.pdf,29cc7032c72c42423a2af87c03981e7be862a367b38452abebfca6570487fc14,content-production/corpus/extracted-text/HFM-A000475_raw.txt,TEXT
JIAYI-PAGE-HFM-A000476-1,WORK-JIAYI,DOC-HFM-A000476,HFM-A000476,1,针灸甲乙经/论文/针灸甲乙经/730-中脘穴的临床应用概况_秦会帮.pdf,9bcaf1bcf9be84879002ab0eed853c16ca922c340c9d3711ef7f967b9c4f6865,content-production/corpus/extracted-text/HFM-A000476_raw.txt,TEXT
JIAYI-PAGE-HFM-A000476-2,WORK-JIAYI,DOC-HFM-A000476,HFM-A000476,2,针灸甲乙经/论文/针灸甲乙经/730-中脘穴的临床应用概况_秦会帮.pdf,9bcaf1bcf9be84879002ab0eed853c16ca922c340c9d3711ef7f967b9c4f6865,content-production/corpus/extracted-text/HFM-A000476_raw.txt,TEXT
JIAYI-PAGE-HFM-A000476-3,WORK-JIAYI,DOC-HFM-A000476,HFM-A000476,3,针灸甲乙经/论文/针灸甲乙经/730-中脘穴的临床应用概况_秦会帮.pdf,9bcaf1bcf9be84879002ab0eed853c16ca922c340c9d3711ef7f967b9c4f6865,content-production/corpus/extracted-text/HFM-A000476_raw.txt,TEXT
JIAYI-PAGE-HFM-A000477-1,WORK-JIAYI,DOC-HFM-A000477,HFM-A000477,1,针灸甲乙经/论文/针灸甲乙经/74-《针灸甲乙经》中《明堂》重言词义考释.pdf,e0262ea8b0c1a64eb2068625891525a761d23f9d6e53790ed9b5a1efc5350a52,content-production/corpus/extracted-text/HFM-A000477_raw.txt,TEXT
JIAYI-PAGE-HFM-A000477-2,WORK-JIAYI,DOC-HFM-A000477,HFM-A000477,2,针灸甲乙经/论文/针灸甲乙经/74-《针灸甲乙经》中《明堂》重言词义考释.pdf,e0262ea8b0c1a64eb2068625891525a761d23f9d6e53790ed9b5a1efc5350a52,content-production/corpus/extracted-text/HFM-A000477_raw.txt,TEXT
JIAYI-PAGE-HFM-A000477-3,WORK-JIAYI,DOC-HFM-A000477,HFM-A000477,3,针灸甲乙经/论文/针灸甲乙经/74-《针灸甲乙经》中《明堂》重言词义考释.pdf,e0262ea8b0c1a64eb2068625891525a761d23f9d6e53790ed9b5a1efc5350a52,content-production/corpus/extracted-text/HFM-A000477_raw.txt,TEXT
JIAYI-PAGE-HFM-A000478-1,WORK-JIAYI,DOC-HFM-A000478,HFM-A000478,1,针灸甲乙经/论文/针灸甲乙经/75-探析《针灸甲乙经》治疗头痛的选穴规律.pdf,a2947ea85b60414684a7a1d32675a26df8dd0fc722b0070d0039f18ffa490cdf,content-production/batches/B02/extracted-text/HFM-A000478_raw.txt,TEXT
JIAYI-PAGE-HFM-A000478-2,WORK-JIAYI,DOC-HFM-A000478,HFM-A000478,2,针灸甲乙经/论文/针灸甲乙经/75-探析《针灸甲乙经》治疗头痛的选穴规律.pdf,a2947ea85b60414684a7a1d32675a26df8dd0fc722b0070d0039f18ffa490cdf,content-production/batches/B02/extracted-text/HFM-A000478_raw.txt,TEXT
JIAYI-PAGE-HFM-A000478-3,WORK-JIAYI,DOC-HFM-A000478,HFM-A000478,3,针灸甲乙经/论文/针灸甲乙经/75-探析《针灸甲乙经》治疗头痛的选穴规律.pdf,a2947ea85b60414684a7a1d32675a26df8dd0fc722b0070d0039f18ffa490cdf,content-production/batches/B02/extracted-text/HFM-A000478_raw.txt,TEXT
JIAYI-PAGE-HFM-A000479-1,WORK-JIAYI,DOC-HFM-A000479,HFM-A000479,1,针灸甲乙经/论文/针灸甲乙经/76-《针灸甲乙经》治疗咽喉部病症选穴特点探析.pdf,dc02be58f41af7d2e7b7c00d2d489c72e6b34fb501d158eb3752a6cf2588fa7a,content-production/corpus/extracted-text/HFM-A000479_raw.txt,TEXT
JIAYI-PAGE-HFM-A000479-2,WORK-JIAYI,DOC-HFM-A000479,HFM-A000479,2,针灸甲乙经/论文/针灸甲乙经/76-《针灸甲乙经》治疗咽喉部病症选穴特点探析.pdf,dc02be58f41af7d2e7b7c00d2d489c72e6b34fb501d158eb3752a6cf2588fa7a,content-production/corpus/extracted-text/HFM-A000479_raw.txt,TEXT
JIAYI-PAGE-HFM-A000479-3,WORK-JIAYI,DOC-HFM-A000479,HFM-A000479,3,针灸甲乙经/论文/针灸甲乙经/76-《针灸甲乙经》治疗咽喉部病症选穴特点探析.pdf,dc02be58f41af7d2e7b7c00d2d489c72e6b34fb501d158eb3752a6cf2588fa7a,content-production/corpus/extracted-text/HFM-A000479_raw.txt,TEXT
JIAYI-PAGE-HFM-A000479-4,WORK-JIAYI,DOC-HFM-A000479,HFM-A000479,4,针灸甲乙经/论文/针灸甲乙经/76-《针灸甲乙经》治疗咽喉部病症选穴特点探析.pdf,dc02be58f41af7d2e7b7c00d2d489c72e6b34fb501d158eb3752a6cf2588fa7a,content-production/corpus/extracted-text/HFM-A000479_raw.txt,TEXT
JIAYI-PAGE-HFM-A000480-1,WORK-JIAYI,DOC-HFM-A000480,HFM-A000480,1,针灸甲乙经/论文/针灸甲乙经/763-《帛书·经脉》在经络腧穴发展史中的意义.pdf,c1357bcd272bff9d4aab5579d107b14251ba730342eb24247b6ed52d5c6e291b,content-production/corpus/raw-ocr/HFM-A000480_p001_raw.txt,OCR
JIAYI-PAGE-HFM-A000480-2,WORK-JIAYI,DOC-HFM-A000480,HFM-A000480,2,针灸甲乙经/论文/针灸甲乙经/763-《帛书·经脉》在经络腧穴发展史中的意义.pdf,c1357bcd272bff9d4aab5579d107b14251ba730342eb24247b6ed52d5c6e291b,content-production/corpus/raw-ocr/HFM-A000480_p002_raw.txt,OCR
JIAYI-PAGE-HFM-A000480-3,WORK-JIAYI,DOC-HFM-A000480,HFM-A000480,3,针灸甲乙经/论文/针灸甲乙经/763-《帛书·经脉》在经络腧穴发展史中的意义.pdf,c1357bcd272bff9d4aab5579d107b14251ba730342eb24247b6ed52d5c6e291b,content-production/corpus/raw-ocr/HFM-A000480_p003_raw.txt,OCR
JIAYI-PAGE-HFM-A000481-1,WORK-JIAYI,DOC-HFM-A000481,HFM-A000481,1,针灸甲乙经/论文/针灸甲乙经/77-《针灸甲乙经》中牙痛的诊治特点探析.pdf,9aeab9fcbfcd52a3cfe47dacdee67f05acdd26bc70c6175c1f900cf397148a2a,content-production/corpus/extracted-text/HFM-A000481_raw.txt,TEXT
JIAYI-PAGE-HFM-A000481-2,WORK-JIAYI,DOC-HFM-A000481,HFM-A000481,2,针灸甲乙经/论文/针灸甲乙经/77-《针灸甲乙经》中牙痛的诊治特点探析.pdf,9aeab9fcbfcd52a3cfe47dacdee67f05acdd26bc70c6175c1f900cf397148a2a,content-production/corpus/extracted-text/HFM-A000481_raw.txt,TEXT
JIAYI-PAGE-HFM-A000481-3,WORK-JIAYI,DOC-HFM-A000481,HFM-A000481,3,针灸甲乙经/论文/针灸甲乙经/77-《针灸甲乙经》中牙痛的诊治特点探析.pdf,9aeab9fcbfcd52a3cfe47dacdee67f05acdd26bc70c6175c1f900cf397148a2a,content-production/corpus/extracted-text/HFM-A000481_raw.txt,TEXT
JIAYI-PAGE-HFM-A000482-1,WORK-JIAYI,DOC-HFM-A000482,HFM-A000482,1,针灸甲乙经/论文/针灸甲乙经/776-三阴交单穴急诊应用_罗丹.pdf,1da76f591470ca111a140b3c69bf11d7673dd92621f33ba91951fefce74e6304,content-production/corpus/extracted-text/HFM-A000482_raw.txt,TEXT
JIAYI-PAGE-HFM-A000483-1,WORK-JIAYI,DOC-HFM-A000483,HFM-A000483,1,针灸甲乙经/论文/针灸甲乙经/777-庞安时与《伤寒总病论》_相鲁闽.pdf,fc09ff1f2d6f8ed19aaaa345787c3eda3090c832f38bc443bc0ccfcc1c2dc30e,content-production/corpus/extracted-text/HFM-A000483_raw.txt,TEXT
JIAYI-PAGE-HFM-A000484-1,WORK-JIAYI,DOC-HFM-A000484,HFM-A000484,1,针灸甲乙经/论文/针灸甲乙经/783-吴崑《针方六集》学术思想探析_张倩.pdf,8e35d1c3e171e0c011df7d6fee44bb1fd822200a472bcecd8684926075ba3045,content-production/corpus/extracted-text/HFM-A000484_raw.txt,TEXT
JIAYI-PAGE-HFM-A000484-2,WORK-JIAYI,DOC-HFM-A000484,HFM-A000484,2,针灸甲乙经/论文/针灸甲乙经/783-吴崑《针方六集》学术思想探析_张倩.pdf,8e35d1c3e171e0c011df7d6fee44bb1fd822200a472bcecd8684926075ba3045,content-production/corpus/extracted-text/HFM-A000484_raw.txt,TEXT
JIAYI-PAGE-HFM-A000484-3,WORK-JIAYI,DOC-HFM-A000484,HFM-A000484,3,针灸甲乙经/论文/针灸甲乙经/783-吴崑《针方六集》学术思想探析_张倩.pdf,8e35d1c3e171e0c011df7d6fee44bb1fd822200a472bcecd8684926075ba3045,content-production/corpus/extracted-text/HFM-A000484_raw.txt,TEXT
JIAYI-PAGE-HFM-A000485-1,WORK-JIAYI,DOC-HFM-A000485,HFM-A000485,1,针灸甲乙经/论文/针灸甲乙经/79-现代针灸学视域下《针灸甲乙经》以部论穴的临床价值.pdf,3efbcd14cb35c0de65b86d6ab0f2a3fdbbb7f63722c84dd95d67795ba322f2b0,content-production/corpus/extracted-text/HFM-A000485_raw.txt,TEXT
JIAYI-PAGE-HFM-A000485-2,WORK-JIAYI,DOC-HFM-A000485,HFM-A000485,2,针灸甲乙经/论文/针灸甲乙经/79-现代针灸学视域下《针灸甲乙经》以部论穴的临床价值.pdf,3efbcd14cb35c0de65b86d6ab0f2a3fdbbb7f63722c84dd95d67795ba322f2b0,content-production/corpus/extracted-text/HFM-A000485_raw.txt,TEXT
JIAYI-PAGE-HFM-A000485-3,WORK-JIAYI,DOC-HFM-A000485,HFM-A000485,3,针灸甲乙经/论文/针灸甲乙经/79-现代针灸学视域下《针灸甲乙经》以部论穴的临床价值.pdf,3efbcd14cb35c0de65b86d6ab0f2a3fdbbb7f63722c84dd95d67795ba322f2b0,content-production/corpus/extracted-text/HFM-A000485_raw.txt,TEXT
JIAYI-PAGE-HFM-A000485-4,WORK-JIAYI,DOC-HFM-A000485,HFM-A000485,4,针灸甲乙经/论文/针灸甲乙经/79-现代针灸学视域下《针灸甲乙经》以部论穴的临床价值.pdf,3efbcd14cb35c0de65b86d6ab0f2a3fdbbb7f63722c84dd95d67795ba322f2b0,content-production/corpus/extracted-text/HFM-A000485_raw.txt,TEXT
JIAYI-PAGE-HFM-A000485-5,WORK-JIAYI,DOC-HFM-A000485,HFM-A000485,5,针灸甲乙经/论文/针灸甲乙经/79-现代针灸学视域下《针灸甲乙经》以部论穴的临床价值.pdf,3efbcd14cb35c0de65b86d6ab0f2a3fdbbb7f63722c84dd95d67795ba322f2b0,content-production/corpus/extracted-text/HFM-A000485_raw.txt,TEXT
JIAYI-PAGE-HFM-A000486-1,WORK-JIAYI,DOC-HFM-A000486,HFM-A000486,1,针灸甲乙经/论文/针灸甲乙经/793-环跳穴临床应用举隅_郑渝凡.pdf,ac85f36ad11bb92a6b0af426ef9978beae50624f19979f43a465bed936ae6228,content-production/corpus/extracted-text/HFM-A000486_raw.txt,TEXT
JIAYI-PAGE-HFM-A000486-2,WORK-JIAYI,DOC-HFM-A000486,HFM-A000486,2,针灸甲乙经/论文/针灸甲乙经/793-环跳穴临床应用举隅_郑渝凡.pdf,ac85f36ad11bb92a6b0af426ef9978beae50624f19979f43a465bed936ae6228,content-production/corpus/extracted-text/HFM-A000486_raw.txt,TEXT
JIAYI-PAGE-HFM-A000487-1,WORK-JIAYI,DOC-HFM-A000487,HFM-A000487,1,针灸甲乙经/论文/针灸甲乙经/8-《针灸甲乙经》之研究现状.pdf,47bcb988cefdc7ac9c9467230c222dff2a9bc83f81607705e5d4eeb87372be97,content-production/corpus/extracted-text/HFM-A000487_raw.txt,TEXT
JIAYI-PAGE-HFM-A000487-2,WORK-JIAYI,DOC-HFM-A000487,HFM-A000487,2,针灸甲乙经/论文/针灸甲乙经/8-《针灸甲乙经》之研究现状.pdf,47bcb988cefdc7ac9c9467230c222dff2a9bc83f81607705e5d4eeb87372be97,content-production/corpus/extracted-text/HFM-A000487_raw.txt,TEXT
JIAYI-PAGE-HFM-A000487-3,WORK-JIAYI,DOC-HFM-A000487,HFM-A000487,3,针灸甲乙经/论文/针灸甲乙经/8-《针灸甲乙经》之研究现状.pdf,47bcb988cefdc7ac9c9467230c222dff2a9bc83f81607705e5d4eeb87372be97,content-production/corpus/extracted-text/HFM-A000487_raw.txt,TEXT
JIAYI-PAGE-HFM-A000488-1,WORK-JIAYI,DOC-HFM-A000488,HFM-A000488,1,针灸甲乙经/论文/针灸甲乙经/80-《针灸甲乙经》_搏__搏_正误辨.pdf,0c8b5c6b49a4523640b78d3d3f9c4673453c8d5ed21c54bf3cdfa07c0901cc09,content-production/corpus/extracted-text/HFM-A000488_raw.txt,TEXT
JIAYI-PAGE-HFM-A000488-2,WORK-JIAYI,DOC-HFM-A000488,HFM-A000488,2,针灸甲乙经/论文/针灸甲乙经/80-《针灸甲乙经》_搏__搏_正误辨.pdf,0c8b5c6b49a4523640b78d3d3f9c4673453c8d5ed21c54bf3cdfa07c0901cc09,content-production/corpus/extracted-text/HFM-A000488_raw.txt,TEXT
JIAYI-PAGE-HFM-A000489-1,WORK-JIAYI,DOC-HFM-A000489,HFM-A000489,1,针灸甲乙经/论文/针灸甲乙经/802-杨兆钢调神针刺法治疗焦虑症验案1则_郭士明.pdf,017f2afea70cbd3d196424c4754488ac4a07a651a46e22ababa266edcde5da6c,content-production/corpus/extracted-text/HFM-A000489_raw.txt,TEXT
JIAYI-PAGE-HFM-A000489-2,WORK-JIAYI,DOC-HFM-A000489,HFM-A000489,2,针灸甲乙经/论文/针灸甲乙经/802-杨兆钢调神针刺法治疗焦虑症验案1则_郭士明.pdf,017f2afea70cbd3d196424c4754488ac4a07a651a46e22ababa266edcde5da6c,content-production/corpus/extracted-text/HFM-A000489_raw.txt,TEXT
JIAYI-PAGE-HFM-A000490-1,WORK-JIAYI,DOC-HFM-A000490,HFM-A000490,1,针灸甲乙经/论文/针灸甲乙经/804-针刺得气与补泻之基础文献研究_蔡曦庆Tsai_His-Ching.pdf,d97594c9b860ff59a9b9ef97cb5ec3a42a227dc444d0d62795aea5ac3d7127b7,content-production/corpus/raw-ocr/HFM-A000490_p001_raw.txt,OCR
JIAYI-PAGE-HFM-A000490-52,WORK-JIAYI,DOC-HFM-A000490,HFM-A000490,52,针灸甲乙经/论文/针灸甲乙经/804-针刺得气与补泻之基础文献研究_蔡曦庆Tsai_His-Ching.pdf,d97594c9b860ff59a9b9ef97cb5ec3a42a227dc444d0d62795aea5ac3d7127b7,content-production/corpus/raw-ocr/HFM-A000490_p052_raw.txt,OCR
JIAYI-PAGE-HFM-A000491-1,WORK-JIAYI,DOC-HFM-A000491,HFM-A000491,1,针灸甲乙经/论文/针灸甲乙经/805-水肿的古代文献研究与学术源流探讨_赵珊.pdf,4959f7b71a82145d830a5343c1bae1bc232ce3b71457e159cfe1e9a967d68751,content-production/corpus/raw-ocr/HFM-A000491_p001_raw.txt,OCR
JIAYI-PAGE-HFM-A000491-85,WORK-JIAYI,DOC-HFM-A000491,HFM-A000491,85,针灸甲乙经/论文/针灸甲乙经/805-水肿的古代文献研究与学术源流探讨_赵珊.pdf,4959f7b71a82145d830a5343c1bae1bc232ce3b71457e159cfe1e9a967d68751,content-production/corpus/raw-ocr/HFM-A000491_p085_raw.txt,OCR
JIAYI-PAGE-HFM-A000491-170,WORK-JIAYI,DOC-HFM-A000491,HFM-A000491,170,针灸甲乙经/论文/针灸甲乙经/805-水肿的古代文献研究与学术源流探讨_赵珊.pdf,4959f7b71a82145d830a5343c1bae1bc232ce3b71457e159cfe1e9a967d68751,content-production/corpus/raw-ocr/HFM-A000491_p170_raw.txt,OCR
JIAYI-PAGE-HFM-A000492-1,WORK-JIAYI,DOC-HFM-A000492,HFM-A000492,1,针灸甲乙经/论文/针灸甲乙经/806-郭剑华教授学术思想与临床经验总结及针刺颈段足太阳膀胱经为主治疗神经根型颈椎病60例临床观察_吴春宝.pdf,f4bf2a78440adedaedd42b6a4bbd1543c22f5fe99ac113c5e876397869c59f91,content-production/corpus/raw-ocr/HFM-A000492_p001_raw.txt,OCR
JIAYI-PAGE-HFM-A000492-36,WORK-JIAYI,DOC-HFM-A000492,HFM-A000492,36,针灸甲乙经/论文/针灸甲乙经/806-郭剑华教授学术思想与临床经验总结及针刺颈段足太阳膀胱经为主治疗神经根型颈椎病60例临床观察_吴春宝.pdf,f4bf2a78440adedaedd42b6a4bbd1543c22f5fe99ac113c5e876397869c59f91,content-production/corpus/raw-ocr/HFM-A000492_p036_raw.txt,OCR
JIAYI-PAGE-HFM-A000492-72,WORK-JIAYI,DOC-HFM-A000492,HFM-A000492,72,针灸甲乙经/论文/针灸甲乙经/806-郭剑华教授学术思想与临床经验总结及针刺颈段足太阳膀胱经为主治疗神经根型颈椎病60例临床观察_吴春宝.pdf,f4bf2a78440adedaedd42b6a4bbd1543c22f5fe99ac113c5e876397869c59f91,content-production/corpus/raw-ocr/HFM-A000492_p072_raw.txt,OCR
JIAYI-PAGE-HFM-A000493-1,WORK-JIAYI,DOC-HFM-A000493,HFM-A000493,1,针灸甲乙经/论文/针灸甲乙经/81-剖析《针灸甲乙经》禁针穴的形态学依据.pdf,867b1915e8b6c02f16c45ffc2d15cf65078bfb111677672f503e5c18a583466c,content-production/corpus/extracted-text/HFM-A000493_raw.txt,TEXT
JIAYI-PAGE-HFM-A000493-2,WORK-JIAYI,DOC-HFM-A000493,HFM-A000493,2,针灸甲乙经/论文/针灸甲乙经/81-剖析《针灸甲乙经》禁针穴的形态学依据.pdf,867b1915e8b6c02f16c45ffc2d15cf65078bfb111677672f503e5c18a583466c,content-production/corpus/extracted-text/HFM-A000493_raw.txt,TEXT
JIAYI-PAGE-HFM-A000494-1,WORK-JIAYI,DOC-HFM-A000494,HFM-A000494,1,针灸甲乙经/论文/针灸甲乙经/810-针刺在围术期应用及相关机制研究进展_王颖.pdf,dbee2604edfd341334fd4d617e8bc28507eebcc5e54415237471e25afbeda00d,content-production/corpus/raw-ocr/HFM-A000494_p001_raw.txt,OCR
JIAYI-PAGE-HFM-A000494-2,WORK-JIAYI,DOC-HFM-A000494,HFM-A000494,2,针灸甲乙经/论文/针灸甲乙经/810-针刺在围术期应用及相关机制研究进展_王颖.pdf,dbee2604edfd341334fd4d617e8bc28507eebcc5e54415237471e25afbeda00d,content-production/corpus/raw-ocr/HFM-A000494_p002_raw.txt,OCR
JIAYI-PAGE-HFM-A000495-1,WORK-JIAYI,DOC-HFM-A000495,HFM-A000495,1,针灸甲乙经/论文/针灸甲乙经/814-敦煌《灸经图》足太阳经理论研究_赵小强.pdf,da249c3ed95871062d6fa6819b61368121ab8758078b25c61722741887667409,content-production/corpus/extracted-text/HFM-A000495_raw.txt,TEXT
JIAYI-PAGE-HFM-A000495-2,WORK-JIAYI,DOC-HFM-A000495,HFM-A000495,2,针灸甲乙经/论文/针灸甲乙经/814-敦煌《灸经图》足太阳经理论研究_赵小强.pdf,da249c3ed95871062d6fa6819b61368121ab8758078b25c61722741887667409,content-production/corpus/extracted-text/HFM-A000495_raw.txt,TEXT
JIAYI-PAGE-HFM-A000495-3,WORK-JIAYI,DOC-HFM-A000495,HFM-A000495,3,针灸甲乙经/论文/针灸甲乙经/814-敦煌《灸经图》足太阳经理论研究_赵小强.pdf,da249c3ed95871062d6fa6819b61368121ab8758078b25c61722741887667409,content-production/corpus/extracted-text/HFM-A000495_raw.txt,TEXT
JIAYI-PAGE-HFM-A000496-1,WORK-JIAYI,DOC-HFM-A000496,HFM-A000496,1,针灸甲乙经/论文/针灸甲乙经/815-人迎穴临床应用研究进展_谷文龙.pdf,f87862884c1645b674f7bbafb5e48974475ccd606a5cdc3f145e01487430d3a7,content-production/corpus/raw-ocr/HFM-A000496_p001_raw.txt,OCR
JIAYI-PAGE-HFM-A000496-2,WORK-JIAYI,DOC-HFM-A000496,HFM-A000496,2,针灸甲乙经/论文/针灸甲乙经/815-人迎穴临床应用研究进展_谷文龙.pdf,f87862884c1645b674f7bbafb5e48974475ccd606a5cdc3f145e01487430d3a7,content-production/corpus/raw-ocr/HFM-A000496_p002_raw.txt,OCR
JIAYI-PAGE-HFM-A000496-3,WORK-JIAYI,DOC-HFM-A000496,HFM-A000496,3,针灸甲乙经/论文/针灸甲乙经/815-人迎穴临床应用研究进展_谷文龙.pdf,f87862884c1645b674f7bbafb5e48974475ccd606a5cdc3f145e01487430d3a7,content-production/corpus/raw-ocr/HFM-A000496_p003_raw.txt,OCR
JIAYI-PAGE-HFM-A000497-1,WORK-JIAYI,DOC-HFM-A000497,HFM-A000497,1,针灸甲乙经/论文/针灸甲乙经/818-北宋校正医书局研究_孟永亮.pdf,994d37b60acf9a42058564a7a85041f178e0329ae263b68f78c68e7c2971e8a6,content-production/corpus/raw-ocr/HFM-A000497_p001_raw.txt,OCR
JIAYI-PAGE-HFM-A000497-286,WORK-JIAYI,DOC-HFM-A000497,HFM-A000497,286,针灸甲乙经/论文/针灸甲乙经/818-北宋校正医书局研究_孟永亮.pdf,994d37b60acf9a42058564a7a85041f178e0329ae263b68f78c68e7c2971e8a6,content-production/corpus/raw-ocr/HFM-A000497_p286_raw.txt,OCR
JIAYI-PAGE-HFM-A000497-572,WORK-JIAYI,DOC-HFM-A000497,HFM-A000497,572,针灸甲乙经/论文/针灸甲乙经/818-北宋校正医书局研究_孟永亮.pdf,994d37b60acf9a42058564a7a85041f178e0329ae263b68f78c68e7c2971e8a6,content-production/corpus/raw-ocr/HFM-A000497_p572_raw.txt,OCR
JIAYI-PAGE-HFM-A000498-1,WORK-JIAYI,DOC-HFM-A000498,HFM-A000498,1,针灸甲乙经/论文/针灸甲乙经/819-肛裂的中西医治疗研究进展_何孝康.pdf,aac1aac9671fd0241b189ecf8df1c31d4308e0baf509e2a9fef2c3a81f0e1257,content-production/corpus/raw-ocr/HFM-A000498_p001_raw.txt,OCR
JIAYI-PAGE-HFM-A000498-32,WORK-JIAYI,DOC-HFM-A000498,HFM-A000498,32,针灸甲乙经/论文/针灸甲乙经/819-肛裂的中西医治疗研究进展_何孝康.pdf,aac1aac9671fd0241b189ecf8df1c31d4308e0baf509e2a9fef2c3a81f0e1257,content-production/corpus/raw-ocr/HFM-A000498_p032_raw.txt,OCR
JIAYI-PAGE-HFM-A000499-1,WORK-JIAYI,DOC-HFM-A000499,HFM-A000499,1,针灸甲乙经/论文/针灸甲乙经/82-《针灸甲乙经》的成因及对后世的影响.pdf,312917cf3552366f561165be0204cb67144a36dabc34cfcfe8a375fa23cb34c4,content-production/corpus/extracted-text/HFM-A000499_raw.txt,TEXT
JIAYI-PAGE-HFM-A000499-2,WORK-JIAYI,DOC-HFM-A000499,HFM-A000499,2,针灸甲乙经/论文/针灸甲乙经/82-《针灸甲乙经》的成因及对后世的影响.pdf,312917cf3552366f561165be0204cb67144a36dabc34cfcfe8a375fa23cb34c4,content-production/corpus/extracted-text/HFM-A000499_raw.txt,TEXT
JIAYI-PAGE-HFM-A000499-3,WORK-JIAYI,DOC-HFM-A000499,HFM-A000499,3,针灸甲乙经/论文/针灸甲乙经/82-《针灸甲乙经》的成因及对后世的影响.pdf,312917cf3552366f561165be0204cb67144a36dabc34cfcfe8a375fa23cb34c4,content-production/corpus/extracted-text/HFM-A000499_raw.txt,TEXT
JIAYI-PAGE-HFM-A000500-1,WORK-JIAYI,DOC-HFM-A000500,HFM-A000500,1,针灸甲乙经/论文/针灸甲乙经/821-《灵枢》“心胀”探析_陆曙.pdf,e69053f68d0165eb485d3baab1086645c56693cf2cdf8de5e0905d7c044bcbc7,content-production/corpus/raw-ocr/HFM-A000500_p001_raw.txt,OCR
JIAYI-PAGE-HFM-A000501-1,WORK-JIAYI,DOC-HFM-A000501,HFM-A000501,1,针灸甲乙经/论文/针灸甲乙经/824-“肾藏精”藏象基础理论核心概念诠释_师双斌.pdf,96d289ced43eda489a5c014c579c953bdafa2f5ac00df23a6815c02adde66cbb,content-production/corpus/extracted-text/HFM-A000501_raw.txt,TEXT
JIAYI-PAGE-HFM-A000501-2,WORK-JIAYI,DOC-HFM-A000501,HFM-A000501,2,针灸甲乙经/论文/针灸甲乙经/824-“肾藏精”藏象基础理论核心概念诠释_师双斌.pdf,96d289ced43eda489a5c014c579c953bdafa2f5ac00df23a6815c02adde66cbb,content-production/corpus/extracted-text/HFM-A000501_raw.txt,TEXT
JIAYI-PAGE-HFM-A000501-3,WORK-JIAYI,DOC-HFM-A000501,HFM-A000501,3,针灸甲乙经/论文/针灸甲乙经/824-“肾藏精”藏象基础理论核心概念诠释_师双斌.pdf,96d289ced43eda489a5c014c579c953bdafa2f5ac00df23a6815c02adde66cbb,content-production/corpus/extracted-text/HFM-A000501_raw.txt,TEXT
JIAYI-PAGE-HFM-A000501-4,WORK-JIAYI,DOC-HFM-A000501,HFM-A000501,4,针灸甲乙经/论文/针灸甲乙经/824-“肾藏精”藏象基础理论核心概念诠释_师双斌.pdf,96d289ced43eda489a5c014c579c953bdafa2f5ac00df23a6815c02adde66cbb,content-production/corpus/extracted-text/HFM-A000501_raw.txt,TEXT
JIAYI-PAGE-HFM-A000501-5,WORK-JIAYI,DOC-HFM-A000501,HFM-A000501,5,针灸甲乙经/论文/针灸甲乙经/824-“肾藏精”藏象基础理论核心概念诠释_师双斌.pdf,96d289ced43eda489a5c014c579c953bdafa2f5ac00df23a6815c02adde66cbb,content-production/corpus/extracted-text/HFM-A000501_raw.txt,TEXT
JIAYI-PAGE-HFM-A000501-6,WORK-JIAYI,DOC-HFM-A000501,HFM-A000501,6,针灸甲乙经/论文/针灸甲乙经/824-“肾藏精”藏象基础理论核心概念诠释_师双斌.pdf,96d289ced43eda489a5c014c579c953bdafa2f5ac00df23a6815c02adde66cbb,content-production/corpus/extracted-text/HFM-A000501_raw.txt,TEXT
JIAYI-PAGE-HFM-A000501-7,WORK-JIAYI,DOC-HFM-A000501,HFM-A000501,7,针灸甲乙经/论文/针灸甲乙经/824-“肾藏精”藏象基础理论核心概念诠释_师双斌.pdf,96d289ced43eda489a5c014c579c953bdafa2f5ac00df23a6815c02adde66cbb,content-production/corpus/extracted-text/HFM-A000501_raw.txt,TEXT
JIAYI-PAGE-HFM-A000501-8,WORK-JIAYI,DOC-HFM-A000501,HFM-A000501,8,针灸甲乙经/论文/针灸甲乙经/824-“肾藏精”藏象基础理论核心概念诠释_师双斌.pdf,96d289ced43eda489a5c014c579c953bdafa2f5ac00df23a6815c02adde66cbb,content-production/corpus/extracted-text/HFM-A000501_raw.txt,TEXT
JIAYI-PAGE-HFM-A000501-9,WORK-JIAYI,DOC-HFM-A000501,HFM-A000501,9,针灸甲乙经/论文/针灸甲乙经/824-“肾藏精”藏象基础理论核心概念诠释_师双斌.pdf,96d289ced43eda489a5c014c579c953bdafa2f5ac00df23a6815c02adde66cbb,content-production/corpus/extracted-text/HFM-A000501_raw.txt,TEXT
JIAYI-PAGE-HFM-A000501-10,WORK-JIAYI,DOC-HFM-A000501,HFM-A000501,10,针灸甲乙经/论文/针灸甲乙经/824-“肾藏精”藏象基础理论核心概念诠释_师双斌.pdf,96d289ced43eda489a5c014c579c953bdafa2f5ac00df23a6815c02adde66cbb,content-production/corpus/extracted-text/HFM-A000501_raw.txt,TEXT
JIAYI-PAGE-HFM-A000501-11,WORK-JIAYI,DOC-HFM-A000501,HFM-A000501,11,针灸甲乙经/论文/针灸甲乙经/824-“肾藏精”藏象基础理论核心概念诠释_师双斌.pdf,96d289ced43eda489a5c014c579c953bdafa2f5ac00df23a6815c02adde66cbb,content-production/corpus/extracted-text/HFM-A000501_raw.txt,TEXT
JIAYI-PAGE-HFM-A000501-12,WORK-JIAYI,DOC-HFM-A000501,HFM-A000501,12,针灸甲乙经/论文/针灸甲乙经/824-“肾藏精”藏象基础理论核心概念诠释_师双斌.pdf,96d289ced43eda489a5c014c579c953bdafa2f5ac00df23a6815c02adde66cbb,content-production/corpus/extracted-text/HFM-A000501_raw.txt,TEXT
JIAYI-PAGE-HFM-A000501-13,WORK-JIAYI,DOC-HFM-A000501,HFM-A000501,13,针灸甲乙经/论文/针灸甲乙经/824-“肾藏精”藏象基础理论核心概念诠释_师双斌.pdf,96d289ced43eda489a5c014c579c953bdafa2f5ac00df23a6815c02adde66cbb,content-production/corpus/extracted-text/HFM-A000501_raw.txt,TEXT
JIAYI-PAGE-HFM-A000501-14,WORK-JIAYI,DOC-HFM-A000501,HFM-A000501,14,针灸甲乙经/论文/针灸甲乙经/824-“肾藏精”藏象基础理论核心概念诠释_师双斌.pdf,96d289ced43eda489a5c014c579c953bdafa2f5ac00df23a6815c02adde66cbb,content-production/corpus/extracted-text/HFM-A000501_raw.txt,TEXT
JIAYI-PAGE-HFM-A000501-15,WORK-JIAYI,DOC-HFM-A000501,HFM-A000501,15,针灸甲乙经/论文/针灸甲乙经/824-“肾藏精”藏象基础理论核心概念诠释_师双斌.pdf,96d289ced43eda489a5c014c579c953bdafa2f5ac00df23a6815c02adde66cbb,content-production/corpus/extracted-text/HFM-A000501_raw.txt,TEXT
JIAYI-PAGE-HFM-A000501-16,WORK-JIAYI,DOC-HFM-A000501,HFM-A000501,16,针灸甲乙经/论文/针灸甲乙经/824-“肾藏精”藏象基础理论核心概念诠释_师双斌.pdf,96d289ced43eda489a5c014c579c953bdafa2f5ac00df23a6815c02adde66cbb,content-production/corpus/extracted-text/HFM-A000501_raw.txt,TEXT
JIAYI-PAGE-HFM-A000501-17,WORK-JIAYI,DOC-HFM-A000501,HFM-A000501,17,针灸甲乙经/论文/针灸甲乙经/824-“肾藏精”藏象基础理论核心概念诠释_师双斌.pdf,96d289ced43eda489a5c014c579c953bdafa2f5ac00df23a6815c02adde66cbb,content-production/corpus/extracted-text/HFM-A000501_raw.txt,TEXT
JIAYI-PAGE-HFM-A000501-18,WORK-JIAYI,DOC-HFM-A000501,HFM-A000501,18,针灸甲乙经/论文/针灸甲乙经/824-“肾藏精”藏象基础理论核心概念诠释_师双斌.pdf,96d289ced43eda489a5c014c579c953bdafa2f5ac00df23a6815c02adde66cbb,content-production/corpus/extracted-text/HFM-A000501_raw.txt,TEXT
JIAYI-PAGE-HFM-A000501-19,WORK-JIAYI,DOC-HFM-A000501,HFM-A000501,19,针灸甲乙经/论文/针灸甲乙经/824-“肾藏精”藏象基础理论核心概念诠释_师双斌.pdf,96d289ced43eda489a5c014c579c953bdafa2f5ac00df23a6815c02adde66cbb,content-production/corpus/extracted-text/HFM-A000501_raw.txt,TEXT
JIAYI-PAGE-HFM-A000501-20,WORK-JIAYI,DOC-HFM-A000501,HFM-A000501,20,针灸甲乙经/论文/针灸甲乙经/824-“肾藏精”藏象基础理论核心概念诠释_师双斌.pdf,96d289ced43eda489a5c014c579c953bdafa2f5ac00df23a6815c02adde66cbb,content-production/corpus/extracted-text/HFM-A000501_raw.txt,TEXT
JIAYI-PAGE-HFM-A000501-21,WORK-JIAYI,DOC-HFM-A000501,HFM-A000501,21,针灸甲乙经/论文/针灸甲乙经/824-“肾藏精”藏象基础理论核心概念诠释_师双斌.pdf,96d289ced43eda489a5c014c579c953bdafa2f5ac00df23a6815c02adde66cbb,content-production/corpus/extracted-text/HFM-A000501_raw.txt,TEXT
JIAYI-PAGE-HFM-A000501-22,WORK-JIAYI,DOC-HFM-A000501,HFM-A000501,22,针灸甲乙经/论文/针灸甲乙经/824-“肾藏精”藏象基础理论核心概念诠释_师双斌.pdf,96d289ced43eda489a5c014c579c953bdafa2f5ac00df23a6815c02adde66cbb,content-production/corpus/extracted-text/HFM-A000501_raw.txt,TEXT
JIAYI-PAGE-HFM-A000501-23,WORK-JIAYI,DOC-HFM-A000501,HFM-A000501,23,针灸甲乙经/论文/针灸甲乙经/824-“肾藏精”藏象基础理论核心概念诠释_师双斌.pdf,96d289ced43eda489a5c014c579c953bdafa2f5ac00df23a6815c02adde66cbb,content-production/corpus/extracted-text/HFM-A000501_raw.txt,TEXT
JIAYI-PAGE-HFM-A000501-24,WORK-JIAYI,DOC-HFM-A000501,HFM-A000501,24,针灸甲乙经/论文/针灸甲乙经/824-“肾藏精”藏象基础理论核心概念诠释_师双斌.pdf,96d289ced43eda489a5c014c579c953bdafa2f5ac00df23a6815c02adde66cbb,content-production/corpus/extracted-text/HFM-A000501_raw.txt,TEXT
JIAYI-PAGE-HFM-A000501-25,WORK-JIAYI,DOC-HFM-A000501,HFM-A000501,25,针灸甲乙经/论文/针灸甲乙经/824-“肾藏精”藏象基础理论核心概念诠释_师双斌.pdf,96d289ced43eda489a5c014c579c953bdafa2f5ac00df23a6815c02adde66cbb,content-production/corpus/extracted-text/HFM-A000501_raw.txt,TEXT
JIAYI-PAGE-HFM-A000501-26,WORK-JIAYI,DOC-HFM-A000501,HFM-A000501,26,针灸甲乙经/论文/针灸甲乙经/824-“肾藏精”藏象基础理论核心概念诠释_师双斌.pdf,96d289ced43eda489a5c014c579c953bdafa2f5ac00df23a6815c02adde66cbb,content-production/corpus/extracted-text/HFM-A000501_raw.txt,TEXT
JIAYI-PAGE-HFM-A000501-27,WORK-JIAYI,DOC-HFM-A000501,HFM-A000501,27,针灸甲乙经/论文/针灸甲乙经/824-“肾藏精”藏象基础理论核心概念诠释_师双斌.pdf,96d289ced43eda489a5c014c579c953bdafa2f5ac00df23a6815c02adde66cbb,content-production/corpus/extracted-text/HFM-A000501_raw.txt,TEXT
JIAYI-PAGE-HFM-A000501-28,WORK-JIAYI,DOC-HFM-A000501,HFM-A000501,28,针灸甲乙经/论文/针灸甲乙经/824-“肾藏精”藏象基础理论核心概念诠释_师双斌.pdf,96d289ced43eda489a5c014c579c953bdafa2f5ac00df23a6815c02adde66cbb,content-production/corpus/extracted-text/HFM-A000501_raw.txt,TEXT
JIAYI-PAGE-HFM-A000501-29,WORK-JIAYI,DOC-HFM-A000501,HFM-A000501,29,针灸甲乙经/论文/针灸甲乙经/824-“肾藏精”藏象基础理论核心概念诠释_师双斌.pdf,96d289ced43eda489a5c014c579c953bdafa2f5ac00df23a6815c02adde66cbb,content-production/corpus/extracted-text/HFM-A000501_raw.txt,TEXT
JIAYI-PAGE-HFM-A000501-30,WORK-JIAYI,DOC-HFM-A000501,HFM-A000501,30,针灸甲乙经/论文/针灸甲乙经/824-“肾藏精”藏象基础理论核心概念诠释_师双斌.pdf,96d289ced43eda489a5c014c579c953bdafa2f5ac00df23a6815c02adde66cbb,content-production/corpus/extracted-text/HFM-A000501_raw.txt,TEXT
JIAYI-PAGE-HFM-A000501-31,WORK-JIAYI,DOC-HFM-A000501,HFM-A000501,31,针灸甲乙经/论文/针灸甲乙经/824-“肾藏精”藏象基础理论核心概念诠释_师双斌.pdf,96d289ced43eda489a5c014c579c953bdafa2f5ac00df23a6815c02adde66cbb,content-production/corpus/extracted-text/HFM-A000501_raw.txt,TEXT
JIAYI-PAGE-HFM-A000501-32,WORK-JIAYI,DOC-HFM-A000501,HFM-A000501,32,针灸甲乙经/论文/针灸甲乙经/824-“肾藏精”藏象基础理论核心概念诠释_师双斌.pdf,96d289ced43eda489a5c014c579c953bdafa2f5ac00df23a6815c02adde66cbb,content-production/corpus/extracted-text/HFM-A000501_raw.txt,TEXT
JIAYI-PAGE-HFM-A000501-33,WORK-JIAYI,DOC-HFM-A000501,HFM-A000501,33,针灸甲乙经/论文/针灸甲乙经/824-“肾藏精”藏象基础理论核心概念诠释_师双斌.pdf,96d289ced43eda489a5c014c579c953bdafa2f5ac00df23a6815c02adde66cbb,content-production/corpus/extracted-text/HFM-A000501_raw.txt,TEXT
JIAYI-PAGE-HFM-A000501-34,WORK-JIAYI,DOC-HFM-A000501,HFM-A000501,34,针灸甲乙经/论文/针灸甲乙经/824-“肾藏精”藏象基础理论核心概念诠释_师双斌.pdf,96d289ced43eda489a5c014c579c953bdafa2f5ac00df23a6815c02adde66cbb,content-production/corpus/extracted-text/HFM-A000501_raw.txt,TEXT
JIAYI-PAGE-HFM-A000501-35,WORK-JIAYI,DOC-HFM-A000501,HFM-A000501,35,针灸甲乙经/论文/针灸甲乙经/824-“肾藏精”藏象基础理论核心概念诠释_师双斌.pdf,96d289ced43eda489a5c014c579c953bdafa2f5ac00df23a6815c02adde66cbb,content-production/corpus/extracted-text/HFM-A000501_raw.txt,TEXT
JIAYI-PAGE-HFM-A000501-36,WORK-JIAYI,DOC-HFM-A000501,HFM-A000501,36,针灸甲乙经/论文/针灸甲乙经/824-“肾藏精”藏象基础理论核心概念诠释_师双斌.pdf,96d289ced43eda489a5c014c579c953bdafa2f5ac00df23a6815c02adde66cbb,content-production/corpus/extracted-text/HFM-A000501_raw.txt,TEXT
JIAYI-PAGE-HFM-A000501-37,WORK-JIAYI,DOC-HFM-A000501,HFM-A000501,37,针灸甲乙经/论文/针灸甲乙经/824-“肾藏精”藏象基础理论核心概念诠释_师双斌.pdf,96d289ced43eda489a5c014c579c953bdafa2f5ac00df23a6815c02adde66cbb,content-production/corpus/extracted-text/HFM-A000501_raw.txt,TEXT
JIAYI-PAGE-HFM-A000501-38,WORK-JIAYI,DOC-HFM-A000501,HFM-A000501,38,针灸甲乙经/论文/针灸甲乙经/824-“肾藏精”藏象基础理论核心概念诠释_师双斌.pdf,96d289ced43eda489a5c014c579c953bdafa2f5ac00df23a6815c02adde66cbb,content-production/corpus/extracted-text/HFM-A000501_raw.txt,TEXT
JIAYI-PAGE-HFM-A000501-39,WORK-JIAYI,DOC-HFM-A000501,HFM-A000501,39,针灸甲乙经/论文/针灸甲乙经/824-“肾藏精”藏象基础理论核心概念诠释_师双斌.pdf,96d289ced43eda489a5c014c579c953bdafa2f5ac00df23a6815c02adde66cbb,content-production/corpus/extracted-text/HFM-A000501_raw.txt,TEXT
JIAYI-PAGE-HFM-A000501-40,WORK-JIAYI,DOC-HFM-A000501,HFM-A000501,40,针灸甲乙经/论文/针灸甲乙经/824-“肾藏精”藏象基础理论核心概念诠释_师双斌.pdf,96d289ced43eda489a5c014c579c953bdafa2f5ac00df23a6815c02adde66cbb,content-production/corpus/extracted-text/HFM-A000501_raw.txt,TEXT
JIAYI-PAGE-HFM-A000501-41,WORK-JIAYI,DOC-HFM-A000501,HFM-A000501,41,针灸甲乙经/论文/针灸甲乙经/824-“肾藏精”藏象基础理论核心概念诠释_师双斌.pdf,96d289ced43eda489a5c014c579c953bdafa2f5ac00df23a6815c02adde66cbb,content-production/corpus/extracted-text/HFM-A000501_raw.txt,TEXT
JIAYI-PAGE-HFM-A000501-42,WORK-JIAYI,DOC-HFM-A000501,HFM-A000501,42,针灸甲乙经/论文/针灸甲乙经/824-“肾藏精”藏象基础理论核心概念诠释_师双斌.pdf,96d289ced43eda489a5c014c579c953bdafa2f5ac00df23a6815c02adde66cbb,content-production/corpus/extracted-text/HFM-A000501_raw.txt,TEXT
JIAYI-PAGE-HFM-A000501-43,WORK-JIAYI,DOC-HFM-A000501,HFM-A000501,43,针灸甲乙经/论文/针灸甲乙经/824-“肾藏精”藏象基础理论核心概念诠释_师双斌.pdf,96d289ced43eda489a5c014c579c953bdafa2f5ac00df23a6815c02adde66cbb,content-production/corpus/extracted-text/HFM-A000501_raw.txt,TEXT
JIAYI-PAGE-HFM-A000501-44,WORK-JIAYI,DOC-HFM-A000501,HFM-A000501,44,针灸甲乙经/论文/针灸甲乙经/824-“肾藏精”藏象基础理论核心概念诠释_师双斌.pdf,96d289ced43eda489a5c014c579c953bdafa2f5ac00df23a6815c02adde66cbb,content-production/corpus/extracted-text/HFM-A000501_raw.txt,TEXT
JIAYI-PAGE-HFM-A000501-45,WORK-JIAYI,DOC-HFM-A000501,HFM-A000501,45,针灸甲乙经/论文/针灸甲乙经/824-“肾藏精”藏象基础理论核心概念诠释_师双斌.pdf,96d289ced43eda489a5c014c579c953bdafa2f5ac00df23a6815c02adde66cbb,content-production/corpus/extracted-text/HFM-A000501_raw.txt,TEXT
JIAYI-PAGE-HFM-A000501-46,WORK-JIAYI,DOC-HFM-A000501,HFM-A000501,46,针灸甲乙经/论文/针灸甲乙经/824-“肾藏精”藏象基础理论核心概念诠释_师双斌.pdf,96d289ced43eda489a5c014c579c953bdafa2f5ac00df23a6815c02adde66cbb,content-production/corpus/extracted-text/HFM-A000501_raw.txt,TEXT
JIAYI-PAGE-HFM-A000501-47,WORK-JIAYI,DOC-HFM-A000501,HFM-A000501,47,针灸甲乙经/论文/针灸甲乙经/824-“肾藏精”藏象基础理论核心概念诠释_师双斌.pdf,96d289ced43eda489a5c014c579c953bdafa2f5ac00df23a6815c02adde66cbb,content-production/corpus/extracted-text/HFM-A000501_raw.txt,TEXT
JIAYI-PAGE-HFM-A000501-48,WORK-JIAYI,DOC-HFM-A000501,HFM-A000501,48,针灸甲乙经/论文/针灸甲乙经/824-“肾藏精”藏象基础理论核心概念诠释_师双斌.pdf,96d289ced43eda489a5c014c579c953bdafa2f5ac00df23a6815c02adde66cbb,content-production/corpus/extracted-text/HFM-A000501_raw.txt,TEXT
JIAYI-PAGE-HFM-A000501-49,WORK-JIAYI,DOC-HFM-A000501,HFM-A000501,49,针灸甲乙经/论文/针灸甲乙经/824-“肾藏精”藏象基础理论核心概念诠释_师双斌.pdf,96d289ced43eda489a5c014c579c953bdafa2f5ac00df23a6815c02adde66cbb,content-production/corpus/extracted-text/HFM-A000501_raw.txt,TEXT
JIAYI-PAGE-HFM-A000501-50,WORK-JIAYI,DOC-HFM-A000501,HFM-A000501,50,针灸甲乙经/论文/针灸甲乙经/824-“肾藏精”藏象基础理论核心概念诠释_师双斌.pdf,96d289ced43eda489a5c014c579c953bdafa2f5ac00df23a6815c02adde66cbb,content-production/corpus/extracted-text/HFM-A000501_raw.txt,TEXT
JIAYI-PAGE-HFM-A000501-51,WORK-JIAYI,DOC-HFM-A000501,HFM-A000501,51,针灸甲乙经/论文/针灸甲乙经/824-“肾藏精”藏象基础理论核心概念诠释_师双斌.pdf,96d289ced43eda489a5c014c579c953bdafa2f5ac00df23a6815c02adde66cbb,content-production/corpus/extracted-text/HFM-A000501_raw.txt,TEXT
JIAYI-PAGE-HFM-A000501-52,WORK-JIAYI,DOC-HFM-A000501,HFM-A000501,52,针灸甲乙经/论文/针灸甲乙经/824-“肾藏精”藏象基础理论核心概念诠释_师双斌.pdf,96d289ced43eda489a5c014c579c953bdafa2f5ac00df23a6815c02adde66cbb,content-production/corpus/extracted-text/HFM-A000501_raw.txt,TEXT
JIAYI-PAGE-HFM-A000501-53,WORK-JIAYI,DOC-HFM-A000501,HFM-A000501,53,针灸甲乙经/论文/针灸甲乙经/824-“肾藏精”藏象基础理论核心概念诠释_师双斌.pdf,96d289ced43eda489a5c014c579c953bdafa2f5ac00df23a6815c02adde66cbb,content-production/corpus/extracted-text/HFM-A000501_raw.txt,TEXT
JIAYI-PAGE-HFM-A000501-54,WORK-JIAYI,DOC-HFM-A000501,HFM-A000501,54,针灸甲乙经/论文/针灸甲乙经/824-“肾藏精”藏象基础理论核心概念诠释_师双斌.pdf,96d289ced43eda489a5c014c579c953bdafa2f5ac00df23a6815c02adde66cbb,content-production/corpus/extracted-text/HFM-A000501_raw.txt,TEXT
JIAYI-PAGE-HFM-A000501-55,WORK-JIAYI,DOC-HFM-A000501,HFM-A000501,55,针灸甲乙经/论文/针灸甲乙经/824-“肾藏精”藏象基础理论核心概念诠释_师双斌.pdf,96d289ced43eda489a5c014c579c953bdafa2f5ac00df23a6815c02adde66cbb,content-production/corpus/extracted-text/HFM-A000501_raw.txt,TEXT
JIAYI-PAGE-HFM-A000501-56,WORK-JIAYI,DOC-HFM-A000501,HFM-A000501,56,针灸甲乙经/论文/针灸甲乙经/824-“肾藏精”藏象基础理论核心概念诠释_师双斌.pdf,96d289ced43eda489a5c014c579c953bdafa2f5ac00df23a6815c02adde66cbb,content-production/corpus/extracted-text/HFM-A000501_raw.txt,TEXT
JIAYI-PAGE-HFM-A000501-57,WORK-JIAYI,DOC-HFM-A000501,HFM-A000501,57,针灸甲乙经/论文/针灸甲乙经/824-“肾藏精”藏象基础理论核心概念诠释_师双斌.pdf,96d289ced43eda489a5c014c579c953bdafa2f5ac00df23a6815c02adde66cbb,content-production/corpus/extracted-text/HFM-A000501_raw.txt,TEXT
JIAYI-PAGE-HFM-A000501-58,WORK-JIAYI,DOC-HFM-A000501,HFM-A000501,58,针灸甲乙经/论文/针灸甲乙经/824-“肾藏精”藏象基础理论核心概念诠释_师双斌.pdf,96d289ced43eda489a5c014c579c953bdafa2f5ac00df23a6815c02adde66cbb,content-production/corpus/extracted-text/HFM-A000501_raw.txt,TEXT
JIAYI-PAGE-HFM-A000501-59,WORK-JIAYI,DOC-HFM-A000501,HFM-A000501,59,针灸甲乙经/论文/针灸甲乙经/824-“肾藏精”藏象基础理论核心概念诠释_师双斌.pdf,96d289ced43eda489a5c014c579c953bdafa2f5ac00df23a6815c02adde66cbb,content-production/corpus/extracted-text/HFM-A000501_raw.txt,TEXT
JIAYI-PAGE-HFM-A000501-60,WORK-JIAYI,DOC-HFM-A000501,HFM-A000501,60,针灸甲乙经/论文/针灸甲乙经/824-“肾藏精”藏象基础理论核心概念诠释_师双斌.pdf,96d289ced43eda489a5c014c579c953bdafa2f5ac00df23a6815c02adde66cbb,content-production/corpus/extracted-text/HFM-A000501_raw.txt,TEXT
JIAYI-PAGE-HFM-A000501-61,WORK-JIAYI,DOC-HFM-A000501,HFM-A000501,61,针灸甲乙经/论文/针灸甲乙经/824-“肾藏精”藏象基础理论核心概念诠释_师双斌.pdf,96d289ced43eda489a5c014c579c953bdafa2f5ac00df23a6815c02adde66cbb,content-production/corpus/extracted-text/HFM-A000501_raw.txt,TEXT
JIAYI-PAGE-HFM-A000501-62,WORK-JIAYI,DOC-HFM-A000501,HFM-A000501,62,针灸甲乙经/论文/针灸甲乙经/824-“肾藏精”藏象基础理论核心概念诠释_师双斌.pdf,96d289ced43eda489a5c014c579c953bdafa2f5ac00df23a6815c02adde66cbb,content-production/corpus/extracted-text/HFM-A000501_raw.txt,TEXT
JIAYI-PAGE-HFM-A000501-63,WORK-JIAYI,DOC-HFM-A000501,HFM-A000501,63,针灸甲乙经/论文/针灸甲乙经/824-“肾藏精”藏象基础理论核心概念诠释_师双斌.pdf,96d289ced43eda489a5c014c579c953bdafa2f5ac00df23a6815c02adde66cbb,content-production/corpus/extracted-text/HFM-A000501_raw.txt,TEXT
JIAYI-PAGE-HFM-A000501-64,WORK-JIAYI,DOC-HFM-A000501,HFM-A000501,64,针灸甲乙经/论文/针灸甲乙经/824-“肾藏精”藏象基础理论核心概念诠释_师双斌.pdf,96d289ced43eda489a5c014c579c953bdafa2f5ac00df23a6815c02adde66cbb,content-production/corpus/extracted-text/HFM-A000501_raw.txt,TEXT
JIAYI-PAGE-HFM-A000501-65,WORK-JIAYI,DOC-HFM-A000501,HFM-A000501,65,针灸甲乙经/论文/针灸甲乙经/824-“肾藏精”藏象基础理论核心概念诠释_师双斌.pdf,96d289ced43eda489a5c014c579c953bdafa2f5ac00df23a6815c02adde66cbb,content-production/corpus/extracted-text/HFM-A000501_raw.txt,TEXT
JIAYI-PAGE-HFM-A000501-66,WORK-JIAYI,DOC-HFM-A000501,HFM-A000501,66,针灸甲乙经/论文/针灸甲乙经/824-“肾藏精”藏象基础理论核心概念诠释_师双斌.pdf,96d289ced43eda489a5c014c579c953bdafa2f5ac00df23a6815c02adde66cbb,content-production/corpus/extracted-text/HFM-A000501_raw.txt,TEXT
JIAYI-PAGE-HFM-A000501-67,WORK-JIAYI,DOC-HFM-A000501,HFM-A000501,67,针灸甲乙经/论文/针灸甲乙经/824-“肾藏精”藏象基础理论核心概念诠释_师双斌.pdf,96d289ced43eda489a5c014c579c953bdafa2f5ac00df23a6815c02adde66cbb,content-production/corpus/extracted-text/HFM-A000501_raw.txt,TEXT
JIAYI-PAGE-HFM-A000501-68,WORK-JIAYI,DOC-HFM-A000501,HFM-A000501,68,针灸甲乙经/论文/针灸甲乙经/824-“肾藏精”藏象基础理论核心概念诠释_师双斌.pdf,96d289ced43eda489a5c014c579c953bdafa2f5ac00df23a6815c02adde66cbb,content-production/corpus/extracted-text/HFM-A000501_raw.txt,TEXT
JIAYI-PAGE-HFM-A000501-69,WORK-JIAYI,DOC-HFM-A000501,HFM-A000501,69,针灸甲乙经/论文/针灸甲乙经/824-“肾藏精”藏象基础理论核心概念诠释_师双斌.pdf,96d289ced43eda489a5c014c579c953bdafa2f5ac00df23a6815c02adde66cbb,content-production/corpus/extracted-text/HFM-A000501_raw.txt,TEXT
JIAYI-PAGE-HFM-A000501-70,WORK-JIAYI,DOC-HFM-A000501,HFM-A000501,70,针灸甲乙经/论文/针灸甲乙经/824-“肾藏精”藏象基础理论核心概念诠释_师双斌.pdf,96d289ced43eda489a5c014c579c953bdafa2f5ac00df23a6815c02adde66cbb,content-production/corpus/extracted-text/HFM-A000501_raw.txt,TEXT
JIAYI-PAGE-HFM-A000501-71,WORK-JIAYI,DOC-HFM-A000501,HFM-A000501,71,针灸甲乙经/论文/针灸甲乙经/824-“肾藏精”藏象基础理论核心概念诠释_师双斌.pdf,96d289ced43eda489a5c014c579c953bdafa2f5ac00df23a6815c02adde66cbb,content-production/corpus/extracted-text/HFM-A000501_raw.txt,TEXT
JIAYI-PAGE-HFM-A000501-72,WORK-JIAYI,DOC-HFM-A000501,HFM-A000501,72,针灸甲乙经/论文/针灸甲乙经/824-“肾藏精”藏象基础理论核心概念诠释_师双斌.pdf,96d289ced43eda489a5c014c579c953bdafa2f5ac00df23a6815c02adde66cbb,content-production/corpus/extracted-text/HFM-A000501_raw.txt,TEXT
JIAYI-PAGE-HFM-A000501-73,WORK-JIAYI,DOC-HFM-A000501,HFM-A000501,73,针灸甲乙经/论文/针灸甲乙经/824-“肾藏精”藏象基础理论核心概念诠释_师双斌.pdf,96d289ced43eda489a5c014c579c953bdafa2f5ac00df23a6815c02adde66cbb,content-production/corpus/extracted-text/HFM-A000501_raw.txt,TEXT
JIAYI-PAGE-HFM-A000501-74,WORK-JIAYI,DOC-HFM-A000501,HFM-A000501,74,针灸甲乙经/论文/针灸甲乙经/824-“肾藏精”藏象基础理论核心概念诠释_师双斌.pdf,96d289ced43eda489a5c014c579c953bdafa2f5ac00df23a6815c02adde66cbb,content-production/corpus/extracted-text/HFM-A000501_raw.txt,TEXT
JIAYI-PAGE-HFM-A000501-75,WORK-JIAYI,DOC-HFM-A000501,HFM-A000501,75,针灸甲乙经/论文/针灸甲乙经/824-“肾藏精”藏象基础理论核心概念诠释_师双斌.pdf,96d289ced43eda489a5c014c579c953bdafa2f5ac00df23a6815c02adde66cbb,content-production/corpus/extracted-text/HFM-A000501_raw.txt,TEXT
JIAYI-PAGE-HFM-A000501-76,WORK-JIAYI,DOC-HFM-A000501,HFM-A000501,76,针灸甲乙经/论文/针灸甲乙经/824-“肾藏精”藏象基础理论核心概念诠释_师双斌.pdf,96d289ced43eda489a5c014c579c953bdafa2f5ac00df23a6815c02adde66cbb,content-production/corpus/extracted-text/HFM-A000501_raw.txt,TEXT
JIAYI-PAGE-HFM-A000501-77,WORK-JIAYI,DOC-HFM-A000501,HFM-A000501,77,针灸甲乙经/论文/针灸甲乙经/824-“肾藏精”藏象基础理论核心概念诠释_师双斌.pdf,96d289ced43eda489a5c014c579c953bdafa2f5ac00df23a6815c02adde66cbb,content-production/corpus/extracted-text/HFM-A000501_raw.txt,TEXT
JIAYI-PAGE-HFM-A000501-78,WORK-JIAYI,DOC-HFM-A000501,HFM-A000501,78,针灸甲乙经/论文/针灸甲乙经/824-“肾藏精”藏象基础理论核心概念诠释_师双斌.pdf,96d289ced43eda489a5c014c579c953bdafa2f5ac00df23a6815c02adde66cbb,content-production/corpus/extracted-text/HFM-A000501_raw.txt,TEXT
JIAYI-PAGE-HFM-A000501-79,WORK-JIAYI,DOC-HFM-A000501,HFM-A000501,79,针灸甲乙经/论文/针灸甲乙经/824-“肾藏精”藏象基础理论核心概念诠释_师双斌.pdf,96d289ced43eda489a5c014c579c953bdafa2f5ac00df23a6815c02adde66cbb,content-production/corpus/extracted-text/HFM-A000501_raw.txt,TEXT
JIAYI-PAGE-HFM-A000501-80,WORK-JIAYI,DOC-HFM-A000501,HFM-A000501,80,针灸甲乙经/论文/针灸甲乙经/824-“肾藏精”藏象基础理论核心概念诠释_师双斌.pdf,96d289ced43eda489a5c014c579c953bdafa2f5ac00df23a6815c02adde66cbb,content-production/corpus/extracted-text/HFM-A000501_raw.txt,TEXT
JIAYI-PAGE-HFM-A000501-81,WORK-JIAYI,DOC-HFM-A000501,HFM-A000501,81,针灸甲乙经/论文/针灸甲乙经/824-“肾藏精”藏象基础理论核心概念诠释_师双斌.pdf,96d289ced43eda489a5c014c579c953bdafa2f5ac00df23a6815c02adde66cbb,content-production/corpus/extracted-text/HFM-A000501_raw.txt,TEXT
JIAYI-PAGE-HFM-A000501-82,WORK-JIAYI,DOC-HFM-A000501,HFM-A000501,82,针灸甲乙经/论文/针灸甲乙经/824-“肾藏精”藏象基础理论核心概念诠释_师双斌.pdf,96d289ced43eda489a5c014c579c953bdafa2f5ac00df23a6815c02adde66cbb,content-production/corpus/extracted-text/HFM-A000501_raw.txt,TEXT
JIAYI-PAGE-HFM-A000501-83,WORK-JIAYI,DOC-HFM-A000501,HFM-A000501,83,针灸甲乙经/论文/针灸甲乙经/824-“肾藏精”藏象基础理论核心概念诠释_师双斌.pdf,96d289ced43eda489a5c014c579c953bdafa2f5ac00df23a6815c02adde66cbb,content-production/corpus/extracted-text/HFM-A000501_raw.txt,TEXT
JIAYI-PAGE-HFM-A000501-84,WORK-JIAYI,DOC-HFM-A000501,HFM-A000501,84,针灸甲乙经/论文/针灸甲乙经/824-“肾藏精”藏象基础理论核心概念诠释_师双斌.pdf,96d289ced43eda489a5c014c579c953bdafa2f5ac00df23a6815c02adde66cbb,content-production/corpus/extracted-text/HFM-A000501_raw.txt,TEXT
JIAYI-PAGE-HFM-A000501-85,WORK-JIAYI,DOC-HFM-A000501,HFM-A000501,85,针灸甲乙经/论文/针灸甲乙经/824-“肾藏精”藏象基础理论核心概念诠释_师双斌.pdf,96d289ced43eda489a5c014c579c953bdafa2f5ac00df23a6815c02adde66cbb,content-production/corpus/extracted-text/HFM-A000501_raw.txt,TEXT
JIAYI-PAGE-HFM-A000501-86,WORK-JIAYI,DOC-HFM-A000501,HFM-A000501,86,针灸甲乙经/论文/针灸甲乙经/824-“肾藏精”藏象基础理论核心概念诠释_师双斌.pdf,96d289ced43eda489a5c014c579c953bdafa2f5ac00df23a6815c02adde66cbb,content-production/corpus/extracted-text/HFM-A000501_raw.txt,TEXT
JIAYI-PAGE-HFM-A000501-87,WORK-JIAYI,DOC-HFM-A000501,HFM-A000501,87,针灸甲乙经/论文/针灸甲乙经/824-“肾藏精”藏象基础理论核心概念诠释_师双斌.pdf,96d289ced43eda489a5c014c579c953bdafa2f5ac00df23a6815c02adde66cbb,content-production/corpus/extracted-text/HFM-A000501_raw.txt,TEXT
JIAYI-PAGE-HFM-A000501-88,WORK-JIAYI,DOC-HFM-A000501,HFM-A000501,88,针灸甲乙经/论文/针灸甲乙经/824-“肾藏精”藏象基础理论核心概念诠释_师双斌.pdf,96d289ced43eda489a5c014c579c953bdafa2f5ac00df23a6815c02adde66cbb,content-production/corpus/extracted-text/HFM-A000501_raw.txt,TEXT
JIAYI-PAGE-HFM-A000501-89,WORK-JIAYI,DOC-HFM-A000501,HFM-A000501,89,针灸甲乙经/论文/针灸甲乙经/824-“肾藏精”藏象基础理论核心概念诠释_师双斌.pdf,96d289ced43eda489a5c014c579c953bdafa2f5ac00df23a6815c02adde66cbb,content-production/corpus/extracted-text/HFM-A000501_raw.txt,TEXT
JIAYI-PAGE-HFM-A000501-90,WORK-JIAYI,DOC-HFM-A000501,HFM-A000501,90,针灸甲乙经/论文/针灸甲乙经/824-“肾藏精”藏象基础理论核心概念诠释_师双斌.pdf,96d289ced43eda489a5c014c579c953bdafa2f5ac00df23a6815c02adde66cbb,content-production/corpus/extracted-text/HFM-A000501_raw.txt,TEXT
JIAYI-PAGE-HFM-A000501-91,WORK-JIAYI,DOC-HFM-A000501,HFM-A000501,91,针灸甲乙经/论文/针灸甲乙经/824-“肾藏精”藏象基础理论核心概念诠释_师双斌.pdf,96d289ced43eda489a5c014c579c953bdafa2f5ac00df23a6815c02adde66cbb,content-production/corpus/extracted-text/HFM-A000501_raw.txt,TEXT
JIAYI-PAGE-HFM-A000501-92,WORK-JIAYI,DOC-HFM-A000501,HFM-A000501,92,针灸甲乙经/论文/针灸甲乙经/824-“肾藏精”藏象基础理论核心概念诠释_师双斌.pdf,96d289ced43eda489a5c014c579c953bdafa2f5ac00df23a6815c02adde66cbb,content-production/corpus/extracted-text/HFM-A000501_raw.txt,TEXT
JIAYI-PAGE-HFM-A000501-93,WORK-JIAYI,DOC-HFM-A000501,HFM-A000501,93,针灸甲乙经/论文/针灸甲乙经/824-“肾藏精”藏象基础理论核心概念诠释_师双斌.pdf,96d289ced43eda489a5c014c579c953bdafa2f5ac00df23a6815c02adde66cbb,content-production/corpus/extracted-text/HFM-A000501_raw.txt,TEXT
JIAYI-PAGE-HFM-A000501-94,WORK-JIAYI,DOC-HFM-A000501,HFM-A000501,94,针灸甲乙经/论文/针灸甲乙经/824-“肾藏精”藏象基础理论核心概念诠释_师双斌.pdf,96d289ced43eda489a5c014c579c953bdafa2f5ac00df23a6815c02adde66cbb,content-production/corpus/extracted-text/HFM-A000501_raw.txt,TEXT
JIAYI-PAGE-HFM-A000501-95,WORK-JIAYI,DOC-HFM-A000501,HFM-A000501,95,针灸甲乙经/论文/针灸甲乙经/824-“肾藏精”藏象基础理论核心概念诠释_师双斌.pdf,96d289ced43eda489a5c014c579c953bdafa2f5ac00df23a6815c02adde66cbb,content-production/corpus/extracted-text/HFM-A000501_raw.txt,TEXT
JIAYI-PAGE-HFM-A000501-96,WORK-JIAYI,DOC-HFM-A000501,HFM-A000501,96,针灸甲乙经/论文/针灸甲乙经/824-“肾藏精”藏象基础理论核心概念诠释_师双斌.pdf,96d289ced43eda489a5c014c579c953bdafa2f5ac00df23a6815c02adde66cbb,content-production/corpus/extracted-text/HFM-A000501_raw.txt,TEXT
JIAYI-PAGE-HFM-A000501-97,WORK-JIAYI,DOC-HFM-A000501,HFM-A000501,97,针灸甲乙经/论文/针灸甲乙经/824-“肾藏精”藏象基础理论核心概念诠释_师双斌.pdf,96d289ced43eda489a5c014c579c953bdafa2f5ac00df23a6815c02adde66cbb,content-production/corpus/extracted-text/HFM-A000501_raw.txt,TEXT
JIAYI-PAGE-HFM-A000501-98,WORK-JIAYI,DOC-HFM-A000501,HFM-A000501,98,针灸甲乙经/论文/针灸甲乙经/824-“肾藏精”藏象基础理论核心概念诠释_师双斌.pdf,96d289ced43eda489a5c014c579c953bdafa2f5ac00df23a6815c02adde66cbb,content-production/corpus/extracted-text/HFM-A000501_raw.txt,TEXT
JIAYI-PAGE-HFM-A000501-99,WORK-JIAYI,DOC-HFM-A000501,HFM-A000501,99,针灸甲乙经/论文/针灸甲乙经/824-“肾藏精”藏象基础理论核心概念诠释_师双斌.pdf,96d289ced43eda489a5c014c579c953bdafa2f5ac00df23a6815c02adde66cbb,content-production/corpus/extracted-text/HFM-A000501_raw.txt,TEXT
JIAYI-PAGE-HFM-A000501-100,WORK-JIAYI,DOC-HFM-A000501,HFM-A000501,100,针灸甲乙经/论文/针灸甲乙经/824-“肾藏精”藏象基础理论核心概念诠释_师双斌.pdf,96d289ced43eda489a5c014c579c953bdafa2f5ac00df23a6815c02adde66cbb,content-production/corpus/extracted-text/HFM-A000501_raw.txt,TEXT
JIAYI-PAGE-HFM-A000501-101,WORK-JIAYI,DOC-HFM-A000501,HFM-A000501,101,针灸甲乙经/论文/针灸甲乙经/824-“肾藏精”藏象基础理论核心概念诠释_师双斌.pdf,96d289ced43eda489a5c014c579c953bdafa2f5ac00df23a6815c02adde66cbb,content-production/corpus/extracted-text/HFM-A000501_raw.txt,TEXT
JIAYI-PAGE-HFM-A000501-102,WORK-JIAYI,DOC-HFM-A000501,HFM-A000501,102,针灸甲乙经/论文/针灸甲乙经/824-“肾藏精”藏象基础理论核心概念诠释_师双斌.pdf,96d289ced43eda489a5c014c579c953bdafa2f5ac00df23a6815c02adde66cbb,content-production/corpus/extracted-text/HFM-A000501_raw.txt,TEXT
JIAYI-PAGE-HFM-A000501-103,WORK-JIAYI,DOC-HFM-A000501,HFM-A000501,103,针灸甲乙经/论文/针灸甲乙经/824-“肾藏精”藏象基础理论核心概念诠释_师双斌.pdf,96d289ced43eda489a5c014c579c953bdafa2f5ac00df23a6815c02adde66cbb,content-production/corpus/extracted-text/HFM-A000501_raw.txt,TEXT
JIAYI-PAGE-HFM-A000501-104,WORK-JIAYI,DOC-HFM-A000501,HFM-A000501,104,针灸甲乙经/论文/针灸甲乙经/824-“肾藏精”藏象基础理论核心概念诠释_师双斌.pdf,96d289ced43eda489a5c014c579c953bdafa2f5ac00df23a6815c02adde66cbb,content-production/corpus/extracted-text/HFM-A000501_raw.txt,TEXT
JIAYI-PAGE-HFM-A000501-105,WORK-JIAYI,DOC-HFM-A000501,HFM-A000501,105,针灸甲乙经/论文/针灸甲乙经/824-“肾藏精”藏象基础理论核心概念诠释_师双斌.pdf,96d289ced43eda489a5c014c579c953bdafa2f5ac00df23a6815c02adde66cbb,content-production/corpus/extracted-text/HFM-A000501_raw.txt,TEXT
JIAYI-PAGE-HFM-A000501-106,WORK-JIAYI,DOC-HFM-A000501,HFM-A000501,106,针灸甲乙经/论文/针灸甲乙经/824-“肾藏精”藏象基础理论核心概念诠释_师双斌.pdf,96d289ced43eda489a5c014c579c953bdafa2f5ac00df23a6815c02adde66cbb,content-production/corpus/extracted-text/HFM-A000501_raw.txt,TEXT
JIAYI-PAGE-HFM-A000501-107,WORK-JIAYI,DOC-HFM-A000501,HFM-A000501,107,针灸甲乙经/论文/针灸甲乙经/824-“肾藏精”藏象基础理论核心概念诠释_师双斌.pdf,96d289ced43eda489a5c014c579c953bdafa2f5ac00df23a6815c02adde66cbb,content-production/corpus/extracted-text/HFM-A000501_raw.txt,TEXT
JIAYI-PAGE-HFM-A000501-108,WORK-JIAYI,DOC-HFM-A000501,HFM-A000501,108,针灸甲乙经/论文/针灸甲乙经/824-“肾藏精”藏象基础理论核心概念诠释_师双斌.pdf,96d289ced43eda489a5c014c579c953bdafa2f5ac00df23a6815c02adde66cbb,content-production/corpus/extracted-text/HFM-A000501_raw.txt,TEXT
JIAYI-PAGE-HFM-A000501-109,WORK-JIAYI,DOC-HFM-A000501,HFM-A000501,109,针灸甲乙经/论文/针灸甲乙经/824-“肾藏精”藏象基础理论核心概念诠释_师双斌.pdf,96d289ced43eda489a5c014c579c953bdafa2f5ac00df23a6815c02adde66cbb,content-production/corpus/extracted-text/HFM-A000501_raw.txt,TEXT
JIAYI-PAGE-HFM-A000501-110,WORK-JIAYI,DOC-HFM-A000501,HFM-A000501,110,针灸甲乙经/论文/针灸甲乙经/824-“肾藏精”藏象基础理论核心概念诠释_师双斌.pdf,96d289ced43eda489a5c014c579c953bdafa2f5ac00df23a6815c02adde66cbb,content-production/corpus/extracted-text/HFM-A000501_raw.txt,TEXT
JIAYI-PAGE-HFM-A000501-111,WORK-JIAYI,DOC-HFM-A000501,HFM-A000501,111,针灸甲乙经/论文/针灸甲乙经/824-“肾藏精”藏象基础理论核心概念诠释_师双斌.pdf,96d289ced43eda489a5c014c579c953bdafa2f5ac00df23a6815c02adde66cbb,content-production/corpus/extracted-text/HFM-A000501_raw.txt,TEXT
JIAYI-PAGE-HFM-A000501-112,WORK-JIAYI,DOC-HFM-A000501,HFM-A000501,112,针灸甲乙经/论文/针灸甲乙经/824-“肾藏精”藏象基础理论核心概念诠释_师双斌.pdf,96d289ced43eda489a5c014c579c953bdafa2f5ac00df23a6815c02adde66cbb,content-production/corpus/extracted-text/HFM-A000501_raw.txt,TEXT
JIAYI-PAGE-HFM-A000501-113,WORK-JIAYI,DOC-HFM-A000501,HFM-A000501,113,针灸甲乙经/论文/针灸甲乙经/824-“肾藏精”藏象基础理论核心概念诠释_师双斌.pdf,96d289ced43eda489a5c014c579c953bdafa2f5ac00df23a6815c02adde66cbb,content-production/corpus/extracted-text/HFM-A000501_raw.txt,TEXT
JIAYI-PAGE-HFM-A000501-114,WORK-JIAYI,DOC-HFM-A000501,HFM-A000501,114,针灸甲乙经/论文/针灸甲乙经/824-“肾藏精”藏象基础理论核心概念诠释_师双斌.pdf,96d289ced43eda489a5c014c579c953bdafa2f5ac00df23a6815c02adde66cbb,content-production/corpus/extracted-text/HFM-A000501_raw.txt,TEXT
JIAYI-PAGE-HFM-A000501-115,WORK-JIAYI,DOC-HFM-A000501,HFM-A000501,115,针灸甲乙经/论文/针灸甲乙经/824-“肾藏精”藏象基础理论核心概念诠释_师双斌.pdf,96d289ced43eda489a5c014c579c953bdafa2f5ac00df23a6815c02adde66cbb,content-production/corpus/extracted-text/HFM-A000501_raw.txt,TEXT
JIAYI-PAGE-HFM-A000501-116,WORK-JIAYI,DOC-HFM-A000501,HFM-A000501,116,针灸甲乙经/论文/针灸甲乙经/824-“肾藏精”藏象基础理论核心概念诠释_师双斌.pdf,96d289ced43eda489a5c014c579c953bdafa2f5ac00df23a6815c02adde66cbb,content-production/corpus/extracted-text/HFM-A000501_raw.txt,TEXT
JIAYI-PAGE-HFM-A000501-117,WORK-JIAYI,DOC-HFM-A000501,HFM-A000501,117,针灸甲乙经/论文/针灸甲乙经/824-“肾藏精”藏象基础理论核心概念诠释_师双斌.pdf,96d289ced43eda489a5c014c579c953bdafa2f5ac00df23a6815c02adde66cbb,content-production/corpus/extracted-text/HFM-A000501_raw.txt,TEXT
JIAYI-PAGE-HFM-A000501-118,WORK-JIAYI,DOC-HFM-A000501,HFM-A000501,118,针灸甲乙经/论文/针灸甲乙经/824-“肾藏精”藏象基础理论核心概念诠释_师双斌.pdf,96d289ced43eda489a5c014c579c953bdafa2f5ac00df23a6815c02adde66cbb,content-production/corpus/extracted-text/HFM-A000501_raw.txt,TEXT
JIAYI-PAGE-HFM-A000501-119,WORK-JIAYI,DOC-HFM-A000501,HFM-A000501,119,针灸甲乙经/论文/针灸甲乙经/824-“肾藏精”藏象基础理论核心概念诠释_师双斌.pdf,96d289ced43eda489a5c014c579c953bdafa2f5ac00df23a6815c02adde66cbb,content-production/corpus/extracted-text/HFM-A000501_raw.txt,TEXT
JIAYI-PAGE-HFM-A000501-120,WORK-JIAYI,DOC-HFM-A000501,HFM-A000501,120,针灸甲乙经/论文/针灸甲乙经/824-“肾藏精”藏象基础理论核心概念诠释_师双斌.pdf,96d289ced43eda489a5c014c579c953bdafa2f5ac00df23a6815c02adde66cbb,content-production/corpus/extracted-text/HFM-A000501_raw.txt,TEXT
JIAYI-PAGE-HFM-A000501-121,WORK-JIAYI,DOC-HFM-A000501,HFM-A000501,121,针灸甲乙经/论文/针灸甲乙经/824-“肾藏精”藏象基础理论核心概念诠释_师双斌.pdf,96d289ced43eda489a5c014c579c953bdafa2f5ac00df23a6815c02adde66cbb,content-production/corpus/extracted-text/HFM-A000501_raw.txt,TEXT
JIAYI-PAGE-HFM-A000501-122,WORK-JIAYI,DOC-HFM-A000501,HFM-A000501,122,针灸甲乙经/论文/针灸甲乙经/824-“肾藏精”藏象基础理论核心概念诠释_师双斌.pdf,96d289ced43eda489a5c014c579c953bdafa2f5ac00df23a6815c02adde66cbb,content-production/corpus/extracted-text/HFM-A000501_raw.txt,TEXT
JIAYI-PAGE-HFM-A000501-123,WORK-JIAYI,DOC-HFM-A000501,HFM-A000501,123,针灸甲乙经/论文/针灸甲乙经/824-“肾藏精”藏象基础理论核心概念诠释_师双斌.pdf,96d289ced43eda489a5c014c579c953bdafa2f5ac00df23a6815c02adde66cbb,content-production/corpus/extracted-text/HFM-A000501_raw.txt,TEXT
JIAYI-PAGE-HFM-A000501-124,WORK-JIAYI,DOC-HFM-A000501,HFM-A000501,124,针灸甲乙经/论文/针灸甲乙经/824-“肾藏精”藏象基础理论核心概念诠释_师双斌.pdf,96d289ced43eda489a5c014c579c953bdafa2f5ac00df23a6815c02adde66cbb,content-production/corpus/extracted-text/HFM-A000501_raw.txt,TEXT
JIAYI-PAGE-HFM-A000501-125,WORK-JIAYI,DOC-HFM-A000501,HFM-A000501,125,针灸甲乙经/论文/针灸甲乙经/824-“肾藏精”藏象基础理论核心概念诠释_师双斌.pdf,96d289ced43eda489a5c014c579c953bdafa2f5ac00df23a6815c02adde66cbb,content-production/corpus/extracted-text/HFM-A000501_raw.txt,TEXT
JIAYI-PAGE-HFM-A000501-126,WORK-JIAYI,DOC-HFM-A000501,HFM-A000501,126,针灸甲乙经/论文/针灸甲乙经/824-“肾藏精”藏象基础理论核心概念诠释_师双斌.pdf,96d289ced43eda489a5c014c579c953bdafa2f5ac00df23a6815c02adde66cbb,content-production/corpus/extracted-text/HFM-A000501_raw.txt,TEXT
JIAYI-PAGE-HFM-A000501-127,WORK-JIAYI,DOC-HFM-A000501,HFM-A000501,127,针灸甲乙经/论文/针灸甲乙经/824-“肾藏精”藏象基础理论核心概念诠释_师双斌.pdf,96d289ced43eda489a5c014c579c953bdafa2f5ac00df23a6815c02adde66cbb,content-production/corpus/extracted-text/HFM-A000501_raw.txt,TEXT
JIAYI-PAGE-HFM-A000501-128,WORK-JIAYI,DOC-HFM-A000501,HFM-A000501,128,针灸甲乙经/论文/针灸甲乙经/824-“肾藏精”藏象基础理论核心概念诠释_师双斌.pdf,96d289ced43eda489a5c014c579c953bdafa2f5ac00df23a6815c02adde66cbb,content-production/corpus/extracted-text/HFM-A000501_raw.txt,TEXT
JIAYI-PAGE-HFM-A000501-129,WORK-JIAYI,DOC-HFM-A000501,HFM-A000501,129,针灸甲乙经/论文/针灸甲乙经/824-“肾藏精”藏象基础理论核心概念诠释_师双斌.pdf,96d289ced43eda489a5c014c579c953bdafa2f5ac00df23a6815c02adde66cbb,content-production/corpus/extracted-text/HFM-A000501_raw.txt,TEXT
JIAYI-PAGE-HFM-A000501-130,WORK-JIAYI,DOC-HFM-A000501,HFM-A000501,130,针灸甲乙经/论文/针灸甲乙经/824-“肾藏精”藏象基础理论核心概念诠释_师双斌.pdf,96d289ced43eda489a5c014c579c953bdafa2f5ac00df23a6815c02adde66cbb,content-production/corpus/extracted-text/HFM-A000501_raw.txt,TEXT
JIAYI-PAGE-HFM-A000501-131,WORK-JIAYI,DOC-HFM-A000501,HFM-A000501,131,针灸甲乙经/论文/针灸甲乙经/824-“肾藏精”藏象基础理论核心概念诠释_师双斌.pdf,96d289ced43eda489a5c014c579c953bdafa2f5ac00df23a6815c02adde66cbb,content-production/corpus/extracted-text/HFM-A000501_raw.txt,TEXT
JIAYI-PAGE-HFM-A000502-1,WORK-JIAYI,DOC-HFM-A000502,HFM-A000502,1,针灸甲乙经/论文/针灸甲乙经/826-任、督二脉源流探析_刘怡彣.pdf,ed5ded39874123c53ae51cfd2144f3ec41d0a5ac7123f98a9ab865ac5dd1aff9,content-production/corpus/raw-ocr/HFM-A000502_p001_raw.txt,OCR
JIAYI-PAGE-HFM-A000502-42,WORK-JIAYI,DOC-HFM-A000502,HFM-A000502,42,针灸甲乙经/论文/针灸甲乙经/826-任、督二脉源流探析_刘怡彣.pdf,ed5ded39874123c53ae51cfd2144f3ec41d0a5ac7123f98a9ab865ac5dd1aff9,content-production/corpus/raw-ocr/HFM-A000502_p042_raw.txt,OCR
JIAYI-PAGE-HFM-A000502-85,WORK-JIAYI,DOC-HFM-A000502,HFM-A000502,85,针灸甲乙经/论文/针灸甲乙经/826-任、督二脉源流探析_刘怡彣.pdf,ed5ded39874123c53ae51cfd2144f3ec41d0a5ac7123f98a9ab865ac5dd1aff9,content-production/corpus/raw-ocr/HFM-A000502_p085_raw.txt,OCR
JIAYI-PAGE-HFM-A000503-1,WORK-JIAYI,DOC-HFM-A000503,HFM-A000503,1,针灸甲乙经/论文/针灸甲乙经/827-中医理论和气功理论中任督二脉的差别_葛鹏.pdf,7a62f2a811149bb77de647b130ac8ba0e0f8bd904e725dc6fc4d976cffb084c7,content-production/corpus/raw-ocr/HFM-A000503_p001_raw.txt,OCR
JIAYI-PAGE-HFM-A000503-2,WORK-JIAYI,DOC-HFM-A000503,HFM-A000503,2,针灸甲乙经/论文/针灸甲乙经/827-中医理论和气功理论中任督二脉的差别_葛鹏.pdf,7a62f2a811149bb77de647b130ac8ba0e0f8bd904e725dc6fc4d976cffb084c7,content-production/corpus/raw-ocr/HFM-A000503_p002_raw.txt,OCR
JIAYI-PAGE-HFM-A000503-3,WORK-JIAYI,DOC-HFM-A000503,HFM-A000503,3,针灸甲乙经/论文/针灸甲乙经/827-中医理论和气功理论中任督二脉的差别_葛鹏.pdf,7a62f2a811149bb77de647b130ac8ba0e0f8bd904e725dc6fc4d976cffb084c7,content-production/corpus/raw-ocr/HFM-A000503_p003_raw.txt,OCR
JIAYI-PAGE-HFM-A000503-4,WORK-JIAYI,DOC-HFM-A000503,HFM-A000503,4,针灸甲乙经/论文/针灸甲乙经/827-中医理论和气功理论中任督二脉的差别_葛鹏.pdf,7a62f2a811149bb77de647b130ac8ba0e0f8bd904e725dc6fc4d976cffb084c7,content-production/corpus/raw-ocr/HFM-A000503_p004_raw.txt,OCR
JIAYI-PAGE-HFM-A000504-1,WORK-JIAYI,DOC-HFM-A000504,HFM-A000504,1,针灸甲乙经/论文/针灸甲乙经/828-《伤寒论》“胃气”思想概探和保胃气丸对胃溃疡的实验研究_方春平.pdf,f796672c739a3e7d0230c9867ecdee663947028a59575816632a7380459ffa54,content-production/corpus/raw-ocr/HFM-A000504_p001_raw.txt,OCR
JIAYI-PAGE-HFM-A000504-47,WORK-JIAYI,DOC-HFM-A000504,HFM-A000504,47,针灸甲乙经/论文/针灸甲乙经/828-《伤寒论》“胃气”思想概探和保胃气丸对胃溃疡的实验研究_方春平.pdf,f796672c739a3e7d0230c9867ecdee663947028a59575816632a7380459ffa54,content-production/corpus/raw-ocr/HFM-A000504_p047_raw.txt,OCR
JIAYI-PAGE-HFM-A000504-94,WORK-JIAYI,DOC-HFM-A000504,HFM-A000504,94,针灸甲乙经/论文/针灸甲乙经/828-《伤寒论》“胃气”思想概探和保胃气丸对胃溃疡的实验研究_方春平.pdf,f796672c739a3e7d0230c9867ecdee663947028a59575816632a7380459ffa54,content-production/corpus/raw-ocr/HFM-A000504_p094_raw.txt,OCR
JIAYI-PAGE-HFM-A000505-1,WORK-JIAYI,DOC-HFM-A000505,HFM-A000505,1,针灸甲乙经/论文/针灸甲乙经/829-中风治未病理论的文献研究及其在临床中的应用探讨_郑永亮.pdf,4c9a35deb3eb6cc4e752d9e886b7b2ae8f5b075265b5e0af3a331d6d2300a84a,content-production/corpus/raw-ocr/HFM-A000505_p001_raw.txt,OCR
JIAYI-PAGE-HFM-A000505-62,WORK-JIAYI,DOC-HFM-A000505,HFM-A000505,62,针灸甲乙经/论文/针灸甲乙经/829-中风治未病理论的文献研究及其在临床中的应用探讨_郑永亮.pdf,4c9a35deb3eb6cc4e752d9e886b7b2ae8f5b075265b5e0af3a331d6d2300a84a,content-production/corpus/raw-ocr/HFM-A000505_p062_raw.txt,OCR
JIAYI-PAGE-HFM-A000505-125,WORK-JIAYI,DOC-HFM-A000505,HFM-A000505,125,针灸甲乙经/论文/针灸甲乙经/829-中风治未病理论的文献研究及其在临床中的应用探讨_郑永亮.pdf,4c9a35deb3eb6cc4e752d9e886b7b2ae8f5b075265b5e0af3a331d6d2300a84a,content-production/corpus/raw-ocr/HFM-A000505_p125_raw.txt,OCR
JIAYI-PAGE-HFM-A000506-1,WORK-JIAYI,DOC-HFM-A000506,HFM-A000506,1,针灸甲乙经/论文/针灸甲乙经/83-现代针灸学视域下《针灸甲乙经》以部论穴的临床价值 (1).pdf,8206e7a453a42f3d7c1e0d6ff85ac8220a2048123f296f1f8d67c44c1c2043cc,content-production/corpus/extracted-text/HFM-A000506_raw.txt,TEXT
JIAYI-PAGE-HFM-A000507-1,WORK-JIAYI,DOC-HFM-A000507,HFM-A000507,1,针灸甲乙经/论文/针灸甲乙经/830-吕景山学术思想与临床经验总结及降糖调脂对药方干预2型糖尿病脂代谢紊乱的临床研究_郝重耀.pdf,1bd7a722671cd4ef22b2bb7ec2799b180e548dcd30d3bb56b643a632f53e51ab,content-production/corpus/raw-ocr/HFM-A000507_p001_raw.txt,OCR
JIAYI-PAGE-HFM-A000507-50,WORK-JIAYI,DOC-HFM-A000507,HFM-A000507,50,针灸甲乙经/论文/针灸甲乙经/830-吕景山学术思想与临床经验总结及降糖调脂对药方干预2型糖尿病脂代谢紊乱的临床研究_郝重耀.pdf,1bd7a722671cd4ef22b2bb7ec2799b180e548dcd30d3bb56b643a632f53e51ab,content-production/corpus/raw-ocr/HFM-A000507_p050_raw.txt,OCR
JIAYI-PAGE-HFM-A000507-101,WORK-JIAYI,DOC-HFM-A000507,HFM-A000507,101,针灸甲乙经/论文/针灸甲乙经/830-吕景山学术思想与临床经验总结及降糖调脂对药方干预2型糖尿病脂代谢紊乱的临床研究_郝重耀.pdf,1bd7a722671cd4ef22b2bb7ec2799b180e548dcd30d3bb56b643a632f53e51ab,content-production/corpus/raw-ocr/HFM-A000507_p101_raw.txt,OCR
JIAYI-PAGE-HFM-A000508-1,WORK-JIAYI,DOC-HFM-A000508,HFM-A000508,1,针灸甲乙经/论文/针灸甲乙经/831-《内经》“病变于色者取之荥”的理论研究及应用探讨_许东.pdf,26bf0a2320025132dc30793bdcfb49b650cd36103821f3f31cd77be3df8acc08,content-production/corpus/raw-ocr/HFM-A000508_p001_raw.txt,OCR
JIAYI-PAGE-HFM-A000508-43,WORK-JIAYI,DOC-HFM-A000508,HFM-A000508,43,针灸甲乙经/论文/针灸甲乙经/831-《内经》“病变于色者取之荥”的理论研究及应用探讨_许东.pdf,26bf0a2320025132dc30793bdcfb49b650cd36103821f3f31cd77be3df8acc08,content-production/corpus/raw-ocr/HFM-A000508_p043_raw.txt,OCR
JIAYI-PAGE-HFM-A000509-1,WORK-JIAYI,DOC-HFM-A000509,HFM-A000509,1,针灸甲乙经/论文/针灸甲乙经/832-朱肱《类证活人书》的伤寒学术思想研究_刘素平.pdf,955d6f6194397e567bdf3afcff716ecfa7bc250f3173ca96553a755f2f90b3ce,content-production/corpus/raw-ocr/HFM-A000509_p001_raw.txt,OCR
JIAYI-PAGE-HFM-A000509-51,WORK-JIAYI,DOC-HFM-A000509,HFM-A000509,51,针灸甲乙经/论文/针灸甲乙经/832-朱肱《类证活人书》的伤寒学术思想研究_刘素平.pdf,955d6f6194397e567bdf3afcff716ecfa7bc250f3173ca96553a755f2f90b3ce,content-production/corpus/raw-ocr/HFM-A000509_p051_raw.txt,OCR
JIAYI-PAGE-HFM-A000510-1,WORK-JIAYI,DOC-HFM-A000510,HFM-A000510,1,针灸甲乙经/论文/针灸甲乙经/833-五输穴之经穴临床应用规律研究_林子涵.pdf,f9c4aba5196e4f5da16dad9c2e6a3b3b3a8d9a53051d6b6b6d9478332f0af5a6,content-production/corpus/raw-ocr/HFM-A000510_p001_raw.txt,OCR
JIAYI-PAGE-HFM-A000510-51,WORK-JIAYI,DOC-HFM-A000510,HFM-A000510,51,针灸甲乙经/论文/针灸甲乙经/833-五输穴之经穴临床应用规律研究_林子涵.pdf,f9c4aba5196e4f5da16dad9c2e6a3b3b3a8d9a53051d6b6b6d9478332f0af5a6,content-production/corpus/raw-ocr/HFM-A000510_p051_raw.txt,OCR
JIAYI-PAGE-HFM-A000511-1,WORK-JIAYI,DOC-HFM-A000511,HFM-A000511,1,针灸甲乙经/论文/针灸甲乙经/837-陈莹教授治疗抗心磷脂抗体所致不孕的经验总结_韩松雪.pdf,e356c1332e8eae0d27a3182580af898cf72a3b0d7f5678f4a29334b5b1e62da7,content-production/corpus/extracted-text/HFM-A000511_raw.txt,TEXT
JIAYI-PAGE-HFM-A000511-2,WORK-JIAYI,DOC-HFM-A000511,HFM-A000511,2,针灸甲乙经/论文/针灸甲乙经/837-陈莹教授治疗抗心磷脂抗体所致不孕的经验总结_韩松雪.pdf,e356c1332e8eae0d27a3182580af898cf72a3b0d7f5678f4a29334b5b1e62da7,content-production/corpus/extracted-text/HFM-A000511_raw.txt,TEXT
JIAYI-PAGE-HFM-A000511-3,WORK-JIAYI,DOC-HFM-A000511,HFM-A000511,3,针灸甲乙经/论文/针灸甲乙经/837-陈莹教授治疗抗心磷脂抗体所致不孕的经验总结_韩松雪.pdf,e356c1332e8eae0d27a3182580af898cf72a3b0d7f5678f4a29334b5b1e62da7,content-production/corpus/extracted-text/HFM-A000511_raw.txt,TEXT
JIAYI-PAGE-HFM-A000511-4,WORK-JIAYI,DOC-HFM-A000511,HFM-A000511,4,针灸甲乙经/论文/针灸甲乙经/837-陈莹教授治疗抗心磷脂抗体所致不孕的经验总结_韩松雪.pdf,e356c1332e8eae0d27a3182580af898cf72a3b0d7f5678f4a29334b5b1e62da7,content-production/corpus/extracted-text/HFM-A000511_raw.txt,TEXT
JIAYI-PAGE-HFM-A000511-5,WORK-JIAYI,DOC-HFM-A000511,HFM-A000511,5,针灸甲乙经/论文/针灸甲乙经/837-陈莹教授治疗抗心磷脂抗体所致不孕的经验总结_韩松雪.pdf,e356c1332e8eae0d27a3182580af898cf72a3b0d7f5678f4a29334b5b1e62da7,content-production/corpus/extracted-text/HFM-A000511_raw.txt,TEXT
JIAYI-PAGE-HFM-A000511-6,WORK-JIAYI,DOC-HFM-A000511,HFM-A000511,6,针灸甲乙经/论文/针灸甲乙经/837-陈莹教授治疗抗心磷脂抗体所致不孕的经验总结_韩松雪.pdf,e356c1332e8eae0d27a3182580af898cf72a3b0d7f5678f4a29334b5b1e62da7,content-production/corpus/extracted-text/HFM-A000511_raw.txt,TEXT
JIAYI-PAGE-HFM-A000511-7,WORK-JIAYI,DOC-HFM-A000511,HFM-A000511,7,针灸甲乙经/论文/针灸甲乙经/837-陈莹教授治疗抗心磷脂抗体所致不孕的经验总结_韩松雪.pdf,e356c1332e8eae0d27a3182580af898cf72a3b0d7f5678f4a29334b5b1e62da7,content-production/corpus/extracted-text/HFM-A000511_raw.txt,TEXT
JIAYI-PAGE-HFM-A000511-8,WORK-JIAYI,DOC-HFM-A000511,HFM-A000511,8,针灸甲乙经/论文/针灸甲乙经/837-陈莹教授治疗抗心磷脂抗体所致不孕的经验总结_韩松雪.pdf,e356c1332e8eae0d27a3182580af898cf72a3b0d7f5678f4a29334b5b1e62da7,content-production/corpus/extracted-text/HFM-A000511_raw.txt,TEXT
JIAYI-PAGE-HFM-A000511-9,WORK-JIAYI,DOC-HFM-A000511,HFM-A000511,9,针灸甲乙经/论文/针灸甲乙经/837-陈莹教授治疗抗心磷脂抗体所致不孕的经验总结_韩松雪.pdf,e356c1332e8eae0d27a3182580af898cf72a3b0d7f5678f4a29334b5b1e62da7,content-production/corpus/extracted-text/HFM-A000511_raw.txt,TEXT
JIAYI-PAGE-HFM-A000511-10,WORK-JIAYI,DOC-HFM-A000511,HFM-A000511,10,针灸甲乙经/论文/针灸甲乙经/837-陈莹教授治疗抗心磷脂抗体所致不孕的经验总结_韩松雪.pdf,e356c1332e8eae0d27a3182580af898cf72a3b0d7f5678f4a29334b5b1e62da7,content-production/corpus/extracted-text/HFM-A000511_raw.txt,TEXT
JIAYI-PAGE-HFM-A000511-11,WORK-JIAYI,DOC-HFM-A000511,HFM-A000511,11,针灸甲乙经/论文/针灸甲乙经/837-陈莹教授治疗抗心磷脂抗体所致不孕的经验总结_韩松雪.pdf,e356c1332e8eae0d27a3182580af898cf72a3b0d7f5678f4a29334b5b1e62da7,content-production/corpus/extracted-text/HFM-A000511_raw.txt,TEXT
JIAYI-PAGE-HFM-A000511-12,WORK-JIAYI,DOC-HFM-A000511,HFM-A000511,12,针灸甲乙经/论文/针灸甲乙经/837-陈莹教授治疗抗心磷脂抗体所致不孕的经验总结_韩松雪.pdf,e356c1332e8eae0d27a3182580af898cf72a3b0d7f5678f4a29334b5b1e62da7,content-production/corpus/extracted-text/HFM-A000511_raw.txt,TEXT
JIAYI-PAGE-HFM-A000511-13,WORK-JIAYI,DOC-HFM-A000511,HFM-A000511,13,针灸甲乙经/论文/针灸甲乙经/837-陈莹教授治疗抗心磷脂抗体所致不孕的经验总结_韩松雪.pdf,e356c1332e8eae0d27a3182580af898cf72a3b0d7f5678f4a29334b5b1e62da7,content-production/corpus/extracted-text/HFM-A000511_raw.txt,TEXT
JIAYI-PAGE-HFM-A000511-14,WORK-JIAYI,DOC-HFM-A000511,HFM-A000511,14,针灸甲乙经/论文/针灸甲乙经/837-陈莹教授治疗抗心磷脂抗体所致不孕的经验总结_韩松雪.pdf,e356c1332e8eae0d27a3182580af898cf72a3b0d7f5678f4a29334b5b1e62da7,content-production/corpus/extracted-text/HFM-A000511_raw.txt,TEXT
JIAYI-PAGE-HFM-A000511-15,WORK-JIAYI,DOC-HFM-A000511,HFM-A000511,15,针灸甲乙经/论文/针灸甲乙经/837-陈莹教授治疗抗心磷脂抗体所致不孕的经验总结_韩松雪.pdf,e356c1332e8eae0d27a3182580af898cf72a3b0d7f5678f4a29334b5b1e62da7,content-production/corpus/extracted-text/HFM-A000511_raw.txt,TEXT
JIAYI-PAGE-HFM-A000511-16,WORK-JIAYI,DOC-HFM-A000511,HFM-A000511,16,针灸甲乙经/论文/针灸甲乙经/837-陈莹教授治疗抗心磷脂抗体所致不孕的经验总结_韩松雪.pdf,e356c1332e8eae0d27a3182580af898cf72a3b0d7f5678f4a29334b5b1e62da7,content-production/corpus/extracted-text/HFM-A000511_raw.txt,TEXT
JIAYI-PAGE-HFM-A000511-17,WORK-JIAYI,DOC-HFM-A000511,HFM-A000511,17,针灸甲乙经/论文/针灸甲乙经/837-陈莹教授治疗抗心磷脂抗体所致不孕的经验总结_韩松雪.pdf,e356c1332e8eae0d27a3182580af898cf72a3b0d7f5678f4a29334b5b1e62da7,content-production/corpus/extracted-text/HFM-A000511_raw.txt,TEXT
JIAYI-PAGE-HFM-A000511-18,WORK-JIAYI,DOC-HFM-A000511,HFM-A000511,18,针灸甲乙经/论文/针灸甲乙经/837-陈莹教授治疗抗心磷脂抗体所致不孕的经验总结_韩松雪.pdf,e356c1332e8eae0d27a3182580af898cf72a3b0d7f5678f4a29334b5b1e62da7,content-production/corpus/extracted-text/HFM-A000511_raw.txt,TEXT
JIAYI-PAGE-HFM-A000511-19,WORK-JIAYI,DOC-HFM-A000511,HFM-A000511,19,针灸甲乙经/论文/针灸甲乙经/837-陈莹教授治疗抗心磷脂抗体所致不孕的经验总结_韩松雪.pdf,e356c1332e8eae0d27a3182580af898cf72a3b0d7f5678f4a29334b5b1e62da7,content-production/corpus/extracted-text/HFM-A000511_raw.txt,TEXT
JIAYI-PAGE-HFM-A000511-20,WORK-JIAYI,DOC-HFM-A000511,HFM-A000511,20,针灸甲乙经/论文/针灸甲乙经/837-陈莹教授治疗抗心磷脂抗体所致不孕的经验总结_韩松雪.pdf,e356c1332e8eae0d27a3182580af898cf72a3b0d7f5678f4a29334b5b1e62da7,content-production/corpus/extracted-text/HFM-A000511_raw.txt,TEXT
JIAYI-PAGE-HFM-A000511-21,WORK-JIAYI,DOC-HFM-A000511,HFM-A000511,21,针灸甲乙经/论文/针灸甲乙经/837-陈莹教授治疗抗心磷脂抗体所致不孕的经验总结_韩松雪.pdf,e356c1332e8eae0d27a3182580af898cf72a3b0d7f5678f4a29334b5b1e62da7,content-production/corpus/extracted-text/HFM-A000511_raw.txt,TEXT
JIAYI-PAGE-HFM-A000511-22,WORK-JIAYI,DOC-HFM-A000511,HFM-A000511,22,针灸甲乙经/论文/针灸甲乙经/837-陈莹教授治疗抗心磷脂抗体所致不孕的经验总结_韩松雪.pdf,e356c1332e8eae0d27a3182580af898cf72a3b0d7f5678f4a29334b5b1e62da7,content-production/corpus/extracted-text/HFM-A000511_raw.txt,TEXT
JIAYI-PAGE-HFM-A000511-23,WORK-JIAYI,DOC-HFM-A000511,HFM-A000511,23,针灸甲乙经/论文/针灸甲乙经/837-陈莹教授治疗抗心磷脂抗体所致不孕的经验总结_韩松雪.pdf,e356c1332e8eae0d27a3182580af898cf72a3b0d7f5678f4a29334b5b1e62da7,content-production/corpus/extracted-text/HFM-A000511_raw.txt,TEXT
JIAYI-PAGE-HFM-A000511-24,WORK-JIAYI,DOC-HFM-A000511,HFM-A000511,24,针灸甲乙经/论文/针灸甲乙经/837-陈莹教授治疗抗心磷脂抗体所致不孕的经验总结_韩松雪.pdf,e356c1332e8eae0d27a3182580af898cf72a3b0d7f5678f4a29334b5b1e62da7,content-production/corpus/extracted-text/HFM-A000511_raw.txt,TEXT
JIAYI-PAGE-HFM-A000511-25,WORK-JIAYI,DOC-HFM-A000511,HFM-A000511,25,针灸甲乙经/论文/针灸甲乙经/837-陈莹教授治疗抗心磷脂抗体所致不孕的经验总结_韩松雪.pdf,e356c1332e8eae0d27a3182580af898cf72a3b0d7f5678f4a29334b5b1e62da7,content-production/corpus/extracted-text/HFM-A000511_raw.txt,TEXT
JIAYI-PAGE-HFM-A000511-26,WORK-JIAYI,DOC-HFM-A000511,HFM-A000511,26,针灸甲乙经/论文/针灸甲乙经/837-陈莹教授治疗抗心磷脂抗体所致不孕的经验总结_韩松雪.pdf,e356c1332e8eae0d27a3182580af898cf72a3b0d7f5678f4a29334b5b1e62da7,content-production/corpus/extracted-text/HFM-A000511_raw.txt,TEXT
JIAYI-PAGE-HFM-A000511-27,WORK-JIAYI,DOC-HFM-A000511,HFM-A000511,27,针灸甲乙经/论文/针灸甲乙经/837-陈莹教授治疗抗心磷脂抗体所致不孕的经验总结_韩松雪.pdf,e356c1332e8eae0d27a3182580af898cf72a3b0d7f5678f4a29334b5b1e62da7,content-production/corpus/extracted-text/HFM-A000511_raw.txt,TEXT
JIAYI-PAGE-HFM-A000511-28,WORK-JIAYI,DOC-HFM-A000511,HFM-A000511,28,针灸甲乙经/论文/针灸甲乙经/837-陈莹教授治疗抗心磷脂抗体所致不孕的经验总结_韩松雪.pdf,e356c1332e8eae0d27a3182580af898cf72a3b0d7f5678f4a29334b5b1e62da7,content-production/corpus/extracted-text/HFM-A000511_raw.txt,TEXT
JIAYI-PAGE-HFM-A000511-29,WORK-JIAYI,DOC-HFM-A000511,HFM-A000511,29,针灸甲乙经/论文/针灸甲乙经/837-陈莹教授治疗抗心磷脂抗体所致不孕的经验总结_韩松雪.pdf,e356c1332e8eae0d27a3182580af898cf72a3b0d7f5678f4a29334b5b1e62da7,content-production/corpus/extracted-text/HFM-A000511_raw.txt,TEXT
JIAYI-PAGE-HFM-A000512-1,WORK-JIAYI,DOC-HFM-A000512,HFM-A000512,1,针灸甲乙经/论文/针灸甲乙经/838-《圣济总录》文献研究_犬卷太一.pdf,9f29c76d860c39afceccc1ac3c80d6acf722eb877e52a4a124bd12c31be1c998,content-production/corpus/raw-ocr/HFM-A000512_p001_raw.txt,OCR
JIAYI-PAGE-HFM-A000512-41,WORK-JIAYI,DOC-HFM-A000512,HFM-A000512,41,针灸甲乙经/论文/针灸甲乙经/838-《圣济总录》文献研究_犬卷太一.pdf,9f29c76d860c39afceccc1ac3c80d6acf722eb877e52a4a124bd12c31be1c998,content-production/corpus/raw-ocr/HFM-A000512_p041_raw.txt,OCR
JIAYI-PAGE-HFM-A000512-83,WORK-JIAYI,DOC-HFM-A000512,HFM-A000512,83,针灸甲乙经/论文/针灸甲乙经/838-《圣济总录》文献研究_犬卷太一.pdf,9f29c76d860c39afceccc1ac3c80d6acf722eb877e52a4a124bd12c31be1c998,content-production/corpus/raw-ocr/HFM-A000512_p083_raw.txt,OCR
JIAYI-PAGE-HFM-A000513-1,WORK-JIAYI,DOC-HFM-A000513,HFM-A000513,1,针灸甲乙经/论文/针灸甲乙经/843-电针调节JAK1蛋白对脑缺血模型大鼠干预作用的研究_董正妮.pdf,4157a66b79f61cad8481777e3711f93e31a8d6dc0e524bd38945b46c8ad83837,content-production/corpus/raw-ocr/HFM-A000513_p001_raw.txt,OCR
JIAYI-PAGE-HFM-A000513-32,WORK-JIAYI,DOC-HFM-A000513,HFM-A000513,32,针灸甲乙经/论文/针灸甲乙经/843-电针调节JAK1蛋白对脑缺血模型大鼠干预作用的研究_董正妮.pdf,4157a66b79f61cad8481777e3711f93e31a8d6dc0e524bd38945b46c8ad83837,content-production/corpus/raw-ocr/HFM-A000513_p032_raw.txt,OCR
JIAYI-PAGE-HFM-A000513-65,WORK-JIAYI,DOC-HFM-A000513,HFM-A000513,65,针灸甲乙经/论文/针灸甲乙经/843-电针调节JAK1蛋白对脑缺血模型大鼠干预作用的研究_董正妮.pdf,4157a66b79f61cad8481777e3711f93e31a8d6dc0e524bd38945b46c8ad83837,content-production/corpus/raw-ocr/HFM-A000513_p065_raw.txt,OCR
JIAYI-PAGE-HFM-A000514-1,WORK-JIAYI,DOC-HFM-A000514,HFM-A000514,1,针灸甲乙经/论文/针灸甲乙经/847-我对大椎穴临床应用的一些见解_孙六合.pdf,cde2dc4adc280e5466f56bfab1d64bbc4fcdebe83be38690e5014cbbc404476f,content-production/corpus/raw-ocr/HFM-A000514_p001_raw.txt,OCR
JIAYI-PAGE-HFM-A000514-2,WORK-JIAYI,DOC-HFM-A000514,HFM-A000514,2,针灸甲乙经/论文/针灸甲乙经/847-我对大椎穴临床应用的一些见解_孙六合.pdf,cde2dc4adc280e5466f56bfab1d64bbc4fcdebe83be38690e5014cbbc404476f,content-production/corpus/raw-ocr/HFM-A000514_p002_raw.txt,OCR
JIAYI-PAGE-HFM-A000514-3,WORK-JIAYI,DOC-HFM-A000514,HFM-A000514,3,针灸甲乙经/论文/针灸甲乙经/847-我对大椎穴临床应用的一些见解_孙六合.pdf,cde2dc4adc280e5466f56bfab1d64bbc4fcdebe83be38690e5014cbbc404476f,content-production/corpus/raw-ocr/HFM-A000514_p003_raw.txt,OCR
JIAYI-PAGE-HFM-A000514-4,WORK-JIAYI,DOC-HFM-A000514,HFM-A000514,4,针灸甲乙经/论文/针灸甲乙经/847-我对大椎穴临床应用的一些见解_孙六合.pdf,cde2dc4adc280e5466f56bfab1d64bbc4fcdebe83be38690e5014cbbc404476f,content-production/corpus/raw-ocr/HFM-A000514_p004_raw.txt,OCR
JIAYI-PAGE-HFM-A000515-1,WORK-JIAYI,DOC-HFM-A000515,HFM-A000515,1,针灸甲乙经/论文/针灸甲乙经/848-风池穴的临床及机理研究进展_仲远明.pdf,97e69fbc340a06ed22e83c52f89beb1a74f56ad6a9eca00d0bfb898e80c4a631,content-production/corpus/raw-ocr/HFM-A000515_p001_raw.txt,OCR
JIAYI-PAGE-HFM-A000515-2,WORK-JIAYI,DOC-HFM-A000515,HFM-A000515,2,针灸甲乙经/论文/针灸甲乙经/848-风池穴的临床及机理研究进展_仲远明.pdf,97e69fbc340a06ed22e83c52f89beb1a74f56ad6a9eca00d0bfb898e80c4a631,content-production/corpus/raw-ocr/HFM-A000515_p002_raw.txt,OCR
JIAYI-PAGE-HFM-A000515-3,WORK-JIAYI,DOC-HFM-A000515,HFM-A000515,3,针灸甲乙经/论文/针灸甲乙经/848-风池穴的临床及机理研究进展_仲远明.pdf,97e69fbc340a06ed22e83c52f89beb1a74f56ad6a9eca00d0bfb898e80c4a631,content-production/corpus/raw-ocr/HFM-A000515_p003_raw.txt,OCR
JIAYI-PAGE-HFM-A000515-4,WORK-JIAYI,DOC-HFM-A000515,HFM-A000515,4,针灸甲乙经/论文/针灸甲乙经/848-风池穴的临床及机理研究进展_仲远明.pdf,97e69fbc340a06ed22e83c52f89beb1a74f56ad6a9eca00d0bfb898e80c4a631,content-production/corpus/raw-ocr/HFM-A000515_p004_raw.txt,OCR
JIAYI-PAGE-HFM-A000515-5,WORK-JIAYI,DOC-HFM-A000515,HFM-A000515,5,针灸甲乙经/论文/针灸甲乙经/848-风池穴的临床及机理研究进展_仲远明.pdf,97e69fbc340a06ed22e83c52f89beb1a74f56ad6a9eca00d0bfb898e80c4a631,content-production/corpus/raw-ocr/HFM-A000515_p005_raw.txt,OCR
JIAYI-PAGE-HFM-A000515-6,WORK-JIAYI,DOC-HFM-A000515,HFM-A000515,6,针灸甲乙经/论文/针灸甲乙经/848-风池穴的临床及机理研究进展_仲远明.pdf,97e69fbc340a06ed22e83c52f89beb1a74f56ad6a9eca00d0bfb898e80c4a631,content-production/corpus/raw-ocr/HFM-A000515_p006_raw.txt,OCR
JIAYI-PAGE-HFM-A000515-7,WORK-JIAYI,DOC-HFM-A000515,HFM-A000515,7,针灸甲乙经/论文/针灸甲乙经/848-风池穴的临床及机理研究进展_仲远明.pdf,97e69fbc340a06ed22e83c52f89beb1a74f56ad6a9eca00d0bfb898e80c4a631,content-production/corpus/raw-ocr/HFM-A000515_p007_raw.txt,OCR
JIAYI-PAGE-HFM-A000515-8,WORK-JIAYI,DOC-HFM-A000515,HFM-A000515,8,针灸甲乙经/论文/针灸甲乙经/848-风池穴的临床及机理研究进展_仲远明.pdf,97e69fbc340a06ed22e83c52f89beb1a74f56ad6a9eca00d0bfb898e80c4a631,content-production/corpus/raw-ocr/HFM-A000515_p008_raw.txt,OCR
JIAYI-PAGE-HFM-A000516-1,WORK-JIAYI,DOC-HFM-A000516,HFM-A000516,1,针灸甲乙经/论文/针灸甲乙经/85-探讨《针灸甲乙经》对精神疾病的认识及论治.pdf,421dd434de2e64de3092bf00ad4805f3d0157d8c3b493d61f919d996705b1e99,content-production/corpus/extracted-text/HFM-A000516_raw.txt,TEXT
JIAYI-PAGE-HFM-A000516-2,WORK-JIAYI,DOC-HFM-A000516,HFM-A000516,2,针灸甲乙经/论文/针灸甲乙经/85-探讨《针灸甲乙经》对精神疾病的认识及论治.pdf,421dd434de2e64de3092bf00ad4805f3d0157d8c3b493d61f919d996705b1e99,content-production/corpus/extracted-text/HFM-A000516_raw.txt,TEXT
JIAYI-PAGE-HFM-A000517-1,WORK-JIAYI,DOC-HFM-A000517,HFM-A000517,1,针灸甲乙经/论文/针灸甲乙经/854-浅谈对“血出而射者”的理解及应用_李岩.pdf,00f8f8dd8e90bd710dbb31889a30143982aecafb9a18fd891340db2bdb5aee4d,content-production/corpus/raw-ocr/HFM-A000517_p001_raw.txt,OCR
JIAYI-PAGE-HFM-A000517-2,WORK-JIAYI,DOC-HFM-A000517,HFM-A000517,2,针灸甲乙经/论文/针灸甲乙经/854-浅谈对“血出而射者”的理解及应用_李岩.pdf,00f8f8dd8e90bd710dbb31889a30143982aecafb9a18fd891340db2bdb5aee4d,content-production/corpus/raw-ocr/HFM-A000517_p002_raw.txt,OCR
JIAYI-PAGE-HFM-A000517-3,WORK-JIAYI,DOC-HFM-A000517,HFM-A000517,3,针灸甲乙经/论文/针灸甲乙经/854-浅谈对“血出而射者”的理解及应用_李岩.pdf,00f8f8dd8e90bd710dbb31889a30143982aecafb9a18fd891340db2bdb5aee4d,content-production/corpus/raw-ocr/HFM-A000517_p003_raw.txt,OCR
JIAYI-PAGE-HFM-A000518-1,WORK-JIAYI,DOC-HFM-A000518,HFM-A000518,1,针灸甲乙经/论文/针灸甲乙经/857-神经细胞“撞激”学与针刺_张卫平.pdf,2caa613a6c90b63dc0a62f633420a1e32c82654ae4c6ab599db2da91574d32ad,content-production/corpus/raw-ocr/HFM-A000518_p001_raw.txt,OCR
JIAYI-PAGE-HFM-A000518-2,WORK-JIAYI,DOC-HFM-A000518,HFM-A000518,2,针灸甲乙经/论文/针灸甲乙经/857-神经细胞“撞激”学与针刺_张卫平.pdf,2caa613a6c90b63dc0a62f633420a1e32c82654ae4c6ab599db2da91574d32ad,content-production/corpus/raw-ocr/HFM-A000518_p002_raw.txt,OCR
JIAYI-PAGE-HFM-A000519-1,WORK-JIAYI,DOC-HFM-A000519,HFM-A000519,1,针灸甲乙经/论文/针灸甲乙经/86-《针灸甲乙经》中太冲穴的定位及临床应用.pdf,2b1c5ac105a42cdb7b59b7a2de76f2d1219e23803ea164879d43cfb88abebec1,content-production/corpus/extracted-text/HFM-A000519_raw.txt,TEXT
JIAYI-PAGE-HFM-A000519-2,WORK-JIAYI,DOC-HFM-A000519,HFM-A000519,2,针灸甲乙经/论文/针灸甲乙经/86-《针灸甲乙经》中太冲穴的定位及临床应用.pdf,2b1c5ac105a42cdb7b59b7a2de76f2d1219e23803ea164879d43cfb88abebec1,content-production/corpus/extracted-text/HFM-A000519_raw.txt,TEXT
JIAYI-PAGE-HFM-A000519-3,WORK-JIAYI,DOC-HFM-A000519,HFM-A000519,3,针灸甲乙经/论文/针灸甲乙经/86-《针灸甲乙经》中太冲穴的定位及临床应用.pdf,2b1c5ac105a42cdb7b59b7a2de76f2d1219e23803ea164879d43cfb88abebec1,content-production/corpus/extracted-text/HFM-A000519_raw.txt,TEXT
JIAYI-PAGE-HFM-A000519-4,WORK-JIAYI,DOC-HFM-A000519,HFM-A000519,4,针灸甲乙经/论文/针灸甲乙经/86-《针灸甲乙经》中太冲穴的定位及临床应用.pdf,2b1c5ac105a42cdb7b59b7a2de76f2d1219e23803ea164879d43cfb88abebec1,content-production/corpus/extracted-text/HFM-A000519_raw.txt,TEXT
JIAYI-PAGE-HFM-A000520-1,WORK-JIAYI,DOC-HFM-A000520,HFM-A000520,1,针灸甲乙经/论文/针灸甲乙经/87-基于《针灸甲乙经》探析古今针刺深浅异同奥秘.pdf,99a0eb0bec72b4c25808d21911ac61693a094b6291b0354d93ee43e582a95af6,content-production/corpus/extracted-text/HFM-A000520_raw.txt,TEXT
JIAYI-PAGE-HFM-A000520-2,WORK-JIAYI,DOC-HFM-A000520,HFM-A000520,2,针灸甲乙经/论文/针灸甲乙经/87-基于《针灸甲乙经》探析古今针刺深浅异同奥秘.pdf,99a0eb0bec72b4c25808d21911ac61693a094b6291b0354d93ee43e582a95af6,content-production/corpus/extracted-text/HFM-A000520_raw.txt,TEXT
JIAYI-PAGE-HFM-A000520-3,WORK-JIAYI,DOC-HFM-A000520,HFM-A000520,3,针灸甲乙经/论文/针灸甲乙经/87-基于《针灸甲乙经》探析古今针刺深浅异同奥秘.pdf,99a0eb0bec72b4c25808d21911ac61693a094b6291b0354d93ee43e582a95af6,content-production/corpus/extracted-text/HFM-A000520_raw.txt,TEXT
JIAYI-PAGE-HFM-A000521-1,WORK-JIAYI,DOC-HFM-A000521,HFM-A000521,1,针灸甲乙经/论文/针灸甲乙经/88-晋代医家皇甫谧《针灸甲乙经》学术思想浅析.pdf,ee588f4c99472b4975b54528f8b09e3928911a054591d6a6162fede26721b117,content-production/corpus/extracted-text/HFM-A000521_raw.txt,TEXT
JIAYI-PAGE-HFM-A000521-2,WORK-JIAYI,DOC-HFM-A000521,HFM-A000521,2,针灸甲乙经/论文/针灸甲乙经/88-晋代医家皇甫谧《针灸甲乙经》学术思想浅析.pdf,ee588f4c99472b4975b54528f8b09e3928911a054591d6a6162fede26721b117,content-production/corpus/extracted-text/HFM-A000521_raw.txt,TEXT
JIAYI-PAGE-HFM-A000521-3,WORK-JIAYI,DOC-HFM-A000521,HFM-A000521,3,针灸甲乙经/论文/针灸甲乙经/88-晋代医家皇甫谧《针灸甲乙经》学术思想浅析.pdf,ee588f4c99472b4975b54528f8b09e3928911a054591d6a6162fede26721b117,content-production/corpus/extracted-text/HFM-A000521_raw.txt,TEXT
JIAYI-PAGE-HFM-A000522-1,WORK-JIAYI,DOC-HFM-A000522,HFM-A000522,1,针灸甲乙经/论文/针灸甲乙经/89-试论《针灸甲乙经》对临证取穴的指导.pdf,36d3e00d7517b7a1ccab12988a328ca44e1819f449721c2dc259f89a401596a8,content-production/corpus/extracted-text/HFM-A000522_raw.txt,TEXT
JIAYI-PAGE-HFM-A000522-2,WORK-JIAYI,DOC-HFM-A000522,HFM-A000522,2,针灸甲乙经/论文/针灸甲乙经/89-试论《针灸甲乙经》对临证取穴的指导.pdf,36d3e00d7517b7a1ccab12988a328ca44e1819f449721c2dc259f89a401596a8,content-production/corpus/extracted-text/HFM-A000522_raw.txt,TEXT
JIAYI-PAGE-HFM-A000522-3,WORK-JIAYI,DOC-HFM-A000522,HFM-A000522,3,针灸甲乙经/论文/针灸甲乙经/89-试论《针灸甲乙经》对临证取穴的指导.pdf,36d3e00d7517b7a1ccab12988a328ca44e1819f449721c2dc259f89a401596a8,content-production/corpus/extracted-text/HFM-A000522_raw.txt,TEXT
JIAYI-PAGE-HFM-A000522-4,WORK-JIAYI,DOC-HFM-A000522,HFM-A000522,4,针灸甲乙经/论文/针灸甲乙经/89-试论《针灸甲乙经》对临证取穴的指导.pdf,36d3e00d7517b7a1ccab12988a328ca44e1819f449721c2dc259f89a401596a8,content-production/corpus/extracted-text/HFM-A000522_raw.txt,TEXT
JIAYI-PAGE-HFM-A000523-1,WORK-JIAYI,DOC-HFM-A000523,HFM-A000523,1,针灸甲乙经/论文/针灸甲乙经/9-浅析《针灸甲乙经》针刺禁忌.pdf,ce45924e2ce49b8a0b00026831a725e6d118c3ba9e7dbf18d5af4c4aa22d12fa,content-production/corpus/extracted-text/HFM-A000523_raw.txt,TEXT
JIAYI-PAGE-HFM-A000523-2,WORK-JIAYI,DOC-HFM-A000523,HFM-A000523,2,针灸甲乙经/论文/针灸甲乙经/9-浅析《针灸甲乙经》针刺禁忌.pdf,ce45924e2ce49b8a0b00026831a725e6d118c3ba9e7dbf18d5af4c4aa22d12fa,content-production/corpus/extracted-text/HFM-A000523_raw.txt,TEXT
JIAYI-PAGE-HFM-A000524-1,WORK-JIAYI,DOC-HFM-A000524,HFM-A000524,1,针灸甲乙经/论文/针灸甲乙经/90-《黄帝三部针灸甲乙经新校》的三点商榷.pdf,e20f2d734bd7bb316050bac49d8d62ee1ea0cf4465ad981457ad3b3699a44460,content-production/corpus/extracted-text/HFM-A000524_raw.txt,TEXT
JIAYI-PAGE-HFM-A000524-2,WORK-JIAYI,DOC-HFM-A000524,HFM-A000524,2,针灸甲乙经/论文/针灸甲乙经/90-《黄帝三部针灸甲乙经新校》的三点商榷.pdf,e20f2d734bd7bb316050bac49d8d62ee1ea0cf4465ad981457ad3b3699a44460,content-production/corpus/extracted-text/HFM-A000524_raw.txt,TEXT
JIAYI-PAGE-HFM-A000525-1,WORK-JIAYI,DOC-HFM-A000525,HFM-A000525,1,针灸甲乙经/论文/针灸甲乙经/92-试论皇甫谧《针灸甲乙经》对腧穴学的贡献.pdf,731d84fbbbaa8afc569aa36b0587ff2d5884e18fb888335b8c3b9d5895829b6b,content-production/corpus/extracted-text/HFM-A000525_raw.txt,TEXT
JIAYI-PAGE-HFM-A000525-2,WORK-JIAYI,DOC-HFM-A000525,HFM-A000525,2,针灸甲乙经/论文/针灸甲乙经/92-试论皇甫谧《针灸甲乙经》对腧穴学的贡献.pdf,731d84fbbbaa8afc569aa36b0587ff2d5884e18fb888335b8c3b9d5895829b6b,content-production/corpus/extracted-text/HFM-A000525_raw.txt,TEXT
JIAYI-PAGE-HFM-A000525-3,WORK-JIAYI,DOC-HFM-A000525,HFM-A000525,3,针灸甲乙经/论文/针灸甲乙经/92-试论皇甫谧《针灸甲乙经》对腧穴学的贡献.pdf,731d84fbbbaa8afc569aa36b0587ff2d5884e18fb888335b8c3b9d5895829b6b,content-production/corpus/extracted-text/HFM-A000525_raw.txt,TEXT
JIAYI-PAGE-HFM-A000525-4,WORK-JIAYI,DOC-HFM-A000525,HFM-A000525,4,针灸甲乙经/论文/针灸甲乙经/92-试论皇甫谧《针灸甲乙经》对腧穴学的贡献.pdf,731d84fbbbaa8afc569aa36b0587ff2d5884e18fb888335b8c3b9d5895829b6b,content-production/corpus/extracted-text/HFM-A000525_raw.txt,TEXT
JIAYI-PAGE-HFM-A000525-5,WORK-JIAYI,DOC-HFM-A000525,HFM-A000525,5,针灸甲乙经/论文/针灸甲乙经/92-试论皇甫谧《针灸甲乙经》对腧穴学的贡献.pdf,731d84fbbbaa8afc569aa36b0587ff2d5884e18fb888335b8c3b9d5895829b6b,content-production/corpus/extracted-text/HFM-A000525_raw.txt,TEXT
JIAYI-PAGE-HFM-A000526-1,WORK-JIAYI,DOC-HFM-A000526,HFM-A000526,1,针灸甲乙经/论文/针灸甲乙经/96-《针灸甲乙经》“胀病”及治则治法浅析.pdf,04ed29e88d81ab5aac9667c614a62180cac1ba2f44169612ce2b711bd13eb4f3,content-production/corpus/raw-ocr/HFM-A000526_p001_raw.txt,OCR
JIAYI-PAGE-HFM-A000526-2,WORK-JIAYI,DOC-HFM-A000526,HFM-A000526,2,针灸甲乙经/论文/针灸甲乙经/96-《针灸甲乙经》“胀病”及治则治法浅析.pdf,04ed29e88d81ab5aac9667c614a62180cac1ba2f44169612ce2b711bd13eb4f3,content-production/corpus/raw-ocr/HFM-A000526_p002_raw.txt,OCR
JIAYI-PAGE-HFM-A000526-3,WORK-JIAYI,DOC-HFM-A000526,HFM-A000526,3,针灸甲乙经/论文/针灸甲乙经/96-《针灸甲乙经》“胀病”及治则治法浅析.pdf,04ed29e88d81ab5aac9667c614a62180cac1ba2f44169612ce2b711bd13eb4f3,content-production/corpus/raw-ocr/HFM-A000526_p003_raw.txt,OCR
JIAYI-PAGE-HFM-A000526-4,WORK-JIAYI,DOC-HFM-A000526,HFM-A000526,4,针灸甲乙经/论文/针灸甲乙经/96-《针灸甲乙经》“胀病”及治则治法浅析.pdf,04ed29e88d81ab5aac9667c614a62180cac1ba2f44169612ce2b711bd13eb4f3,content-production/corpus/raw-ocr/HFM-A000526_p004_raw.txt,OCR
JIAYI-PAGE-HFM-A000527-1,WORK-JIAYI,DOC-HFM-A000527,HFM-A000527,1,针灸甲乙经/论文/针灸甲乙经/99-《针灸甲乙经》与《太素》互校内容考辨.pdf,52cc7554ca585ac45efb9183c566c142c2feb22037f930162b01571874568d3b,content-production/corpus/extracted-text/HFM-A000527_raw.txt,TEXT
JIAYI-PAGE-HFM-A000527-2,WORK-JIAYI,DOC-HFM-A000527,HFM-A000527,2,针灸甲乙经/论文/针灸甲乙经/99-《针灸甲乙经》与《太素》互校内容考辨.pdf,52cc7554ca585ac45efb9183c566c142c2feb22037f930162b01571874568d3b,content-production/corpus/extracted-text/HFM-A000527_raw.txt,TEXT
JIAYI-PAGE-HFM-A000529-1,WORK-JIAYI,DOC-HFM-A000529,HFM-A000529,1,针灸甲乙经/论著/10023266.pdf,765652180b12950fb7a8676a91c9dcd7826946802e5ef553d3e513f33341ca9f,content-production/batches/B02/raw-ocr/HFM-A000529_p001_raw.txt,OCR
JIAYI-PAGE-HFM-A000529-60,WORK-JIAYI,DOC-HFM-A000529,HFM-A000529,60,针灸甲乙经/论著/10023266.pdf,765652180b12950fb7a8676a91c9dcd7826946802e5ef553d3e513f33341ca9f,content-production/batches/B02/raw-ocr/HFM-A000529_p060_raw.txt,OCR
JIAYI-PAGE-HFM-A000529-121,WORK-JIAYI,DOC-HFM-A000529,HFM-A000529,121,针灸甲乙经/论著/10023266.pdf,765652180b12950fb7a8676a91c9dcd7826946802e5ef553d3e513f33341ca9f,content-production/batches/B02/raw-ocr/HFM-A000529_p121_raw.txt,OCR
JIAYI-PAGE-HFM-A000529-182,WORK-JIAYI,DOC-HFM-A000529,HFM-A000529,182,针灸甲乙经/论著/10023266.pdf,765652180b12950fb7a8676a91c9dcd7826946802e5ef553d3e513f33341ca9f,content-production/batches/B02/raw-ocr/HFM-A000529_p182_raw.txt,OCR
JIAYI-PAGE-HFM-A000529-243,WORK-JIAYI,DOC-HFM-A000529,HFM-A000529,243,针灸甲乙经/论著/10023266.pdf,765652180b12950fb7a8676a91c9dcd7826946802e5ef553d3e513f33341ca9f,content-production/batches/B02/raw-ocr/HFM-A000529_p243_raw.txt,OCR
JIAYI-PAGE-HFM-A000530-1,WORK-JIAYI,DOC-HFM-A000530,HFM-A000530,1,针灸甲乙经/论著/10023267.pdf,2d5bb413ef20f56a7d9a3370b9a8c403c3ba48fed84e2b35e1b75e354e8fa3b6,content-production/corpus/raw-ocr/HFM-A000530_p001_raw.txt,OCR
JIAYI-PAGE-HFM-A000530-79,WORK-JIAYI,DOC-HFM-A000530,HFM-A000530,79,针灸甲乙经/论著/10023267.pdf,2d5bb413ef20f56a7d9a3370b9a8c403c3ba48fed84e2b35e1b75e354e8fa3b6,content-production/corpus/raw-ocr/HFM-A000530_p079_raw.txt,OCR
JIAYI-PAGE-HFM-A000530-159,WORK-JIAYI,DOC-HFM-A000530,HFM-A000530,159,针灸甲乙经/论著/10023267.pdf,2d5bb413ef20f56a7d9a3370b9a8c403c3ba48fed84e2b35e1b75e354e8fa3b6,content-production/corpus/raw-ocr/HFM-A000530_p159_raw.txt,OCR
JIAYI-PAGE-HFM-A000531-1,WORK-JIAYI,DOC-HFM-A000531,HFM-A000531,1,针灸甲乙经/论著/10023268.pdf,d962d8cd373809d87ad1a6cdaa4d2e2ab783d2117577a254e1d300a51ad2ada7,content-production/corpus/raw-ocr/HFM-A000531_p001_raw.txt,OCR
JIAYI-PAGE-HFM-A000531-78,WORK-JIAYI,DOC-HFM-A000531,HFM-A000531,78,针灸甲乙经/论著/10023268.pdf,d962d8cd373809d87ad1a6cdaa4d2e2ab783d2117577a254e1d300a51ad2ada7,content-production/corpus/raw-ocr/HFM-A000531_p078_raw.txt,OCR
JIAYI-PAGE-HFM-A000531-156,WORK-JIAYI,DOC-HFM-A000531,HFM-A000531,156,针灸甲乙经/论著/10023268.pdf,d962d8cd373809d87ad1a6cdaa4d2e2ab783d2117577a254e1d300a51ad2ada7,content-production/corpus/raw-ocr/HFM-A000531_p156_raw.txt,OCR
JIAYI-PAGE-HFM-A000532-1,WORK-JIAYI,DOC-HFM-A000532,HFM-A000532,1,针灸甲乙经/论著/10023609.pdf,3a4ec856426a14947b4f857922055e7f423d5e6169996caf565a2bdcba013926,content-production/corpus/raw-ocr/HFM-A000532_p001_raw.txt,OCR
JIAYI-PAGE-HFM-A000532-177,WORK-JIAYI,DOC-HFM-A000532,HFM-A000532,177,针灸甲乙经/论著/10023609.pdf,3a4ec856426a14947b4f857922055e7f423d5e6169996caf565a2bdcba013926,content-production/corpus/raw-ocr/HFM-A000532_p177_raw.txt,OCR
JIAYI-PAGE-HFM-A000532-354,WORK-JIAYI,DOC-HFM-A000532,HFM-A000532,354,针灸甲乙经/论著/10023609.pdf,3a4ec856426a14947b4f857922055e7f423d5e6169996caf565a2bdcba013926,content-production/corpus/raw-ocr/HFM-A000532_p354_raw.txt,OCR
JIAYI-PAGE-HFM-A000533-1,WORK-JIAYI,DOC-HFM-A000533,HFM-A000533,1,针灸甲乙经/论著/《甲乙经》五车楼藏板（明万历吴勉学）/《甲乙经》五车楼藏板 2.pdf,44e170b23c50d17ce2d26f61f8fe3b9473c99075119be179c0d47278fe34c493,content-production/batches/B02/raw-ocr/HFM-A000533_p001_raw.txt,OCR
JIAYI-PAGE-HFM-A000533-44,WORK-JIAYI,DOC-HFM-A000533,HFM-A000533,44,针灸甲乙经/论著/《甲乙经》五车楼藏板（明万历吴勉学）/《甲乙经》五车楼藏板 2.pdf,44e170b23c50d17ce2d26f61f8fe3b9473c99075119be179c0d47278fe34c493,content-production/batches/B02/raw-ocr/HFM-A000533_p044_raw.txt,OCR
JIAYI-PAGE-HFM-A000533-88,WORK-JIAYI,DOC-HFM-A000533,HFM-A000533,88,针灸甲乙经/论著/《甲乙经》五车楼藏板（明万历吴勉学）/《甲乙经》五车楼藏板 2.pdf,44e170b23c50d17ce2d26f61f8fe3b9473c99075119be179c0d47278fe34c493,content-production/batches/B02/raw-ocr/HFM-A000533_p088_raw.txt,OCR
JIAYI-PAGE-HFM-A000533-132,WORK-JIAYI,DOC-HFM-A000533,HFM-A000533,132,针灸甲乙经/论著/《甲乙经》五车楼藏板（明万历吴勉学）/《甲乙经》五车楼藏板 2.pdf,44e170b23c50d17ce2d26f61f8fe3b9473c99075119be179c0d47278fe34c493,content-production/batches/B02/raw-ocr/HFM-A000533_p132_raw.txt,OCR
JIAYI-PAGE-HFM-A000533-176,WORK-JIAYI,DOC-HFM-A000533,HFM-A000533,176,针灸甲乙经/论著/《甲乙经》五车楼藏板（明万历吴勉学）/《甲乙经》五车楼藏板 2.pdf,44e170b23c50d17ce2d26f61f8fe3b9473c99075119be179c0d47278fe34c493,content-production/batches/B02/raw-ocr/HFM-A000533_p176_raw.txt,OCR
JIAYI-PAGE-HFM-A000534-1,WORK-JIAYI,DOC-HFM-A000534,HFM-A000534,1,针灸甲乙经/论著/《甲乙经》五车楼藏板（明万历吴勉学）/《甲乙经》五车楼藏板 3.pdf,e2bc5a787e142073370394bf4ae663277aea7a34a08c1c187d609a77091ca3c2,content-production/corpus/raw-ocr/HFM-A000534_p001_raw.txt,OCR
JIAYI-PAGE-HFM-A000534-68,WORK-JIAYI,DOC-HFM-A000534,HFM-A000534,68,针灸甲乙经/论著/《甲乙经》五车楼藏板（明万历吴勉学）/《甲乙经》五车楼藏板 3.pdf,e2bc5a787e142073370394bf4ae663277aea7a34a08c1c187d609a77091ca3c2,content-production/corpus/raw-ocr/HFM-A000534_p068_raw.txt,OCR
JIAYI-PAGE-HFM-A000534-137,WORK-JIAYI,DOC-HFM-A000534,HFM-A000534,137,针灸甲乙经/论著/《甲乙经》五车楼藏板（明万历吴勉学）/《甲乙经》五车楼藏板 3.pdf,e2bc5a787e142073370394bf4ae663277aea7a34a08c1c187d609a77091ca3c2,content-production/corpus/raw-ocr/HFM-A000534_p137_raw.txt,OCR
JIAYI-PAGE-HFM-A000535-1,WORK-JIAYI,DOC-HFM-A000535,HFM-A000535,1,针灸甲乙经/论著/《甲乙经》五车楼藏板（明万历吴勉学）/《甲乙经》五车楼藏板 4.pdf,5c03fc556828651331442f168c4f0b05f71db761a98910ea0b1d1fcc53096921,content-production/corpus/raw-ocr/HFM-A000535_p001_raw.txt,OCR
JIAYI-PAGE-HFM-A000535-67,WORK-JIAYI,DOC-HFM-A000535,HFM-A000535,67,针灸甲乙经/论著/《甲乙经》五车楼藏板（明万历吴勉学）/《甲乙经》五车楼藏板 4.pdf,5c03fc556828651331442f168c4f0b05f71db761a98910ea0b1d1fcc53096921,content-production/corpus/raw-ocr/HFM-A000535_p067_raw.txt,OCR
JIAYI-PAGE-HFM-A000535-134,WORK-JIAYI,DOC-HFM-A000535,HFM-A000535,134,针灸甲乙经/论著/《甲乙经》五车楼藏板（明万历吴勉学）/《甲乙经》五车楼藏板 4.pdf,5c03fc556828651331442f168c4f0b05f71db761a98910ea0b1d1fcc53096921,content-production/corpus/raw-ocr/HFM-A000535_p134_raw.txt,OCR
JIAYI-PAGE-HFM-A000536-1,WORK-JIAYI,DOC-HFM-A000536,HFM-A000536,1,针灸甲乙经/论著/《甲乙经》五车楼藏板（明万历吴勉学）/《甲乙经》五车楼藏板1.pdf,f2194ad6c3899951e1e7d5601439434ab8d37291a0eafc09a11377c2c6f37482,content-production/corpus/raw-ocr/HFM-A000536_p001_raw.txt,OCR
JIAYI-PAGE-HFM-A000536-62,WORK-JIAYI,DOC-HFM-A000536,HFM-A000536,62,针灸甲乙经/论著/《甲乙经》五车楼藏板（明万历吴勉学）/《甲乙经》五车楼藏板1.pdf,f2194ad6c3899951e1e7d5601439434ab8d37291a0eafc09a11377c2c6f37482,content-production/corpus/raw-ocr/HFM-A000536_p062_raw.txt,OCR
JIAYI-PAGE-HFM-A000536-125,WORK-JIAYI,DOC-HFM-A000536,HFM-A000536,125,针灸甲乙经/论著/《甲乙经》五车楼藏板（明万历吴勉学）/《甲乙经》五车楼藏板1.pdf,f2194ad6c3899951e1e7d5601439434ab8d37291a0eafc09a11377c2c6f37482,content-production/corpus/raw-ocr/HFM-A000536_p125_raw.txt,OCR
JIAYI-PAGE-HFM-A000537-1,WORK-JIAYI,DOC-HFM-A000537,HFM-A000537,1,针灸甲乙经/论著/《甲乙经》行素草堂藏板清光绪/《甲乙经》行素草堂藏板清光绪卷一二.pdf,72718411151893e65aebce4927d406cd002fbd188d273ccaee7fac9f7c6d9ef6,content-production/batches/B02/raw-ocr/HFM-A000537_p001_raw.txt,OCR
JIAYI-PAGE-HFM-A000537-33,WORK-JIAYI,DOC-HFM-A000537,HFM-A000537,33,针灸甲乙经/论著/《甲乙经》行素草堂藏板清光绪/《甲乙经》行素草堂藏板清光绪卷一二.pdf,72718411151893e65aebce4927d406cd002fbd188d273ccaee7fac9f7c6d9ef6,content-production/batches/B02/raw-ocr/HFM-A000537_p033_raw.txt,OCR
JIAYI-PAGE-HFM-A000537-66,WORK-JIAYI,DOC-HFM-A000537,HFM-A000537,66,针灸甲乙经/论著/《甲乙经》行素草堂藏板清光绪/《甲乙经》行素草堂藏板清光绪卷一二.pdf,72718411151893e65aebce4927d406cd002fbd188d273ccaee7fac9f7c6d9ef6,content-production/batches/B02/raw-ocr/HFM-A000537_p066_raw.txt,OCR
JIAYI-PAGE-HFM-A000537-99,WORK-JIAYI,DOC-HFM-A000537,HFM-A000537,99,针灸甲乙经/论著/《甲乙经》行素草堂藏板清光绪/《甲乙经》行素草堂藏板清光绪卷一二.pdf,72718411151893e65aebce4927d406cd002fbd188d273ccaee7fac9f7c6d9ef6,content-production/batches/B02/raw-ocr/HFM-A000537_p099_raw.txt,OCR
JIAYI-PAGE-HFM-A000537-132,WORK-JIAYI,DOC-HFM-A000537,HFM-A000537,132,针灸甲乙经/论著/《甲乙经》行素草堂藏板清光绪/《甲乙经》行素草堂藏板清光绪卷一二.pdf,72718411151893e65aebce4927d406cd002fbd188d273ccaee7fac9f7c6d9ef6,content-production/batches/B02/raw-ocr/HFM-A000537_p132_raw.txt,OCR
JIAYI-PAGE-HFM-A000538-1,WORK-JIAYI,DOC-HFM-A000538,HFM-A000538,1,针灸甲乙经/论著/《甲乙经》行素草堂藏板清光绪/《甲乙经》行素草堂藏板清光绪卷三四.pdf,3081dd02528ce2b20e0eb150d5902665baa402d9e8c8520177bb4c63b8de1771,content-production/corpus/raw-ocr/HFM-A000538_p001_raw.txt,OCR
JIAYI-PAGE-HFM-A000538-64,WORK-JIAYI,DOC-HFM-A000538,HFM-A000538,64,针灸甲乙经/论著/《甲乙经》行素草堂藏板清光绪/《甲乙经》行素草堂藏板清光绪卷三四.pdf,3081dd02528ce2b20e0eb150d5902665baa402d9e8c8520177bb4c63b8de1771,content-production/corpus/raw-ocr/HFM-A000538_p064_raw.txt,OCR
JIAYI-PAGE-HFM-A000538-129,WORK-JIAYI,DOC-HFM-A000538,HFM-A000538,129,针灸甲乙经/论著/《甲乙经》行素草堂藏板清光绪/《甲乙经》行素草堂藏板清光绪卷三四.pdf,3081dd02528ce2b20e0eb150d5902665baa402d9e8c8520177bb4c63b8de1771,content-production/corpus/raw-ocr/HFM-A000538_p129_raw.txt,OCR
JIAYI-PAGE-HFM-A000539-1,WORK-JIAYI,DOC-HFM-A000539,HFM-A000539,1,针灸甲乙经/论著/《甲乙经》行素草堂藏板清光绪/《甲乙经》行素草堂藏板清光绪卷五-七.pdf,f03174651ee30e550aa7725c6ae291fccc73deb9c4b836a1e3dabc53588b6787,content-production/corpus/raw-ocr/HFM-A000539_p001_raw.txt,OCR
JIAYI-PAGE-HFM-A000539-78,WORK-JIAYI,DOC-HFM-A000539,HFM-A000539,78,针灸甲乙经/论著/《甲乙经》行素草堂藏板清光绪/《甲乙经》行素草堂藏板清光绪卷五-七.pdf,f03174651ee30e550aa7725c6ae291fccc73deb9c4b836a1e3dabc53588b6787,content-production/corpus/raw-ocr/HFM-A000539_p078_raw.txt,OCR
JIAYI-PAGE-HFM-A000539-156,WORK-JIAYI,DOC-HFM-A000539,HFM-A000539,156,针灸甲乙经/论著/《甲乙经》行素草堂藏板清光绪/《甲乙经》行素草堂藏板清光绪卷五-七.pdf,f03174651ee30e550aa7725c6ae291fccc73deb9c4b836a1e3dabc53588b6787,content-production/corpus/raw-ocr/HFM-A000539_p156_raw.txt,OCR
JIAYI-PAGE-HFM-A000540-1,WORK-JIAYI,DOC-HFM-A000540,HFM-A000540,1,针灸甲乙经/论著/《甲乙经》行素草堂藏板清光绪/《甲乙经》行素草堂藏板清光绪卷八-十二.pdf,46d9dda883565268edd24e152fa83ab1a3fa313b97a6a443e03af240826c4f6d,content-production/corpus/raw-ocr/HFM-A000540_p001_raw.txt,OCR
JIAYI-PAGE-HFM-A000540-84,WORK-JIAYI,DOC-HFM-A000540,HFM-A000540,84,针灸甲乙经/论著/《甲乙经》行素草堂藏板清光绪/《甲乙经》行素草堂藏板清光绪卷八-十二.pdf,46d9dda883565268edd24e152fa83ab1a3fa313b97a6a443e03af240826c4f6d,content-production/corpus/raw-ocr/HFM-A000540_p084_raw.txt,OCR
JIAYI-PAGE-HFM-A000540-169,WORK-JIAYI,DOC-HFM-A000540,HFM-A000540,169,针灸甲乙经/论著/《甲乙经》行素草堂藏板清光绪/《甲乙经》行素草堂藏板清光绪卷八-十二.pdf,46d9dda883565268edd24e152fa83ab1a3fa313b97a6a443e03af240826c4f6d,content-production/corpus/raw-ocr/HFM-A000540_p169_raw.txt,OCR
JIAYI-PAGE-HFM-A000541-1,WORK-JIAYI,DOC-HFM-A000541,HFM-A000541,1,针灸甲乙经/论著/《针灸甲乙经、伤寒论、金匮要略、温病学》精译.pdf,fa15c6be2e5e5e4ead4367c8c7503f069d8961f05125f513351e08e6a4f7064e,content-production/corpus/raw-ocr/HFM-A000541_p001_raw.txt,OCR
JIAYI-PAGE-HFM-A000541-456,WORK-JIAYI,DOC-HFM-A000541,HFM-A000541,456,针灸甲乙经/论著/《针灸甲乙经、伤寒论、金匮要略、温病学》精译.pdf,fa15c6be2e5e5e4ead4367c8c7503f069d8961f05125f513351e08e6a4f7064e,content-production/corpus/raw-ocr/HFM-A000541_p456_raw.txt,OCR
JIAYI-PAGE-HFM-A000541-913,WORK-JIAYI,DOC-HFM-A000541,HFM-A000541,913,针灸甲乙经/论著/《针灸甲乙经、伤寒论、金匮要略、温病学》精译.pdf,fa15c6be2e5e5e4ead4367c8c7503f069d8961f05125f513351e08e6a4f7064e,content-production/corpus/raw-ocr/HFM-A000541_p913_raw.txt,OCR
JIAYI-PAGE-HFM-A000542-1,WORK-JIAYI,DOC-HFM-A000542,HFM-A000542,1,针灸甲乙经/论著/《针灸甲乙经》医统正脉全书明万历29年吴勉学（1601）/《针灸甲乙经》医统正脉全书1.pdf,222f8720504c492b7b4c71596fa3c64ac2fdeff8ca3ab2a8a9fc99a89f96df07,content-production/batches/B02/raw-ocr/HFM-A000542_p001_raw.txt,OCR
JIAYI-PAGE-HFM-A000542-1,WORK-JIAYI,DOC-HFM-A000542,HFM-A000542,1,针灸甲乙经/论著/《针灸甲乙经》医统正脉全书明万历29年吴勉学（1601）/《针灸甲乙经》医统正脉全书1.pdf,222f8720504c492b7b4c71596fa3c64ac2fdeff8ca3ab2a8a9fc99a89f96df07,content-production/batches/B01/jiayi/raw-ocr/A000542_p001_raw.txt,OCR
JIAYI-PAGE-HFM-A000542-2,WORK-JIAYI,DOC-HFM-A000542,HFM-A000542,2,针灸甲乙经/论著/《针灸甲乙经》医统正脉全书明万历29年吴勉学（1601）/《针灸甲乙经》医统正脉全书1.pdf,222f8720504c492b7b4c71596fa3c64ac2fdeff8ca3ab2a8a9fc99a89f96df07,content-production/batches/B01/jiayi/raw-ocr/A000542_p002_raw.txt,OCR
JIAYI-PAGE-HFM-A000542-5,WORK-JIAYI,DOC-HFM-A000542,HFM-A000542,5,针灸甲乙经/论著/《针灸甲乙经》医统正脉全书明万历29年吴勉学（1601）/《针灸甲乙经》医统正脉全书1.pdf,222f8720504c492b7b4c71596fa3c64ac2fdeff8ca3ab2a8a9fc99a89f96df07,content-production/batches/B01/jiayi/raw-ocr/A000542_p005_raw.txt,OCR
JIAYI-PAGE-HFM-A000542-8,WORK-JIAYI,DOC-HFM-A000542,HFM-A000542,8,针灸甲乙经/论著/《针灸甲乙经》医统正脉全书明万历29年吴勉学（1601）/《针灸甲乙经》医统正脉全书1.pdf,222f8720504c492b7b4c71596fa3c64ac2fdeff8ca3ab2a8a9fc99a89f96df07,content-production/batches/B01/jiayi/raw-ocr/A000542_p008_raw.txt,OCR
JIAYI-PAGE-HFM-A000542-12,WORK-JIAYI,DOC-HFM-A000542,HFM-A000542,12,针灸甲乙经/论著/《针灸甲乙经》医统正脉全书明万历29年吴勉学（1601）/《针灸甲乙经》医统正脉全书1.pdf,222f8720504c492b7b4c71596fa3c64ac2fdeff8ca3ab2a8a9fc99a89f96df07,content-production/batches/B01/jiayi/raw-ocr/A000542_p012_raw.txt,OCR
JIAYI-PAGE-HFM-A000542-40,WORK-JIAYI,DOC-HFM-A000542,HFM-A000542,40,针灸甲乙经/论著/《针灸甲乙经》医统正脉全书明万历29年吴勉学（1601）/《针灸甲乙经》医统正脉全书1.pdf,222f8720504c492b7b4c71596fa3c64ac2fdeff8ca3ab2a8a9fc99a89f96df07,content-production/batches/B02/raw-ocr/HFM-A000542_p040_raw.txt,OCR
JIAYI-PAGE-HFM-A000542-81,WORK-JIAYI,DOC-HFM-A000542,HFM-A000542,81,针灸甲乙经/论著/《针灸甲乙经》医统正脉全书明万历29年吴勉学（1601）/《针灸甲乙经》医统正脉全书1.pdf,222f8720504c492b7b4c71596fa3c64ac2fdeff8ca3ab2a8a9fc99a89f96df07,content-production/batches/B02/raw-ocr/HFM-A000542_p081_raw.txt,OCR
JIAYI-PAGE-HFM-A000542-121,WORK-JIAYI,DOC-HFM-A000542,HFM-A000542,121,针灸甲乙经/论著/《针灸甲乙经》医统正脉全书明万历29年吴勉学（1601）/《针灸甲乙经》医统正脉全书1.pdf,222f8720504c492b7b4c71596fa3c64ac2fdeff8ca3ab2a8a9fc99a89f96df07,content-production/batches/B02/raw-ocr/HFM-A000542_p121_raw.txt,OCR
JIAYI-PAGE-HFM-A000542-162,WORK-JIAYI,DOC-HFM-A000542,HFM-A000542,162,针灸甲乙经/论著/《针灸甲乙经》医统正脉全书明万历29年吴勉学（1601）/《针灸甲乙经》医统正脉全书1.pdf,222f8720504c492b7b4c71596fa3c64ac2fdeff8ca3ab2a8a9fc99a89f96df07,content-production/batches/B02/raw-ocr/HFM-A000542_p162_raw.txt,OCR
JIAYI-PAGE-HFM-A000544-15,WORK-JIAYI,DOC-HFM-A000544,HFM-A000544,15,针灸甲乙经/论著/《针灸甲乙经》医统正脉全书明万历29年吴勉学（1601）/《针灸甲乙经》医统正脉全书3.pdf,de0bc2257e05115bb26a0a3a1404fc96c2fffbaf9ef500386b8d91ac0257da1b,content-production/batches/B01/jiayi/raw-ocr/HFM-A000544_p015_raw.txt,OCR
JIAYI-PAGE-HFM-A000546-20,WORK-JIAYI,DOC-HFM-A000546,HFM-A000546,20,针灸甲乙经/论著/《针灸甲乙经》医统正脉全书明万历29年吴勉学（1601）/《针灸甲乙经》医统正脉全书5.pdf,aec429d4989f19b97d6e48fb642b4cb48e7a13692a0227feb78880bdcab7513a,content-production/batches/B01/jiayi/raw-ocr/HFM-A000546_p020_raw.txt,OCR
JIAYI-PAGE-HFM-A000548-1,WORK-JIAYI,DOC-HFM-A000548,HFM-A000548,1,针灸甲乙经/论著/《针灸甲乙经》四库全书本清乾隆/《针灸甲乙经》四库全书本卷七.pdf,aa464199e11b532581d799ef22d9caa3a125e610b53d4d746f686a7bf31a6fbc,content-production/corpus/raw-ocr/HFM-A000548_p001_raw.txt,OCR
JIAYI-PAGE-HFM-A000548-38,WORK-JIAYI,DOC-HFM-A000548,HFM-A000548,38,针灸甲乙经/论著/《针灸甲乙经》四库全书本清乾隆/《针灸甲乙经》四库全书本卷七.pdf,aa464199e11b532581d799ef22d9caa3a125e610b53d4d746f686a7bf31a6fbc,content-production/corpus/raw-ocr/HFM-A000548_p038_raw.txt,OCR
JIAYI-PAGE-HFM-A000548-76,WORK-JIAYI,DOC-HFM-A000548,HFM-A000548,76,针灸甲乙经/论著/《针灸甲乙经》四库全书本清乾隆/《针灸甲乙经》四库全书本卷七.pdf,aa464199e11b532581d799ef22d9caa3a125e610b53d4d746f686a7bf31a6fbc,content-production/corpus/raw-ocr/HFM-A000548_p076_raw.txt,OCR
JIAYI-PAGE-HFM-A000549-1,WORK-JIAYI,DOC-HFM-A000549,HFM-A000549,1,针灸甲乙经/论著/《针灸甲乙经》四库全书本清乾隆/《针灸甲乙经》四库全书本卷三.pdf,a2838b246676d811b52f00e967e746780e9855b07b5e958e32c50c6c1dafc01d,content-production/corpus/raw-ocr/HFM-A000549_p001_raw.txt,OCR
JIAYI-PAGE-HFM-A000549-63,WORK-JIAYI,DOC-HFM-A000549,HFM-A000549,63,针灸甲乙经/论著/《针灸甲乙经》四库全书本清乾隆/《针灸甲乙经》四库全书本卷三.pdf,a2838b246676d811b52f00e967e746780e9855b07b5e958e32c50c6c1dafc01d,content-production/corpus/raw-ocr/HFM-A000549_p063_raw.txt,OCR
JIAYI-PAGE-HFM-A000549-126,WORK-JIAYI,DOC-HFM-A000549,HFM-A000549,126,针灸甲乙经/论著/《针灸甲乙经》四库全书本清乾隆/《针灸甲乙经》四库全书本卷三.pdf,a2838b246676d811b52f00e967e746780e9855b07b5e958e32c50c6c1dafc01d,content-production/corpus/raw-ocr/HFM-A000549_p126_raw.txt,OCR
JIAYI-PAGE-HFM-A000550-1,WORK-JIAYI,DOC-HFM-A000550,HFM-A000550,1,针灸甲乙经/论著/《针灸甲乙经》四库全书本清乾隆/《针灸甲乙经》四库全书本卷二.pdf,37298fdfb8df81f5606bcff7fe29382062ccf0c9ec57d6ac63dc60fbbd246cde,content-production/corpus/raw-ocr/HFM-A000550_p001_raw.txt,OCR
JIAYI-PAGE-HFM-A000550-41,WORK-JIAYI,DOC-HFM-A000550,HFM-A000550,41,针灸甲乙经/论著/《针灸甲乙经》四库全书本清乾隆/《针灸甲乙经》四库全书本卷二.pdf,37298fdfb8df81f5606bcff7fe29382062ccf0c9ec57d6ac63dc60fbbd246cde,content-production/corpus/raw-ocr/HFM-A000550_p041_raw.txt,OCR
JIAYI-PAGE-HFM-A000550-82,WORK-JIAYI,DOC-HFM-A000550,HFM-A000550,82,针灸甲乙经/论著/《针灸甲乙经》四库全书本清乾隆/《针灸甲乙经》四库全书本卷二.pdf,37298fdfb8df81f5606bcff7fe29382062ccf0c9ec57d6ac63dc60fbbd246cde,content-production/corpus/raw-ocr/HFM-A000550_p082_raw.txt,OCR
JIAYI-PAGE-HFM-A000552-1,WORK-JIAYI,DOC-HFM-A000552,HFM-A000552,1,针灸甲乙经/论著/《针灸甲乙经》四库全书本清乾隆/《针灸甲乙经》四库全书本卷六.pdf,52914a8c04712e4d254bd4b0fba460053522f481a4f2a2edb9c7cdc15bae25ab,content-production/corpus/raw-ocr/HFM-A000552_p001_raw.txt,OCR
JIAYI-PAGE-HFM-A000552-38,WORK-JIAYI,DOC-HFM-A000552,HFM-A000552,38,针灸甲乙经/论著/《针灸甲乙经》四库全书本清乾隆/《针灸甲乙经》四库全书本卷六.pdf,52914a8c04712e4d254bd4b0fba460053522f481a4f2a2edb9c7cdc15bae25ab,content-production/corpus/raw-ocr/HFM-A000552_p038_raw.txt,OCR
JIAYI-PAGE-HFM-A000552-76,WORK-JIAYI,DOC-HFM-A000552,HFM-A000552,76,针灸甲乙经/论著/《针灸甲乙经》四库全书本清乾隆/《针灸甲乙经》四库全书本卷六.pdf,52914a8c04712e4d254bd4b0fba460053522f481a4f2a2edb9c7cdc15bae25ab,content-production/corpus/raw-ocr/HFM-A000552_p076_raw.txt,OCR
JIAYI-PAGE-HFM-A000553-1,WORK-JIAYI,DOC-HFM-A000553,HFM-A000553,1,针灸甲乙经/论著/《针灸甲乙经》四库全书本清乾隆/《针灸甲乙经》四库全书本卷十至十二 (2).pdf,159086ee62e3171b3a1de04a1f7cf1367c6fb53116d94b4ca44758ac117bdd8e,content-production/corpus/raw-ocr/HFM-A000553_p001_raw.txt,OCR
JIAYI-PAGE-HFM-A000553-66,WORK-JIAYI,DOC-HFM-A000553,HFM-A000553,66,针灸甲乙经/论著/《针灸甲乙经》四库全书本清乾隆/《针灸甲乙经》四库全书本卷十至十二 (2).pdf,159086ee62e3171b3a1de04a1f7cf1367c6fb53116d94b4ca44758ac117bdd8e,content-production/corpus/raw-ocr/HFM-A000553_p066_raw.txt,OCR
JIAYI-PAGE-HFM-A000553-132,WORK-JIAYI,DOC-HFM-A000553,HFM-A000553,132,针灸甲乙经/论著/《针灸甲乙经》四库全书本清乾隆/《针灸甲乙经》四库全书本卷十至十二 (2).pdf,159086ee62e3171b3a1de04a1f7cf1367c6fb53116d94b4ca44758ac117bdd8e,content-production/corpus/raw-ocr/HFM-A000553_p132_raw.txt,OCR
JIAYI-PAGE-HFM-A000554-1,WORK-JIAYI,DOC-HFM-A000554,HFM-A000554,1,针灸甲乙经/论著/《针灸甲乙经》四库全书本清乾隆/《针灸甲乙经》四库全书本卷十至十二.pdf,159086ee62e3171b3a1de04a1f7cf1367c6fb53116d94b4ca44758ac117bdd8e,content-production/corpus/raw-ocr/HFM-A000554_p001_raw.txt,OCR
JIAYI-PAGE-HFM-A000554-66,WORK-JIAYI,DOC-HFM-A000554,HFM-A000554,66,针灸甲乙经/论著/《针灸甲乙经》四库全书本清乾隆/《针灸甲乙经》四库全书本卷十至十二.pdf,159086ee62e3171b3a1de04a1f7cf1367c6fb53116d94b4ca44758ac117bdd8e,content-production/corpus/raw-ocr/HFM-A000554_p066_raw.txt,OCR
JIAYI-PAGE-HFM-A000554-132,WORK-JIAYI,DOC-HFM-A000554,HFM-A000554,132,针灸甲乙经/论著/《针灸甲乙经》四库全书本清乾隆/《针灸甲乙经》四库全书本卷十至十二.pdf,159086ee62e3171b3a1de04a1f7cf1367c6fb53116d94b4ca44758ac117bdd8e,content-production/corpus/raw-ocr/HFM-A000554_p132_raw.txt,OCR
JIAYI-PAGE-HFM-A000555-1,WORK-JIAYI,DOC-HFM-A000555,HFM-A000555,1,针灸甲乙经/论著/《针灸甲乙经》四库全书本清乾隆/《针灸甲乙经》四库全书本卷四五.pdf,7e1c20563283ba2b13862a5b336f2c0cb8d6ecf17d7607a7d479e9bc0209fa99,content-production/corpus/raw-ocr/HFM-A000555_p001_raw.txt,OCR
JIAYI-PAGE-HFM-A000555-64,WORK-JIAYI,DOC-HFM-A000555,HFM-A000555,64,针灸甲乙经/论著/《针灸甲乙经》四库全书本清乾隆/《针灸甲乙经》四库全书本卷四五.pdf,7e1c20563283ba2b13862a5b336f2c0cb8d6ecf17d7607a7d479e9bc0209fa99,content-production/corpus/raw-ocr/HFM-A000555_p064_raw.txt,OCR
JIAYI-PAGE-HFM-A000555-128,WORK-JIAYI,DOC-HFM-A000555,HFM-A000555,128,针灸甲乙经/论著/《针灸甲乙经》四库全书本清乾隆/《针灸甲乙经》四库全书本卷四五.pdf,7e1c20563283ba2b13862a5b336f2c0cb8d6ecf17d7607a7d479e9bc0209fa99,content-production/corpus/raw-ocr/HFM-A000555_p128_raw.txt,OCR
JIAYI-PAGE-HFM-A000556-1,WORK-JIAYI,DOC-HFM-A000556,HFM-A000556,1,针灸甲乙经/论著/《针灸甲乙经新校版》王军2005.pdf,401f2871b7dbca3d91cd30e9831d650a65716992ffd6ffe1acd8d74d8c9fa9e1,content-production/corpus/raw-ocr/HFM-A000556_p001_raw.txt,OCR
JIAYI-PAGE-HFM-A000556-202,WORK-JIAYI,DOC-HFM-A000556,HFM-A000556,202,针灸甲乙经/论著/《针灸甲乙经新校版》王军2005.pdf,401f2871b7dbca3d91cd30e9831d650a65716992ffd6ffe1acd8d74d8c9fa9e1,content-production/corpus/raw-ocr/HFM-A000556_p202_raw.txt,OCR
JIAYI-PAGE-HFM-A000556-404,WORK-JIAYI,DOC-HFM-A000556,HFM-A000556,404,针灸甲乙经/论著/《针灸甲乙经新校版》王军2005.pdf,401f2871b7dbca3d91cd30e9831d650a65716992ffd6ffe1acd8d74d8c9fa9e1,content-production/corpus/raw-ocr/HFM-A000556_p404_raw.txt,OCR
JIAYI-PAGE-HFM-A000558-1,WORK-JIAYI,DOC-HFM-A000558,HFM-A000558,1,针灸甲乙经/论著/《针灸甲乙经理论与实践》人民卫生出版社李鼎2011.pdf,1689bd6942e652a31d35c878871a346524c351b2b61c681464e8c99dea8d74f8,content-production/corpus/raw-ocr/HFM-A000558_p001_raw.txt,OCR
JIAYI-PAGE-HFM-A000558-160,WORK-JIAYI,DOC-HFM-A000558,HFM-A000558,160,针灸甲乙经/论著/《针灸甲乙经理论与实践》人民卫生出版社李鼎2011.pdf,1689bd6942e652a31d35c878871a346524c351b2b61c681464e8c99dea8d74f8,content-production/corpus/raw-ocr/HFM-A000558_p160_raw.txt,OCR
JIAYI-PAGE-HFM-A000558-320,WORK-JIAYI,DOC-HFM-A000558,HFM-A000558,320,针灸甲乙经/论著/《针灸甲乙经理论与实践》人民卫生出版社李鼎2011.pdf,1689bd6942e652a31d35c878871a346524c351b2b61c681464e8c99dea8d74f8,content-production/corpus/raw-ocr/HFM-A000558_p320_raw.txt,OCR
JIAYI-PAGE-HFM-A000559-1,WORK-JIAYI,DOC-HFM-A000559,HFM-A000559,1,针灸甲乙经/论著/《针灸甲乙经腧穴重辑》1982.pdf,b64b81f1692c2617a1e42160c1eaf6190a141b02ef1ee180210bb72ef5ecf56e,content-production/corpus/raw-ocr/HFM-A000559_p001_raw.txt,OCR
JIAYI-PAGE-HFM-A000559-185,WORK-JIAYI,DOC-HFM-A000559,HFM-A000559,185,针灸甲乙经/论著/《针灸甲乙经腧穴重辑》1982.pdf,b64b81f1692c2617a1e42160c1eaf6190a141b02ef1ee180210bb72ef5ecf56e,content-production/corpus/raw-ocr/HFM-A000559_p185_raw.txt,OCR
JIAYI-PAGE-HFM-A000559-370,WORK-JIAYI,DOC-HFM-A000559,HFM-A000559,370,针灸甲乙经/论著/《针灸甲乙经腧穴重辑》1982.pdf,b64b81f1692c2617a1e42160c1eaf6190a141b02ef1ee180210bb72ef5ecf56e,content-production/corpus/raw-ocr/HFM-A000559_p370_raw.txt,OCR
JIAYI-PAGE-HFM-A000561-1,WORK-JIAYI,DOC-HFM-A000561,HFM-A000561,1,针灸甲乙经/论著/甲乙经全册2.pdf,651dc7bb01ecfec3e2045e5d474b724f8daca21e8c277110bae16b1a13f765e6,content-production/corpus/raw-ocr/HFM-A000561_p001_raw.txt,OCR
JIAYI-PAGE-HFM-A000561-72,WORK-JIAYI,DOC-HFM-A000561,HFM-A000561,72,针灸甲乙经/论著/甲乙经全册2.pdf,651dc7bb01ecfec3e2045e5d474b724f8daca21e8c277110bae16b1a13f765e6,content-production/corpus/raw-ocr/HFM-A000561_p072_raw.txt,OCR
JIAYI-PAGE-HFM-A000561-144,WORK-JIAYI,DOC-HFM-A000561,HFM-A000561,144,针灸甲乙经/论著/甲乙经全册2.pdf,651dc7bb01ecfec3e2045e5d474b724f8daca21e8c277110bae16b1a13f765e6,content-production/corpus/raw-ocr/HFM-A000561_p144_raw.txt,OCR
JIAYI-PAGE-HFM-A000562-1,WORK-JIAYI,DOC-HFM-A000562,HFM-A000562,1,针灸甲乙经/论著/甲乙经全册3.pdf,e816863b643692777f4ba8d505c8a7ac2db1f623f71a6d0f5e84e3700e1e1062,content-production/corpus/raw-ocr/HFM-A000562_p001_raw.txt,OCR
JIAYI-PAGE-HFM-A000562-62,WORK-JIAYI,DOC-HFM-A000562,HFM-A000562,62,针灸甲乙经/论著/甲乙经全册3.pdf,e816863b643692777f4ba8d505c8a7ac2db1f623f71a6d0f5e84e3700e1e1062,content-production/corpus/raw-ocr/HFM-A000562_p062_raw.txt,OCR
JIAYI-PAGE-HFM-A000562-124,WORK-JIAYI,DOC-HFM-A000562,HFM-A000562,124,针灸甲乙经/论著/甲乙经全册3.pdf,e816863b643692777f4ba8d505c8a7ac2db1f623f71a6d0f5e84e3700e1e1062,content-production/corpus/raw-ocr/HFM-A000562_p124_raw.txt,OCR
JIAYI-PAGE-HFM-A000563-1,WORK-JIAYI,DOC-HFM-A000563,HFM-A000563,1,针灸甲乙经/论著/甲乙经全册4.pdf,27607e2ed880ab2443dcc13e9e8e297be924b97d623f68810ff43e263f280ea0,content-production/corpus/raw-ocr/HFM-A000563_p001_raw.txt,OCR
JIAYI-PAGE-HFM-A000563-48,WORK-JIAYI,DOC-HFM-A000563,HFM-A000563,48,针灸甲乙经/论著/甲乙经全册4.pdf,27607e2ed880ab2443dcc13e9e8e297be924b97d623f68810ff43e263f280ea0,content-production/corpus/raw-ocr/HFM-A000563_p048_raw.txt,OCR
JIAYI-PAGE-HFM-A000563-96,WORK-JIAYI,DOC-HFM-A000563,HFM-A000563,96,针灸甲乙经/论著/甲乙经全册4.pdf,27607e2ed880ab2443dcc13e9e8e297be924b97d623f68810ff43e263f280ea0,content-production/corpus/raw-ocr/HFM-A000563_p096_raw.txt,OCR
JIAYI-PAGE-HFM-A000565-1,WORK-JIAYI,DOC-HFM-A000565,HFM-A000565,1,针灸甲乙经/论著/皇帝甲乙经/《黄帝三部针灸甲乙经》上海科学技术出版社2017/《黄帝三部针灸甲乙经》上海科学技术出版社2017（二）.pdf,c32b7ce82b5605e96639e2154b8d000141e18debfd4f0fa5a3c4fbe03b04256b,content-production/corpus/raw-ocr/HFM-A000565_p001_raw.txt,OCR
JIAYI-PAGE-HFM-A000565-40,WORK-JIAYI,DOC-HFM-A000565,HFM-A000565,40,针灸甲乙经/论著/皇帝甲乙经/《黄帝三部针灸甲乙经》上海科学技术出版社2017/《黄帝三部针灸甲乙经》上海科学技术出版社2017（二）.pdf,c32b7ce82b5605e96639e2154b8d000141e18debfd4f0fa5a3c4fbe03b04256b,content-production/corpus/raw-ocr/HFM-A000565_p040_raw.txt,OCR
JIAYI-PAGE-HFM-A000565-80,WORK-JIAYI,DOC-HFM-A000565,HFM-A000565,80,针灸甲乙经/论著/皇帝甲乙经/《黄帝三部针灸甲乙经》上海科学技术出版社2017/《黄帝三部针灸甲乙经》上海科学技术出版社2017（二）.pdf,c32b7ce82b5605e96639e2154b8d000141e18debfd4f0fa5a3c4fbe03b04256b,content-production/corpus/raw-ocr/HFM-A000565_p080_raw.txt,OCR
JIAYI-PAGE-HFM-A000566-1,WORK-JIAYI,DOC-HFM-A000566,HFM-A000566,1,针灸甲乙经/论著/皇帝甲乙经/《黄帝三部针灸甲乙经新校》学苑出版社王心远2012.pdf,7078678e776362b5d2954dd0bcb25dc49804860a42f9a95f24a3157142676e17,content-production/corpus/raw-ocr/HFM-A000566_p001_raw.txt,OCR
JIAYI-PAGE-HFM-A000566-251,WORK-JIAYI,DOC-HFM-A000566,HFM-A000566,251,针灸甲乙经/论著/皇帝甲乙经/《黄帝三部针灸甲乙经新校》学苑出版社王心远2012.pdf,7078678e776362b5d2954dd0bcb25dc49804860a42f9a95f24a3157142676e17,content-production/corpus/raw-ocr/HFM-A000566_p251_raw.txt,OCR
JIAYI-PAGE-HFM-A000566-502,WORK-JIAYI,DOC-HFM-A000566,HFM-A000566,502,针灸甲乙经/论著/皇帝甲乙经/《黄帝三部针灸甲乙经新校》学苑出版社王心远2012.pdf,7078678e776362b5d2954dd0bcb25dc49804860a42f9a95f24a3157142676e17,content-production/corpus/raw-ocr/HFM-A000566_p502_raw.txt,OCR
JIAYI-PAGE-HFM-A000567-1,WORK-JIAYI,DOC-HFM-A000567,HFM-A000567,1,针灸甲乙经/论著/皇帝甲乙经/《黄帝甲乙经》江左书林印1977曹智涵校正/《黄帝甲乙经》江左书林印1977曹智涵校正1.pdf,08c35f266a95430ddc55fde173b8080bdb68fb6a2db7bf2ce19c8ba39c33c12b,content-production/corpus/raw-ocr/HFM-A000567_p001_raw.txt,OCR
JIAYI-PAGE-HFM-A000567-34,WORK-JIAYI,DOC-HFM-A000567,HFM-A000567,34,针灸甲乙经/论著/皇帝甲乙经/《黄帝甲乙经》江左书林印1977曹智涵校正/《黄帝甲乙经》江左书林印1977曹智涵校正1.pdf,08c35f266a95430ddc55fde173b8080bdb68fb6a2db7bf2ce19c8ba39c33c12b,content-production/corpus/raw-ocr/HFM-A000567_p034_raw.txt,OCR
JIAYI-PAGE-HFM-A000567-68,WORK-JIAYI,DOC-HFM-A000567,HFM-A000567,68,针灸甲乙经/论著/皇帝甲乙经/《黄帝甲乙经》江左书林印1977曹智涵校正/《黄帝甲乙经》江左书林印1977曹智涵校正1.pdf,08c35f266a95430ddc55fde173b8080bdb68fb6a2db7bf2ce19c8ba39c33c12b,content-production/corpus/raw-ocr/HFM-A000567_p068_raw.txt,OCR
JIAYI-PAGE-HFM-A000568-1,WORK-JIAYI,DOC-HFM-A000568,HFM-A000568,1,针灸甲乙经/论著/皇帝甲乙经/《黄帝甲乙经》江左书林印1977曹智涵校正/《黄帝甲乙经》江左书林印1977曹智涵校正2.pdf,d699669d2fe544ead8b28be4cc236eba3de0d0b440e4390656f39c3a4a652ee8,content-production/corpus/raw-ocr/HFM-A000568_p001_raw.txt,OCR
JIAYI-PAGE-HFM-A000568-44,WORK-JIAYI,DOC-HFM-A000568,HFM-A000568,44,针灸甲乙经/论著/皇帝甲乙经/《黄帝甲乙经》江左书林印1977曹智涵校正/《黄帝甲乙经》江左书林印1977曹智涵校正2.pdf,d699669d2fe544ead8b28be4cc236eba3de0d0b440e4390656f39c3a4a652ee8,content-production/corpus/raw-ocr/HFM-A000568_p044_raw.txt,OCR
JIAYI-PAGE-HFM-A000568-89,WORK-JIAYI,DOC-HFM-A000568,HFM-A000568,89,针灸甲乙经/论著/皇帝甲乙经/《黄帝甲乙经》江左书林印1977曹智涵校正/《黄帝甲乙经》江左书林印1977曹智涵校正2.pdf,d699669d2fe544ead8b28be4cc236eba3de0d0b440e4390656f39c3a4a652ee8,content-production/corpus/raw-ocr/HFM-A000568_p089_raw.txt,OCR
JIAYI-PAGE-HFM-A000570-1,WORK-JIAYI,DOC-HFM-A000570,HFM-A000570,1,针灸甲乙经/论著/皇帝甲乙经/《黄帝甲乙经》江左书林印1977曹智涵校正/《黄帝甲乙经》江左书林印1977曹智涵校正4.pdf,9438f69677577020dd3f5e5f88f47d382fb998be8a4a925c3e1ad229649d5619,content-production/corpus/raw-ocr/HFM-A000570_p001_raw.txt,OCR
JIAYI-PAGE-HFM-A000570-33,WORK-JIAYI,DOC-HFM-A000570,HFM-A000570,33,针灸甲乙经/论著/皇帝甲乙经/《黄帝甲乙经》江左书林印1977曹智涵校正/《黄帝甲乙经》江左书林印1977曹智涵校正4.pdf,9438f69677577020dd3f5e5f88f47d382fb998be8a4a925c3e1ad229649d5619,content-production/corpus/raw-ocr/HFM-A000570_p033_raw.txt,OCR
JIAYI-PAGE-HFM-A000570-66,WORK-JIAYI,DOC-HFM-A000570,HFM-A000570,66,针灸甲乙经/论著/皇帝甲乙经/《黄帝甲乙经》江左书林印1977曹智涵校正/《黄帝甲乙经》江左书林印1977曹智涵校正4.pdf,9438f69677577020dd3f5e5f88f47d382fb998be8a4a925c3e1ad229649d5619,content-production/corpus/raw-ocr/HFM-A000570_p066_raw.txt,OCR
JIAYI-PAGE-HFM-A000571-1,WORK-JIAYI,DOC-HFM-A000571,HFM-A000571,1,针灸甲乙经/论著/皇帝甲乙经/《黄帝针灸甲乙经新校本》黄龙祥1990.pdf,2c8ce088908ce1433dc6103dbdc59b103ae46da8b6fd70f46482a96218a07245,content-production/corpus/raw-ocr/HFM-A000571_p001_raw.txt,OCR
JIAYI-PAGE-HFM-A000571-292,WORK-JIAYI,DOC-HFM-A000571,HFM-A000571,292,针灸甲乙经/论著/皇帝甲乙经/《黄帝针灸甲乙经新校本》黄龙祥1990.pdf,2c8ce088908ce1433dc6103dbdc59b103ae46da8b6fd70f46482a96218a07245,content-production/corpus/raw-ocr/HFM-A000571_p292_raw.txt,OCR
JIAYI-PAGE-HFM-A000571-584,WORK-JIAYI,DOC-HFM-A000571,HFM-A000571,584,针灸甲乙经/论著/皇帝甲乙经/《黄帝针灸甲乙经新校本》黄龙祥1990.pdf,2c8ce088908ce1433dc6103dbdc59b103ae46da8b6fd70f46482a96218a07245,content-production/corpus/raw-ocr/HFM-A000571_p584_raw.txt,OCR
JIAYI-PAGE-HFM-A000573-1,WORK-JIAYI,DOC-HFM-A000573,HFM-A000573,1,针灸甲乙经/论著/皇帝甲乙经/帝王世纪/《帝王世纪、山海经、逸周书》1996 (2).pdf,fa1434bf7651241f217a92b3f10110be2a06e7c92dba6e3084c480f740584f66,content-production/corpus/raw-ocr/HFM-A000573_p001_raw.txt,OCR
JIAYI-PAGE-HFM-A000573-44,WORK-JIAYI,DOC-HFM-A000573,HFM-A000573,44,针灸甲乙经/论著/皇帝甲乙经/帝王世纪/《帝王世纪、山海经、逸周书》1996 (2).pdf,fa1434bf7651241f217a92b3f10110be2a06e7c92dba6e3084c480f740584f66,content-production/corpus/raw-ocr/HFM-A000573_p044_raw.txt,OCR
JIAYI-PAGE-HFM-A000573-88,WORK-JIAYI,DOC-HFM-A000573,HFM-A000573,88,针灸甲乙经/论著/皇帝甲乙经/帝王世纪/《帝王世纪、山海经、逸周书》1996 (2).pdf,fa1434bf7651241f217a92b3f10110be2a06e7c92dba6e3084c480f740584f66,content-production/corpus/raw-ocr/HFM-A000573_p088_raw.txt,OCR
JIAYI-PAGE-HFM-A000575-1,WORK-JIAYI,DOC-HFM-A000575,HFM-A000575,1,针灸甲乙经/论著/皇帝甲乙经/帝王世纪/《帝王世纪》中华书局.pdf,fd3b324bc3198ec8951fadd1dda5cc16453ce0c01af23d0b9e44eae7fa0a3af3,content-production/corpus/raw-ocr/HFM-A000575_p001_raw.txt,OCR
JIAYI-PAGE-HFM-A000575-33,WORK-JIAYI,DOC-HFM-A000575,HFM-A000575,33,针灸甲乙经/论著/皇帝甲乙经/帝王世纪/《帝王世纪》中华书局.pdf,fd3b324bc3198ec8951fadd1dda5cc16453ce0c01af23d0b9e44eae7fa0a3af3,content-production/corpus/raw-ocr/HFM-A000575_p033_raw.txt,OCR
JIAYI-PAGE-HFM-A000575-67,WORK-JIAYI,DOC-HFM-A000575,HFM-A000575,67,针灸甲乙经/论著/皇帝甲乙经/帝王世纪/《帝王世纪》中华书局.pdf,fd3b324bc3198ec8951fadd1dda5cc16453ce0c01af23d0b9e44eae7fa0a3af3,content-production/corpus/raw-ocr/HFM-A000575_p067_raw.txt,OCR
JIAYI-PAGE-HFM-A000576-1,WORK-JIAYI,DOC-HFM-A000576,HFM-A000576,1,针灸甲乙经/论著/皇帝甲乙经/帝王世纪/《帝王世纪》中华民国二十五年.pdf,35d354db3a2a0a9ef3c063408a897cfb50f0642c5b75f850adc4b6d5daf7507b,content-production/corpus/raw-ocr/HFM-A000576_p001_raw.txt,OCR
JIAYI-PAGE-HFM-A000576-63,WORK-JIAYI,DOC-HFM-A000576,HFM-A000576,63,针灸甲乙经/论著/皇帝甲乙经/帝王世纪/《帝王世纪》中华民国二十五年.pdf,35d354db3a2a0a9ef3c063408a897cfb50f0642c5b75f850adc4b6d5daf7507b,content-production/corpus/raw-ocr/HFM-A000576_p063_raw.txt,OCR
JIAYI-PAGE-HFM-A000576-126,WORK-JIAYI,DOC-HFM-A000576,HFM-A000576,126,针灸甲乙经/论著/皇帝甲乙经/帝王世纪/《帝王世纪》中华民国二十五年.pdf,35d354db3a2a0a9ef3c063408a897cfb50f0642c5b75f850adc4b6d5daf7507b,content-production/corpus/raw-ocr/HFM-A000576_p126_raw.txt,OCR
JIAYI-PAGE-HFM-A000577-1,WORK-JIAYI,DOC-HFM-A000577,HFM-A000577,1,针灸甲乙经/论著/针灸甲乙经校注/《中國醫藥匯海-针灸甲乙经》北京市中国书店蔡陆仙（2）.pdf,dfb7f4fa89160a59dcef6106899c500ee97da1f3bfa34e682408d0f9499b257c,content-production/corpus/raw-ocr/HFM-A000577_p001_raw.txt,OCR
JIAYI-PAGE-HFM-A000577-148,WORK-JIAYI,DOC-HFM-A000577,HFM-A000577,148,针灸甲乙经/论著/针灸甲乙经校注/《中國醫藥匯海-针灸甲乙经》北京市中国书店蔡陆仙（2）.pdf,dfb7f4fa89160a59dcef6106899c500ee97da1f3bfa34e682408d0f9499b257c,content-production/corpus/raw-ocr/HFM-A000577_p148_raw.txt,OCR
JIAYI-PAGE-HFM-A000577-296,WORK-JIAYI,DOC-HFM-A000577,HFM-A000577,296,针灸甲乙经/论著/针灸甲乙经校注/《中國醫藥匯海-针灸甲乙经》北京市中国书店蔡陆仙（2）.pdf,dfb7f4fa89160a59dcef6106899c500ee97da1f3bfa34e682408d0f9499b257c,content-production/corpus/raw-ocr/HFM-A000577_p296_raw.txt,OCR
JIAYI-PAGE-HFM-A000578-1,WORK-JIAYI,DOC-HFM-A000578,HFM-A000578,1,针灸甲乙经/论著/针灸甲乙经校注/《中國醫藥匯海-针灸甲乙经》蔡陆仙.pdf,cca427834214223fe848516ed5cf47a514b47f8f0d80601fb6adec6904419340,content-production/corpus/raw-ocr/HFM-A000578_p001_raw.txt,OCR
JIAYI-PAGE-HFM-A000578-147,WORK-JIAYI,DOC-HFM-A000578,HFM-A000578,147,针灸甲乙经/论著/针灸甲乙经校注/《中國醫藥匯海-针灸甲乙经》蔡陆仙.pdf,cca427834214223fe848516ed5cf47a514b47f8f0d80601fb6adec6904419340,content-production/corpus/raw-ocr/HFM-A000578_p147_raw.txt,OCR
JIAYI-PAGE-HFM-A000578-295,WORK-JIAYI,DOC-HFM-A000578,HFM-A000578,295,针灸甲乙经/论著/针灸甲乙经校注/《中國醫藥匯海-针灸甲乙经》蔡陆仙.pdf,cca427834214223fe848516ed5cf47a514b47f8f0d80601fb6adec6904419340,content-production/corpus/raw-ocr/HFM-A000578_p295_raw.txt,OCR
JIAYI-PAGE-HFM-A000579-1,WORK-JIAYI,DOC-HFM-A000579,HFM-A000579,1,针灸甲乙经/论著/针灸甲乙经校注/《针灸甲乙经》华夏出版社2008黄龙祥校注.pdf,3d0fe43cd0d19a8ac195d4169f79ac8cae5d8d8503032623b01f5828fa59335c,content-production/corpus/raw-ocr/HFM-A000579_p001_raw.txt,OCR
JIAYI-PAGE-HFM-A000579-125,WORK-JIAYI,DOC-HFM-A000579,HFM-A000579,125,针灸甲乙经/论著/针灸甲乙经校注/《针灸甲乙经》华夏出版社2008黄龙祥校注.pdf,3d0fe43cd0d19a8ac195d4169f79ac8cae5d8d8503032623b01f5828fa59335c,content-production/corpus/raw-ocr/HFM-A000579_p125_raw.txt,OCR
JIAYI-PAGE-HFM-A000579-251,WORK-JIAYI,DOC-HFM-A000579,HFM-A000579,251,针灸甲乙经/论著/针灸甲乙经校注/《针灸甲乙经》华夏出版社2008黄龙祥校注.pdf,3d0fe43cd0d19a8ac195d4169f79ac8cae5d8d8503032623b01f5828fa59335c,content-production/corpus/raw-ocr/HFM-A000579_p251_raw.txt,OCR
JIAYI-PAGE-HFM-A000580-1,WORK-JIAYI,DOC-HFM-A000580,HFM-A000580,1,针灸甲乙经/论著/针灸甲乙经校注/《针灸甲乙经》商务印书馆宋林亿等校1955.pdf,0b784ac2a73bc015e8d264984a7e2d991e9d8f42b6cf52d643a3452f099ef198,content-production/corpus/raw-ocr/HFM-A000580_p001_raw.txt,OCR
JIAYI-PAGE-HFM-A000580-126,WORK-JIAYI,DOC-HFM-A000580,HFM-A000580,126,针灸甲乙经/论著/针灸甲乙经校注/《针灸甲乙经》商务印书馆宋林亿等校1955.pdf,0b784ac2a73bc015e8d264984a7e2d991e9d8f42b6cf52d643a3452f099ef198,content-production/corpus/raw-ocr/HFM-A000580_p126_raw.txt,OCR
JIAYI-PAGE-HFM-A000580-253,WORK-JIAYI,DOC-HFM-A000580,HFM-A000580,253,针灸甲乙经/论著/针灸甲乙经校注/《针灸甲乙经》商务印书馆宋林亿等校1955.pdf,0b784ac2a73bc015e8d264984a7e2d991e9d8f42b6cf52d643a3452f099ef198,content-production/corpus/raw-ocr/HFM-A000580_p253_raw.txt,OCR
JIAYI-PAGE-HFM-A000582-1,WORK-JIAYI,DOC-HFM-A000582,HFM-A000582,1,针灸甲乙经/论著/针灸甲乙经校注/《针灸甲乙经》河南科技出版社2017韩森宁张春生徐长卿点校.pdf,790fdb265c48ddc82a4f7a73b4325168e341eb2f8a8ffc26199008538c470562,content-production/corpus/raw-ocr/HFM-A000582_p001_raw.txt,OCR
JIAYI-PAGE-HFM-A000582-116,WORK-JIAYI,DOC-HFM-A000582,HFM-A000582,116,针灸甲乙经/论著/针灸甲乙经校注/《针灸甲乙经》河南科技出版社2017韩森宁张春生徐长卿点校.pdf,790fdb265c48ddc82a4f7a73b4325168e341eb2f8a8ffc26199008538c470562,content-production/corpus/raw-ocr/HFM-A000582_p116_raw.txt,OCR
JIAYI-PAGE-HFM-A000582-232,WORK-JIAYI,DOC-HFM-A000582,HFM-A000582,232,针灸甲乙经/论著/针灸甲乙经校注/《针灸甲乙经》河南科技出版社2017韩森宁张春生徐长卿点校.pdf,790fdb265c48ddc82a4f7a73b4325168e341eb2f8a8ffc26199008538c470562,content-production/corpus/raw-ocr/HFM-A000582_p232_raw.txt,OCR
JIAYI-PAGE-HFM-A000583-1,WORK-JIAYI,DOC-HFM-A000583,HFM-A000583,1,针灸甲乙经/论著/针灸甲乙经校注/《针灸甲乙经》福建科学技术出版社2012张玉萍.pdf,e82d3c877faabf1f201327e92d0cd877a09910f9c3e499b3e6cbe35c68e67024,content-production/corpus/raw-ocr/HFM-A000583_p001_raw.txt,OCR
JIAYI-PAGE-HFM-A000583-123,WORK-JIAYI,DOC-HFM-A000583,HFM-A000583,123,针灸甲乙经/论著/针灸甲乙经校注/《针灸甲乙经》福建科学技术出版社2012张玉萍.pdf,e82d3c877faabf1f201327e92d0cd877a09910f9c3e499b3e6cbe35c68e67024,content-production/corpus/raw-ocr/HFM-A000583_p123_raw.txt,OCR
JIAYI-PAGE-HFM-A000583-246,WORK-JIAYI,DOC-HFM-A000583,HFM-A000583,246,针灸甲乙经/论著/针灸甲乙经校注/《针灸甲乙经》福建科学技术出版社2012张玉萍.pdf,e82d3c877faabf1f201327e92d0cd877a09910f9c3e499b3e6cbe35c68e67024,content-production/corpus/raw-ocr/HFM-A000583_p246_raw.txt,OCR
JIAYI-PAGE-HFM-A000584-1,WORK-JIAYI,DOC-HFM-A000584,HFM-A000584,1,针灸甲乙经/论著/针灸甲乙经校注/《针灸甲乙经》科学技术出版社张全明校注2010.pdf,c417fa24c86f81497c363b8f484d21f4a41c384d8af42bd587154a57a9492c7b,content-production/corpus/raw-ocr/HFM-A000584_p001_raw.txt,OCR
JIAYI-PAGE-HFM-A000584-256,WORK-JIAYI,DOC-HFM-A000584,HFM-A000584,256,针灸甲乙经/论著/针灸甲乙经校注/《针灸甲乙经》科学技术出版社张全明校注2010.pdf,c417fa24c86f81497c363b8f484d21f4a41c384d8af42bd587154a57a9492c7b,content-production/corpus/raw-ocr/HFM-A000584_p256_raw.txt,OCR
JIAYI-PAGE-HFM-A000584-512,WORK-JIAYI,DOC-HFM-A000584,HFM-A000584,512,针灸甲乙经/论著/针灸甲乙经校注/《针灸甲乙经》科学技术出版社张全明校注2010.pdf,c417fa24c86f81497c363b8f484d21f4a41c384d8af42bd587154a57a9492c7b,content-production/corpus/raw-ocr/HFM-A000584_p512_raw.txt,OCR
JIAYI-PAGE-HFM-A000585-1,WORK-JIAYI,DOC-HFM-A000585,HFM-A000585,1,针灸甲乙经/论著/针灸甲乙经校注/《针灸甲乙经》第二军医大学出版社2008王勤俭校注.pdf,ae51618048ec7f5b9a604fc816b406f0a7daf9d4d552d5dbccffc48f8a92efb3,content-production/corpus/raw-ocr/HFM-A000585_p001_raw.txt,OCR
JIAYI-PAGE-HFM-A000585-221,WORK-JIAYI,DOC-HFM-A000585,HFM-A000585,221,针灸甲乙经/论著/针灸甲乙经校注/《针灸甲乙经》第二军医大学出版社2008王勤俭校注.pdf,ae51618048ec7f5b9a604fc816b406f0a7daf9d4d552d5dbccffc48f8a92efb3,content-production/corpus/raw-ocr/HFM-A000585_p221_raw.txt,OCR
JIAYI-PAGE-HFM-A000585-442,WORK-JIAYI,DOC-HFM-A000585,HFM-A000585,442,针灸甲乙经/论著/针灸甲乙经校注/《针灸甲乙经》第二军医大学出版社2008王勤俭校注.pdf,ae51618048ec7f5b9a604fc816b406f0a7daf9d4d552d5dbccffc48f8a92efb3,content-production/corpus/raw-ocr/HFM-A000585_p442_raw.txt,OCR
JIAYI-PAGE-HFM-A000586-1,WORK-JIAYI,DOC-HFM-A000586,HFM-A000586,1,针灸甲乙经/论著/针灸甲乙经校注/《针灸甲乙经》西安交通大学出版2018吴思渊.pdf,c373b59c8dafbc93ab8382ad9ac2c7cbaa3f4589f9e2d06532799b35edca3122,content-production/corpus/raw-ocr/HFM-A000586_p001_raw.txt,OCR
JIAYI-PAGE-HFM-A000586-223,WORK-JIAYI,DOC-HFM-A000586,HFM-A000586,223,针灸甲乙经/论著/针灸甲乙经校注/《针灸甲乙经》西安交通大学出版2018吴思渊.pdf,c373b59c8dafbc93ab8382ad9ac2c7cbaa3f4589f9e2d06532799b35edca3122,content-production/corpus/raw-ocr/HFM-A000586_p223_raw.txt,OCR
JIAYI-PAGE-HFM-A000586-447,WORK-JIAYI,DOC-HFM-A000586,HFM-A000586,447,针灸甲乙经/论著/针灸甲乙经校注/《针灸甲乙经》西安交通大学出版2018吴思渊.pdf,c373b59c8dafbc93ab8382ad9ac2c7cbaa3f4589f9e2d06532799b35edca3122,content-production/corpus/raw-ocr/HFM-A000586_p447_raw.txt,OCR
JIAYI-PAGE-HFM-A000588-1,WORK-JIAYI,DOC-HFM-A000588,HFM-A000588,1,针灸甲乙经/论著/针灸甲乙经校注/《针灸甲乙经》鲁兆麟校1994.pdf,b4261540b86b1cd741d1d440d68f66527ebef219ba880f611399397dad9cdadc,content-production/corpus/raw-ocr/HFM-A000588_p001_raw.txt,OCR
JIAYI-PAGE-HFM-A000588-60,WORK-JIAYI,DOC-HFM-A000588,HFM-A000588,60,针灸甲乙经/论著/针灸甲乙经校注/《针灸甲乙经》鲁兆麟校1994.pdf,b4261540b86b1cd741d1d440d68f66527ebef219ba880f611399397dad9cdadc,content-production/corpus/raw-ocr/HFM-A000588_p060_raw.txt,OCR
JIAYI-PAGE-HFM-A000588-111,WORK-JIAYI,DOC-HFM-A000588,HFM-A000588,111,针灸甲乙经/论著/针灸甲乙经校注/《针灸甲乙经》鲁兆麟校1994.pdf,b4261540b86b1cd741d1d440d68f66527ebef219ba880f611399397dad9cdadc,content-production/corpus/extracted-text/HFM-A000588_raw.txt,TEXT
JIAYI-PAGE-HFM-A000588-112,WORK-JIAYI,DOC-HFM-A000588,HFM-A000588,112,针灸甲乙经/论著/针灸甲乙经校注/《针灸甲乙经》鲁兆麟校1994.pdf,b4261540b86b1cd741d1d440d68f66527ebef219ba880f611399397dad9cdadc,content-production/corpus/extracted-text/HFM-A000588_raw.txt,TEXT
JIAYI-PAGE-HFM-A000588-113,WORK-JIAYI,DOC-HFM-A000588,HFM-A000588,113,针灸甲乙经/论著/针灸甲乙经校注/《针灸甲乙经》鲁兆麟校1994.pdf,b4261540b86b1cd741d1d440d68f66527ebef219ba880f611399397dad9cdadc,content-production/corpus/extracted-text/HFM-A000588_raw.txt,TEXT
JIAYI-PAGE-HFM-A000588-114,WORK-JIAYI,DOC-HFM-A000588,HFM-A000588,114,针灸甲乙经/论著/针灸甲乙经校注/《针灸甲乙经》鲁兆麟校1994.pdf,b4261540b86b1cd741d1d440d68f66527ebef219ba880f611399397dad9cdadc,content-production/corpus/extracted-text/HFM-A000588_raw.txt,TEXT
JIAYI-PAGE-HFM-A000589-1,WORK-JIAYI,DOC-HFM-A000589,HFM-A000589,1,针灸甲乙经/论著/针灸甲乙经校注/《针灸甲乙经语译及腧穴临证实录》中国古籍出版社2018潘文.pdf,0155c74442460f93c0422a93c26b253ed41087474568b188d400eda5bbe66f79,content-production/corpus/raw-ocr/HFM-A000589_p001_raw.txt,OCR
JIAYI-PAGE-HFM-A000589-305,WORK-JIAYI,DOC-HFM-A000589,HFM-A000589,305,针灸甲乙经/论著/针灸甲乙经校注/《针灸甲乙经语译及腧穴临证实录》中国古籍出版社2018潘文.pdf,0155c74442460f93c0422a93c26b253ed41087474568b188d400eda5bbe66f79,content-production/corpus/raw-ocr/HFM-A000589_p305_raw.txt,OCR
JIAYI-PAGE-HFM-A000589-610,WORK-JIAYI,DOC-HFM-A000589,HFM-A000589,610,针灸甲乙经/论著/针灸甲乙经校注/《针灸甲乙经语译及腧穴临证实录》中国古籍出版社2018潘文.pdf,0155c74442460f93c0422a93c26b253ed41087474568b188d400eda5bbe66f79,content-production/corpus/raw-ocr/HFM-A000589_p610_raw.txt,OCR
JIAYI-PAGE-HFM-A000590-1,WORK-JIAYI,DOC-HFM-A000590,HFM-A000590,1,针灸甲乙经/论著/针灸甲乙经校注/《针灸甲乙经（一）》广州出版社陈国勇2003（/《针灸甲乙经（一）》广州出版社陈国勇2003.pdf,597d54e6f92698842122fa4a7abbfefbf375b7ea0b88bd319c52385672d9450c,content-production/corpus/raw-ocr/HFM-A000590_p001_raw.txt,OCR
JIAYI-PAGE-HFM-A000590-56,WORK-JIAYI,DOC-HFM-A000590,HFM-A000590,56,针灸甲乙经/论著/针灸甲乙经校注/《针灸甲乙经（一）》广州出版社陈国勇2003（/《针灸甲乙经（一）》广州出版社陈国勇2003.pdf,597d54e6f92698842122fa4a7abbfefbf375b7ea0b88bd319c52385672d9450c,content-production/corpus/raw-ocr/HFM-A000590_p056_raw.txt,OCR
JIAYI-PAGE-HFM-A000590-113,WORK-JIAYI,DOC-HFM-A000590,HFM-A000590,113,针灸甲乙经/论著/针灸甲乙经校注/《针灸甲乙经（一）》广州出版社陈国勇2003（/《针灸甲乙经（一）》广州出版社陈国勇2003.pdf,597d54e6f92698842122fa4a7abbfefbf375b7ea0b88bd319c52385672d9450c,content-production/corpus/raw-ocr/HFM-A000590_p113_raw.txt,OCR
JIAYI-PAGE-HFM-A000591-1,WORK-JIAYI,DOC-HFM-A000591,HFM-A000591,1,针灸甲乙经/论著/针灸甲乙经校注/《针灸甲乙经（一）》广州出版社陈国勇2003（/《针灸甲乙经（一）》广州出版社陈国勇2003（2）.pdf,ebfecbcd36e08b0c5ba8c5417ff814e50a2a094e3c5e5c3703aacaa64a695b57,content-production/corpus/raw-ocr/HFM-A000591_p001_raw.txt,OCR
JIAYI-PAGE-HFM-A000591-56,WORK-JIAYI,DOC-HFM-A000591,HFM-A000591,56,针灸甲乙经/论著/针灸甲乙经校注/《针灸甲乙经（一）》广州出版社陈国勇2003（/《针灸甲乙经（一）》广州出版社陈国勇2003（2）.pdf,ebfecbcd36e08b0c5ba8c5417ff814e50a2a094e3c5e5c3703aacaa64a695b57,content-production/corpus/raw-ocr/HFM-A000591_p056_raw.txt,OCR
JIAYI-PAGE-HFM-A000591-113,WORK-JIAYI,DOC-HFM-A000591,HFM-A000591,113,针灸甲乙经/论著/针灸甲乙经校注/《针灸甲乙经（一）》广州出版社陈国勇2003（/《针灸甲乙经（一）》广州出版社陈国勇2003（2）.pdf,ebfecbcd36e08b0c5ba8c5417ff814e50a2a094e3c5e5c3703aacaa64a695b57,content-production/corpus/raw-ocr/HFM-A000591_p113_raw.txt,OCR
JIAYI-PAGE-HFM-A000592-1,WORK-JIAYI,DOC-HFM-A000592,HFM-A000592,1,针灸甲乙经/论著/针灸甲乙经校注/《针灸甲乙经（一）》广州出版社陈国勇2003（/《针灸甲乙经（三）》广州出版社陈国勇2003.pdf,f3e95a2d3df930f7196c9c70bded9ce9592773351ebcc94f704eebe46975235f,content-production/corpus/raw-ocr/HFM-A000592_p001_raw.txt,OCR
JIAYI-PAGE-HFM-A000592-57,WORK-JIAYI,DOC-HFM-A000592,HFM-A000592,57,针灸甲乙经/论著/针灸甲乙经校注/《针灸甲乙经（一）》广州出版社陈国勇2003（/《针灸甲乙经（三）》广州出版社陈国勇2003.pdf,f3e95a2d3df930f7196c9c70bded9ce9592773351ebcc94f704eebe46975235f,content-production/corpus/raw-ocr/HFM-A000592_p057_raw.txt,OCR
JIAYI-PAGE-HFM-A000592-115,WORK-JIAYI,DOC-HFM-A000592,HFM-A000592,115,针灸甲乙经/论著/针灸甲乙经校注/《针灸甲乙经（一）》广州出版社陈国勇2003（/《针灸甲乙经（三）》广州出版社陈国勇2003.pdf,f3e95a2d3df930f7196c9c70bded9ce9592773351ebcc94f704eebe46975235f,content-production/corpus/raw-ocr/HFM-A000592_p115_raw.txt,OCR
JIAYI-PAGE-HFM-A000593-1,WORK-JIAYI,DOC-HFM-A000593,HFM-A000593,1,针灸甲乙经/论著/针灸甲乙经校注/《针灸甲乙经（一）》广州出版社陈国勇2003（/《针灸甲乙经（三）》广州出版社陈国勇2003（2）.pdf,a1d434310e651f8c2772402a478b093d4bcd61c137d73bb71f0b8e95e4285f6f,content-production/corpus/raw-ocr/HFM-A000593_p001_raw.txt,OCR
JIAYI-PAGE-HFM-A000593-57,WORK-JIAYI,DOC-HFM-A000593,HFM-A000593,57,针灸甲乙经/论著/针灸甲乙经校注/《针灸甲乙经（一）》广州出版社陈国勇2003（/《针灸甲乙经（三）》广州出版社陈国勇2003（2）.pdf,a1d434310e651f8c2772402a478b093d4bcd61c137d73bb71f0b8e95e4285f6f,content-production/corpus/raw-ocr/HFM-A000593_p057_raw.txt,OCR
JIAYI-PAGE-HFM-A000593-115,WORK-JIAYI,DOC-HFM-A000593,HFM-A000593,115,针灸甲乙经/论著/针灸甲乙经校注/《针灸甲乙经（一）》广州出版社陈国勇2003（/《针灸甲乙经（三）》广州出版社陈国勇2003（2）.pdf,a1d434310e651f8c2772402a478b093d4bcd61c137d73bb71f0b8e95e4285f6f,content-production/corpus/raw-ocr/HFM-A000593_p115_raw.txt,OCR
JIAYI-PAGE-HFM-A000595-1,WORK-JIAYI,DOC-HFM-A000595,HFM-A000595,1,针灸甲乙经/论著/针灸甲乙经校注/《针灸甲乙经（一）》广州出版社陈国勇2003（/《针灸甲乙经（二）》广州出版社陈国勇2003（2）.pdf,08d3791518f76180dc66cd64921778ecfd70d5b1713b8c7d982e5fda954f336e,content-production/corpus/raw-ocr/HFM-A000595_p001_raw.txt,OCR
JIAYI-PAGE-HFM-A000595-57,WORK-JIAYI,DOC-HFM-A000595,HFM-A000595,57,针灸甲乙经/论著/针灸甲乙经校注/《针灸甲乙经（一）》广州出版社陈国勇2003（/《针灸甲乙经（二）》广州出版社陈国勇2003（2）.pdf,08d3791518f76180dc66cd64921778ecfd70d5b1713b8c7d982e5fda954f336e,content-production/corpus/raw-ocr/HFM-A000595_p057_raw.txt,OCR
JIAYI-PAGE-HFM-A000595-114,WORK-JIAYI,DOC-HFM-A000595,HFM-A000595,114,针灸甲乙经/论著/针灸甲乙经校注/《针灸甲乙经（一）》广州出版社陈国勇2003（/《针灸甲乙经（二）》广州出版社陈国勇2003（2）.pdf,08d3791518f76180dc66cd64921778ecfd70d5b1713b8c7d982e5fda954f336e,content-production/corpus/raw-ocr/HFM-A000595_p114_raw.txt,OCR
JIAYI-PAGE-HFM-A000596-1,WORK-JIAYI,DOC-HFM-A000596,HFM-A000596,1,针灸甲乙经/论著/针灸甲乙经校注/中华书局/《针灸甲乙经》中华书局1991.pdf,6ae7c8c9f6054ea0abc4dd1229b984160db2a81e56b59919942923390567d370,content-production/corpus/raw-ocr/HFM-A000596_p001_raw.txt,OCR
JIAYI-PAGE-HFM-A000596-131,WORK-JIAYI,DOC-HFM-A000596,HFM-A000596,131,针灸甲乙经/论著/针灸甲乙经校注/中华书局/《针灸甲乙经》中华书局1991.pdf,6ae7c8c9f6054ea0abc4dd1229b984160db2a81e56b59919942923390567d370,content-production/corpus/raw-ocr/HFM-A000596_p131_raw.txt,OCR
JIAYI-PAGE-HFM-A000596-263,WORK-JIAYI,DOC-HFM-A000596,HFM-A000596,263,针灸甲乙经/论著/针灸甲乙经校注/中华书局/《针灸甲乙经》中华书局1991.pdf,6ae7c8c9f6054ea0abc4dd1229b984160db2a81e56b59919942923390567d370,content-production/corpus/raw-ocr/HFM-A000596_p263_raw.txt,OCR
JIAYI-PAGE-HFM-A000597-1,WORK-JIAYI,DOC-HFM-A000597,HFM-A000597,1,针灸甲乙经/论著/针灸甲乙经校注/中华书局/《针灸甲乙经》中华书局1991（2）.pdf,6632fb8d10f01216f0c7d02d89d7fc785dea322b307a1f7d692b4362c0d3a798,content-production/corpus/raw-ocr/HFM-A000597_p001_raw.txt,OCR
JIAYI-PAGE-HFM-A000597-71,WORK-JIAYI,DOC-HFM-A000597,HFM-A000597,71,针灸甲乙经/论著/针灸甲乙经校注/中华书局/《针灸甲乙经》中华书局1991（2）.pdf,6632fb8d10f01216f0c7d02d89d7fc785dea322b307a1f7d692b4362c0d3a798,content-production/corpus/raw-ocr/HFM-A000597_p071_raw.txt,OCR
JIAYI-PAGE-HFM-A000597-143,WORK-JIAYI,DOC-HFM-A000597,HFM-A000597,143,针灸甲乙经/论著/针灸甲乙经校注/中华书局/《针灸甲乙经》中华书局1991（2）.pdf,6632fb8d10f01216f0c7d02d89d7fc785dea322b307a1f7d692b4362c0d3a798,content-production/corpus/raw-ocr/HFM-A000597_p143_raw.txt,OCR
JIAYI-PAGE-HFM-A000598-1,WORK-JIAYI,DOC-HFM-A000598,HFM-A000598,1,针灸甲乙经/论著/针灸甲乙经校注/中国中医药出版社/《针灸甲乙经》中国中医药科技出版2018.pdf,33ad7a24ac753bf651679ebeedca82c0c2e33e0d7eab31329e8c6311584572d7,content-production/corpus/raw-ocr/HFM-A000598_p001_raw.txt,OCR
JIAYI-PAGE-HFM-A000598-144,WORK-JIAYI,DOC-HFM-A000598,HFM-A000598,144,针灸甲乙经/论著/针灸甲乙经校注/中国中医药出版社/《针灸甲乙经》中国中医药科技出版2018.pdf,33ad7a24ac753bf651679ebeedca82c0c2e33e0d7eab31329e8c6311584572d7,content-production/corpus/raw-ocr/HFM-A000598_p144_raw.txt,OCR
JIAYI-PAGE-HFM-A000598-288,WORK-JIAYI,DOC-HFM-A000598,HFM-A000598,288,针灸甲乙经/论著/针灸甲乙经校注/中国中医药出版社/《针灸甲乙经》中国中医药科技出版2018.pdf,33ad7a24ac753bf651679ebeedca82c0c2e33e0d7eab31329e8c6311584572d7,content-production/corpus/raw-ocr/HFM-A000598_p288_raw.txt,OCR
JIAYI-PAGE-HFM-A000599-1,WORK-JIAYI,DOC-HFM-A000599,HFM-A000599,1,针灸甲乙经/论著/针灸甲乙经校注/中国中医药出版社/《针灸甲乙经》中国医药科技出版2019 周琦校注.pdf,f2774be3385f5123b792ae6299bd819a3436ef1878a9df747729889f91004fa6,content-production/corpus/raw-ocr/HFM-A000599_p001_raw.txt,OCR
JIAYI-PAGE-HFM-A000599-203,WORK-JIAYI,DOC-HFM-A000599,HFM-A000599,203,针灸甲乙经/论著/针灸甲乙经校注/中国中医药出版社/《针灸甲乙经》中国医药科技出版2019 周琦校注.pdf,f2774be3385f5123b792ae6299bd819a3436ef1878a9df747729889f91004fa6,content-production/corpus/raw-ocr/HFM-A000599_p203_raw.txt,OCR
JIAYI-PAGE-HFM-A000599-406,WORK-JIAYI,DOC-HFM-A000599,HFM-A000599,406,针灸甲乙经/论著/针灸甲乙经校注/中国中医药出版社/《针灸甲乙经》中国医药科技出版2019 周琦校注.pdf,f2774be3385f5123b792ae6299bd819a3436ef1878a9df747729889f91004fa6,content-production/corpus/raw-ocr/HFM-A000599_p406_raw.txt,OCR
JIAYI-PAGE-HFM-A000601-1,WORK-JIAYI,DOC-HFM-A000601,HFM-A000601,1,针灸甲乙经/论著/针灸甲乙经校注/中国中医药出版社/《针灸甲乙经选读》中国中医药出版社何天有雒成林2010.pdf,a9e55348cf850a700fbcc0af1ad773453706417e50c789b6356c5d744c96822e,content-production/corpus/raw-ocr/HFM-A000601_p001_raw.txt,OCR
JIAYI-PAGE-HFM-A000601-194,WORK-JIAYI,DOC-HFM-A000601,HFM-A000601,194,针灸甲乙经/论著/针灸甲乙经校注/中国中医药出版社/《针灸甲乙经选读》中国中医药出版社何天有雒成林2010.pdf,a9e55348cf850a700fbcc0af1ad773453706417e50c789b6356c5d744c96822e,content-production/corpus/raw-ocr/HFM-A000601_p194_raw.txt,OCR
JIAYI-PAGE-HFM-A000601-389,WORK-JIAYI,DOC-HFM-A000601,HFM-A000601,389,针灸甲乙经/论著/针灸甲乙经校注/中国中医药出版社/《针灸甲乙经选读》中国中医药出版社何天有雒成林2010.pdf,a9e55348cf850a700fbcc0af1ad773453706417e50c789b6356c5d744c96822e,content-production/corpus/raw-ocr/HFM-A000601_p389_raw.txt,OCR
JIAYI-PAGE-HFM-A000602-1,WORK-JIAYI,DOC-HFM-A000602,HFM-A000602,1,针灸甲乙经/论著/针灸甲乙经校注/人民卫生出版社/《针灸甲乙经》人卫出版社1956.pdf,b6025816786d584776f0140730d0eee1e1f53a1bfdee5ea98f6ab4cc4659d627,content-production/corpus/raw-ocr/HFM-A000602_p001_raw.txt,OCR
JIAYI-PAGE-HFM-A000602-79,WORK-JIAYI,DOC-HFM-A000602,HFM-A000602,79,针灸甲乙经/论著/针灸甲乙经校注/人民卫生出版社/《针灸甲乙经》人卫出版社1956.pdf,b6025816786d584776f0140730d0eee1e1f53a1bfdee5ea98f6ab4cc4659d627,content-production/corpus/raw-ocr/HFM-A000602_p079_raw.txt,OCR
JIAYI-PAGE-HFM-A000602-159,WORK-JIAYI,DOC-HFM-A000602,HFM-A000602,159,针灸甲乙经/论著/针灸甲乙经校注/人民卫生出版社/《针灸甲乙经》人卫出版社1956.pdf,b6025816786d584776f0140730d0eee1e1f53a1bfdee5ea98f6ab4cc4659d627,content-production/corpus/raw-ocr/HFM-A000602_p159_raw.txt,OCR
JIAYI-PAGE-HFM-A000603-1,WORK-JIAYI,DOC-HFM-A000603,HFM-A000603,1,针灸甲乙经/论著/针灸甲乙经校注/人民卫生出版社/《针灸甲乙经》人卫出版社1962.pdf,8a1f7261f8b4c2ec71874ac069f4014f7a750844510c77665363203f1377deb7,content-production/corpus/raw-ocr/HFM-A000603_p001_raw.txt,OCR
JIAYI-PAGE-HFM-A000603-144,WORK-JIAYI,DOC-HFM-A000603,HFM-A000603,144,针灸甲乙经/论著/针灸甲乙经校注/人民卫生出版社/《针灸甲乙经》人卫出版社1962.pdf,8a1f7261f8b4c2ec71874ac069f4014f7a750844510c77665363203f1377deb7,content-production/corpus/raw-ocr/HFM-A000603_p144_raw.txt,OCR
JIAYI-PAGE-HFM-A000603-289,WORK-JIAYI,DOC-HFM-A000603,HFM-A000603,289,针灸甲乙经/论著/针灸甲乙经校注/人民卫生出版社/《针灸甲乙经》人卫出版社1962.pdf,8a1f7261f8b4c2ec71874ac069f4014f7a750844510c77665363203f1377deb7,content-production/corpus/raw-ocr/HFM-A000603_p289_raw.txt,OCR
JIAYI-PAGE-HFM-A000604-1,WORK-JIAYI,DOC-HFM-A000604,HFM-A000604,1,针灸甲乙经/论著/针灸甲乙经校注/人民卫生出版社/《针灸甲乙经》人卫出版社2006黄龙祥整理.pdf,1812a90206266898b560ed294c6deda3c182e30cee4b718bbc4fcae6e7b558e0,content-production/corpus/raw-ocr/HFM-A000604_p001_raw.txt,OCR
JIAYI-PAGE-HFM-A000604-176,WORK-JIAYI,DOC-HFM-A000604,HFM-A000604,176,针灸甲乙经/论著/针灸甲乙经校注/人民卫生出版社/《针灸甲乙经》人卫出版社2006黄龙祥整理.pdf,1812a90206266898b560ed294c6deda3c182e30cee4b718bbc4fcae6e7b558e0,content-production/corpus/raw-ocr/HFM-A000604_p176_raw.txt,OCR
JIAYI-PAGE-HFM-A000604-352,WORK-JIAYI,DOC-HFM-A000604,HFM-A000604,352,针灸甲乙经/论著/针灸甲乙经校注/人民卫生出版社/《针灸甲乙经》人卫出版社2006黄龙祥整理.pdf,1812a90206266898b560ed294c6deda3c182e30cee4b718bbc4fcae6e7b558e0,content-production/corpus/raw-ocr/HFM-A000604_p352_raw.txt,OCR
JIAYI-PAGE-HFM-A000605-1,WORK-JIAYI,DOC-HFM-A000605,HFM-A000605,1,针灸甲乙经/论著/针灸甲乙经校注/人民卫生出版社/《针灸甲乙经》人民卫生出版2017社黄龙祥整理.pdf,c68a2a21b54dd0d512ed52a64e83b22918bb00fc78799065791c77fa7c145bc3,content-production/corpus/raw-ocr/HFM-A000605_p001_raw.txt,OCR
JIAYI-PAGE-HFM-A000605-200,WORK-JIAYI,DOC-HFM-A000605,HFM-A000605,200,针灸甲乙经/论著/针灸甲乙经校注/人民卫生出版社/《针灸甲乙经》人民卫生出版2017社黄龙祥整理.pdf,c68a2a21b54dd0d512ed52a64e83b22918bb00fc78799065791c77fa7c145bc3,content-production/corpus/raw-ocr/HFM-A000605_p200_raw.txt,OCR
JIAYI-PAGE-HFM-A000605-401,WORK-JIAYI,DOC-HFM-A000605,HFM-A000605,401,针灸甲乙经/论著/针灸甲乙经校注/人民卫生出版社/《针灸甲乙经》人民卫生出版2017社黄龙祥整理.pdf,c68a2a21b54dd0d512ed52a64e83b22918bb00fc78799065791c77fa7c145bc3,content-production/corpus/raw-ocr/HFM-A000605_p401_raw.txt,OCR
JIAYI-PAGE-HFM-A000606-1,WORK-JIAYI,DOC-HFM-A000606,HFM-A000606,1,针灸甲乙经/论著/针灸甲乙经校注/山东中医学院/《针灸甲乙经校释》山东中医学院1979上册+下册 (2).pdf,887bea69b6a0565570485e6351806cb0af4149dca2b274939ff43d34626951e9,content-production/corpus/raw-ocr/HFM-A000606_p001_raw.txt,OCR
JIAYI-PAGE-HFM-A000606-765,WORK-JIAYI,DOC-HFM-A000606,HFM-A000606,765,针灸甲乙经/论著/针灸甲乙经校注/山东中医学院/《针灸甲乙经校释》山东中医学院1979上册+下册 (2).pdf,887bea69b6a0565570485e6351806cb0af4149dca2b274939ff43d34626951e9,content-production/corpus/raw-ocr/HFM-A000606_p765_raw.txt,OCR
JIAYI-PAGE-HFM-A000606-1531,WORK-JIAYI,DOC-HFM-A000606,HFM-A000606,1531,针灸甲乙经/论著/针灸甲乙经校注/山东中医学院/《针灸甲乙经校释》山东中医学院1979上册+下册 (2).pdf,887bea69b6a0565570485e6351806cb0af4149dca2b274939ff43d34626951e9,content-production/corpus/raw-ocr/HFM-A000606_p1531_raw.txt,OCR
JIAYI-PAGE-HFM-A000608-1,WORK-JIAYI,DOC-HFM-A000608,HFM-A000608,1,针灸甲乙经/论著/针灸甲乙经校注/山东中医学院/《针灸甲乙经校释》山东中医学院1979上册+下册.pdf,96394fd12e8c24ee6dabc466c97b7d52a33694fcc2f7317e92529d6b8e25e423,content-production/corpus/raw-ocr/HFM-A000608_p001_raw.txt,OCR
JIAYI-PAGE-HFM-A000608-765,WORK-JIAYI,DOC-HFM-A000608,HFM-A000608,765,针灸甲乙经/论著/针灸甲乙经校注/山东中医学院/《针灸甲乙经校释》山东中医学院1979上册+下册.pdf,96394fd12e8c24ee6dabc466c97b7d52a33694fcc2f7317e92529d6b8e25e423,content-production/corpus/raw-ocr/HFM-A000608_p765_raw.txt,OCR
JIAYI-PAGE-HFM-A000608-1531,WORK-JIAYI,DOC-HFM-A000608,HFM-A000608,1531,针灸甲乙经/论著/针灸甲乙经校注/山东中医学院/《针灸甲乙经校释》山东中医学院1979上册+下册.pdf,96394fd12e8c24ee6dabc466c97b7d52a33694fcc2f7317e92529d6b8e25e423,content-production/corpus/raw-ocr/HFM-A000608_p1531_raw.txt,OCR
JIAYI-PAGE-HFM-A000609-1,WORK-JIAYI,DOC-HFM-A000609,HFM-A000609,1,针灸甲乙经/论著/针灸甲乙经校注/山东中医学院/《针灸甲乙经校释》山东中医学院1979上册.pdf,f964924fa9b70dda8415a22e312ad68d9b39e1ecccd2640caed156705bc4c25e,content-production/corpus/raw-ocr/HFM-A000609_p001_raw.txt,OCR
JIAYI-PAGE-HFM-A000609-382,WORK-JIAYI,DOC-HFM-A000609,HFM-A000609,382,针灸甲乙经/论著/针灸甲乙经校注/山东中医学院/《针灸甲乙经校释》山东中医学院1979上册.pdf,f964924fa9b70dda8415a22e312ad68d9b39e1ecccd2640caed156705bc4c25e,content-production/corpus/raw-ocr/HFM-A000609_p382_raw.txt,OCR
JIAYI-PAGE-HFM-A000609-765,WORK-JIAYI,DOC-HFM-A000609,HFM-A000609,765,针灸甲乙经/论著/针灸甲乙经校注/山东中医学院/《针灸甲乙经校释》山东中医学院1979上册.pdf,f964924fa9b70dda8415a22e312ad68d9b39e1ecccd2640caed156705bc4c25e,content-production/corpus/raw-ocr/HFM-A000609_p765_raw.txt,OCR
JIAYI-PAGE-HFM-A000610-1,WORK-JIAYI,DOC-HFM-A000610,HFM-A000610,1,针灸甲乙经/论著/针灸甲乙经校注/山东中医学院/《针灸甲乙经校释》山东中医学院1979上册（2）.pdf,f964924fa9b70dda8415a22e312ad68d9b39e1ecccd2640caed156705bc4c25e,content-production/corpus/raw-ocr/HFM-A000610_p001_raw.txt,OCR
JIAYI-PAGE-HFM-A000610-382,WORK-JIAYI,DOC-HFM-A000610,HFM-A000610,382,针灸甲乙经/论著/针灸甲乙经校注/山东中医学院/《针灸甲乙经校释》山东中医学院1979上册（2）.pdf,f964924fa9b70dda8415a22e312ad68d9b39e1ecccd2640caed156705bc4c25e,content-production/corpus/raw-ocr/HFM-A000610_p382_raw.txt,OCR
JIAYI-PAGE-HFM-A000610-765,WORK-JIAYI,DOC-HFM-A000610,HFM-A000610,765,针灸甲乙经/论著/针灸甲乙经校注/山东中医学院/《针灸甲乙经校释》山东中医学院1979上册（2）.pdf,f964924fa9b70dda8415a22e312ad68d9b39e1ecccd2640caed156705bc4c25e,content-production/corpus/raw-ocr/HFM-A000610_p765_raw.txt,OCR
JIAYI-PAGE-HFM-A000611-1,WORK-JIAYI,DOC-HFM-A000611,HFM-A000611,1,针灸甲乙经/论著/针灸甲乙经校注/山东中医学院/《针灸甲乙经校释》山东中医学院2009第2版上册.pdf,f641dc9ab8aef46f3174065437c50ccb7c9486f1acc24c63ec93521de90a83ad,content-production/corpus/raw-ocr/HFM-A000611_p001_raw.txt,OCR
JIAYI-PAGE-HFM-A000611-300,WORK-JIAYI,DOC-HFM-A000611,HFM-A000611,300,针灸甲乙经/论著/针灸甲乙经校注/山东中医学院/《针灸甲乙经校释》山东中医学院2009第2版上册.pdf,f641dc9ab8aef46f3174065437c50ccb7c9486f1acc24c63ec93521de90a83ad,content-production/corpus/raw-ocr/HFM-A000611_p300_raw.txt,OCR
JIAYI-PAGE-HFM-A000611-601,WORK-JIAYI,DOC-HFM-A000611,HFM-A000611,601,针灸甲乙经/论著/针灸甲乙经校注/山东中医学院/《针灸甲乙经校释》山东中医学院2009第2版上册.pdf,f641dc9ab8aef46f3174065437c50ccb7c9486f1acc24c63ec93521de90a83ad,content-production/corpus/raw-ocr/HFM-A000611_p601_raw.txt,OCR
JIAYI-PAGE-HFM-A000612-1,WORK-JIAYI,DOC-HFM-A000612,HFM-A000612,1,针灸甲乙经/论著/针灸甲乙经校注/山东中医学院/《针灸甲乙经校释》山东中医学院2009第2版下册.pdf,9def40c9389e37a852349ec10ff9b2092c3b234e1c3827aa68c6180c9ab5c168,content-production/corpus/raw-ocr/HFM-A000612_p001_raw.txt,OCR
JIAYI-PAGE-HFM-A000612-297,WORK-JIAYI,DOC-HFM-A000612,HFM-A000612,297,针灸甲乙经/论著/针灸甲乙经校注/山东中医学院/《针灸甲乙经校释》山东中医学院2009第2版下册.pdf,9def40c9389e37a852349ec10ff9b2092c3b234e1c3827aa68c6180c9ab5c168,content-production/corpus/raw-ocr/HFM-A000612_p297_raw.txt,OCR
JIAYI-PAGE-HFM-A000612-594,WORK-JIAYI,DOC-HFM-A000612,HFM-A000612,594,针灸甲乙经/论著/针灸甲乙经校注/山东中医学院/《针灸甲乙经校释》山东中医学院2009第2版下册.pdf,9def40c9389e37a852349ec10ff9b2092c3b234e1c3827aa68c6180c9ab5c168,content-production/corpus/raw-ocr/HFM-A000612_p594_raw.txt,OCR
JIAYI-PAGE-HFM-A000614-1,WORK-JIAYI,DOC-HFM-A000614,HFM-A000614,1,针灸甲乙经/论著/针灸甲乙经校注/张灿岬/《针灸甲乙经校注》（张灿玾、徐国千）1996（2）.pdf,a161868be00507519a8eb1c0d701cc551933b131409d9bb1ae8f82f68241225d,content-production/corpus/raw-ocr/HFM-A000614_p001_raw.txt,OCR
JIAYI-PAGE-HFM-A000614-558,WORK-JIAYI,DOC-HFM-A000614,HFM-A000614,558,针灸甲乙经/论著/针灸甲乙经校注/张灿岬/《针灸甲乙经校注》（张灿玾、徐国千）1996（2）.pdf,a161868be00507519a8eb1c0d701cc551933b131409d9bb1ae8f82f68241225d,content-production/corpus/raw-ocr/HFM-A000614_p558_raw.txt,OCR
JIAYI-PAGE-HFM-A000614-1116,WORK-JIAYI,DOC-HFM-A000614,HFM-A000614,1116,针灸甲乙经/论著/针灸甲乙经校注/张灿岬/《针灸甲乙经校注》（张灿玾、徐国千）1996（2）.pdf,a161868be00507519a8eb1c0d701cc551933b131409d9bb1ae8f82f68241225d,content-production/corpus/raw-ocr/HFM-A000614_p1116_raw.txt,OCR
JIAYI-PAGE-HFM-A000615-1,WORK-JIAYI,DOC-HFM-A000615,HFM-A000615,1,针灸甲乙经/论著/针灸甲乙经校注/张灿岬/《针灸甲乙经校注》（张灿玾、徐国千）1996（3）.pdf,9fea2a1368c8d3cfb2d066b9ebaaa6b64f30fde1cbc46fc39b87f0fbd2729974,content-production/corpus/raw-ocr/HFM-A000615_p001_raw.txt,OCR
JIAYI-PAGE-HFM-A000615-485,WORK-JIAYI,DOC-HFM-A000615,HFM-A000615,485,针灸甲乙经/论著/针灸甲乙经校注/张灿岬/《针灸甲乙经校注》（张灿玾、徐国千）1996（3）.pdf,9fea2a1368c8d3cfb2d066b9ebaaa6b64f30fde1cbc46fc39b87f0fbd2729974,content-production/corpus/raw-ocr/HFM-A000615_p485_raw.txt,OCR
JIAYI-PAGE-HFM-A000615-970,WORK-JIAYI,DOC-HFM-A000615,HFM-A000615,970,针灸甲乙经/论著/针灸甲乙经校注/张灿岬/《针灸甲乙经校注》（张灿玾、徐国千）1996（3）.pdf,9fea2a1368c8d3cfb2d066b9ebaaa6b64f30fde1cbc46fc39b87f0fbd2729974,content-production/corpus/raw-ocr/HFM-A000615_p970_raw.txt,OCR
JIAYI-PAGE-HFM-A000616-1,WORK-JIAYI,DOC-HFM-A000616,HFM-A000616,1,针灸甲乙经/论著/针灸甲乙经校注/张灿岬/《针灸甲乙经校注》（张灿玾、徐国千）1996（4）.pdf,0e243681b8db1ed495b5b9c41940d989eb9ecc91728749e6a3c17ffb7c26eaa2,content-production/corpus/raw-ocr/HFM-A000616_p001_raw.txt,OCR
JIAYI-PAGE-HFM-A000616-1019,WORK-JIAYI,DOC-HFM-A000616,HFM-A000616,1019,针灸甲乙经/论著/针灸甲乙经校注/张灿岬/《针灸甲乙经校注》（张灿玾、徐国千）1996（4）.pdf,0e243681b8db1ed495b5b9c41940d989eb9ecc91728749e6a3c17ffb7c26eaa2,content-production/corpus/raw-ocr/HFM-A000616_p1019_raw.txt,OCR
JIAYI-PAGE-HFM-A000616-2039,WORK-JIAYI,DOC-HFM-A000616,HFM-A000616,2039,针灸甲乙经/论著/针灸甲乙经校注/张灿岬/《针灸甲乙经校注》（张灿玾、徐国千）1996（4）.pdf,0e243681b8db1ed495b5b9c41940d989eb9ecc91728749e6a3c17ffb7c26eaa2,content-production/corpus/raw-ocr/HFM-A000616_p2039_raw.txt,OCR
JIAYI-PAGE-HFM-A000617-1,WORK-JIAYI,DOC-HFM-A000617,HFM-A000617,1,针灸甲乙经/论著/针灸甲乙经校注/张灿岬/《针灸甲乙经校注》（张灿玾、徐国千）2014(上册).pdf,0bb4b87b504f35c47381fd4f4d31b7f03da3eb3d496e4a99b2424944f91cde6b,content-production/corpus/raw-ocr/HFM-A000617_p001_raw.txt,OCR
JIAYI-PAGE-HFM-A000617-400,WORK-JIAYI,DOC-HFM-A000617,HFM-A000617,400,针灸甲乙经/论著/针灸甲乙经校注/张灿岬/《针灸甲乙经校注》（张灿玾、徐国千）2014(上册).pdf,0bb4b87b504f35c47381fd4f4d31b7f03da3eb3d496e4a99b2424944f91cde6b,content-production/corpus/raw-ocr/HFM-A000617_p400_raw.txt,OCR
JIAYI-PAGE-HFM-A000617-800,WORK-JIAYI,DOC-HFM-A000617,HFM-A000617,800,针灸甲乙经/论著/针灸甲乙经校注/张灿岬/《针灸甲乙经校注》（张灿玾、徐国千）2014(上册).pdf,0bb4b87b504f35c47381fd4f4d31b7f03da3eb3d496e4a99b2424944f91cde6b,content-production/corpus/raw-ocr/HFM-A000617_p800_raw.txt,OCR
JIAYI-PAGE-HFM-A000618-1,WORK-JIAYI,DOC-HFM-A000618,HFM-A000618,1,针灸甲乙经/论著/针灸甲乙经校注/张灿岬/《针灸甲乙经校注》（张灿玾、徐国千）2014(下册).pdf,9baad8960deebd9c9010354b5d91e72b2c476abf4bda607cf91515468b934902,content-production/corpus/raw-ocr/HFM-A000618_p001_raw.txt,OCR
JIAYI-PAGE-HFM-A000618-337,WORK-JIAYI,DOC-HFM-A000618,HFM-A000618,337,针灸甲乙经/论著/针灸甲乙经校注/张灿岬/《针灸甲乙经校注》（张灿玾、徐国千）2014(下册).pdf,9baad8960deebd9c9010354b5d91e72b2c476abf4bda607cf91515468b934902,content-production/corpus/raw-ocr/HFM-A000618_p337_raw.txt,OCR
JIAYI-PAGE-HFM-A000618-674,WORK-JIAYI,DOC-HFM-A000618,HFM-A000618,674,针灸甲乙经/论著/针灸甲乙经校注/张灿岬/《针灸甲乙经校注》（张灿玾、徐国千）2014(下册).pdf,9baad8960deebd9c9010354b5d91e72b2c476abf4bda607cf91515468b934902,content-production/corpus/raw-ocr/HFM-A000618_p674_raw.txt,OCR
JIAYI-PAGE-HFM-A000619-1,WORK-JIAYI,DOC-HFM-A000619,HFM-A000619,1,针灸甲乙经/论著/针灸甲乙经现代版/《针灸甲乙经》白话精解王竹星2010.pdf,bc8bed662b6ea8866a432a6655d9fbb1fb63de42c90853dbe6a374eec3c62230,content-production/corpus/raw-ocr/HFM-A000619_p001_raw.txt,OCR
JIAYI-PAGE-HFM-A000619-278,WORK-JIAYI,DOC-HFM-A000619,HFM-A000619,278,针灸甲乙经/论著/针灸甲乙经现代版/《针灸甲乙经》白话精解王竹星2010.pdf,bc8bed662b6ea8866a432a6655d9fbb1fb63de42c90853dbe6a374eec3c62230,content-production/corpus/raw-ocr/HFM-A000619_p278_raw.txt,OCR
JIAYI-PAGE-HFM-A000619-557,WORK-JIAYI,DOC-HFM-A000619,HFM-A000619,557,针灸甲乙经/论著/针灸甲乙经现代版/《针灸甲乙经》白话精解王竹星2010.pdf,bc8bed662b6ea8866a432a6655d9fbb1fb63de42c90853dbe6a374eec3c62230,content-production/corpus/raw-ocr/HFM-A000619_p557_raw.txt,OCR
JIAYI-PAGE-HFM-A000620-1,WORK-JIAYI,DOC-HFM-A000620,HFM-A000620,1,针灸甲乙经/论著/针灸甲乙经现代版/《针灸甲乙经一学就通》林政宏2007.pdf,e25174c9a6b533788955293e6eaad60f1aad97e9d35e435f0100b315f1877c2c,content-production/corpus/raw-ocr/HFM-A000620_p001_raw.txt,OCR
JIAYI-PAGE-HFM-A000620-104,WORK-JIAYI,DOC-HFM-A000620,HFM-A000620,104,针灸甲乙经/论著/针灸甲乙经现代版/《针灸甲乙经一学就通》林政宏2007.pdf,e25174c9a6b533788955293e6eaad60f1aad97e9d35e435f0100b315f1877c2c,content-production/corpus/raw-ocr/HFM-A000620_p104_raw.txt,OCR
JIAYI-PAGE-HFM-A000620-209,WORK-JIAYI,DOC-HFM-A000620,HFM-A000620,209,针灸甲乙经/论著/针灸甲乙经现代版/《针灸甲乙经一学就通》林政宏2007.pdf,e25174c9a6b533788955293e6eaad60f1aad97e9d35e435f0100b315f1877c2c,content-production/corpus/raw-ocr/HFM-A000620_p209_raw.txt,OCR
JIAYI-PAGE-HFM-A000621-1,WORK-JIAYI,DOC-HFM-A000621,HFM-A000621,1,针灸甲乙经/论著/高士传/《高士传》中华书局1985.pdf,cb97b82aa38e7914296adfd0ecbfe7f1dff9fab9bc53032841325452fafdecaf,content-production/corpus/raw-ocr/HFM-A000621_p001_raw.txt,OCR
JIAYI-PAGE-HFM-A000621-64,WORK-JIAYI,DOC-HFM-A000621,HFM-A000621,64,针灸甲乙经/论著/高士传/《高士传》中华书局1985.pdf,cb97b82aa38e7914296adfd0ecbfe7f1dff9fab9bc53032841325452fafdecaf,content-production/corpus/raw-ocr/HFM-A000621_p064_raw.txt,OCR
JIAYI-PAGE-HFM-A000621-128,WORK-JIAYI,DOC-HFM-A000621,HFM-A000621,128,针灸甲乙经/论著/高士传/《高士传》中华书局1985.pdf,cb97b82aa38e7914296adfd0ecbfe7f1dff9fab9bc53032841325452fafdecaf,content-production/corpus/raw-ocr/HFM-A000621_p128_raw.txt,OCR
